plan_year,plan_id,insurer,plan_name,variant,metal,plan_type,network_name,network_id,deductible_individual,oop_max_individual,oop_max_family_per_person,med_deductible_individual_if_separate,med_oop_max_individual_if_separate,dfw_counties,sbc_url,brochure_url,network_url,referral_required,source,deductible_for_calc
2026,20069TX0100005-01,Oscar Insurance Company,Bronze Elite + PCP Saver Plus,standard,Expanded Bronze,EPO,Individual Texas EPO,TXN001,,"$10,150",$10150 per person,$0,,Collin; Dallas; Denton; Ellis; Parker; Rockwall; Tarrant; Wise,https://d3ul0st9g52g6o.cloudfront.net/2026/TX/sbc/2026_20069TX010000501.pdf,https://www.hioscar.com/asset/plan-brochure-texas-2026,https://www.hioscar.com/search/?networkId=064&year=2026,No,"CMS Marketplace PUF 2026 (Plan Attributes, Network, Service Area)",$0
2026,20069TX0100006-01,Oscar Insurance Company,Silver Classic,standard,Silver,EPO,Individual Texas EPO,TXN001,"$5,500","$8,900",$8900 per person,,,Collin; Dallas; Denton; Ellis; Parker; Rockwall; Tarrant; Wise,https://d3ul0st9g52g6o.cloudfront.net/2026/TX/sbc/2026_20069TX010000601.pdf,https://www.hioscar.com/asset/plan-brochure-texas-2026,https://www.hioscar.com/search/?networkId=064&year=2026,No,"CMS Marketplace PUF 2026 (Plan Attributes, Network, Service Area)","$5,500"
2026,20069TX0100006-04,Oscar Insurance Company,Silver Classic,CSR 73%,Silver,EPO,Individual Texas EPO,TXN001,"$4,300","$7,500",$7500 per person,,,Collin; Dallas; Denton; Ellis; Parker; Rockwall; Tarrant; Wise,https://d3ul0st9g52g6o.cloudfront.net/2026/TX/sbc/2026_20069TX010000604.pdf,https://www.hioscar.com/asset/plan-brochure-texas-2026,https://www.hioscar.com/search/?networkId=064&year=2026,No,"CMS Marketplace PUF 2026 (Plan Attributes, Network, Service Area)","$4,300"
2026,20069TX0100006-05,Oscar Insurance Company,Silver Classic,CSR 87%,Silver,EPO,Individual Texas EPO,TXN001,$0,"$3,150",$3150 per person,,,Collin; Dallas; Denton; Ellis; Parker; Rockwall; Tarrant; Wise,https://d3ul0st9g52g6o.cloudfront.net/2026/TX/sbc/2026_20069TX010000605.pdf,https://www.hioscar.com/asset/plan-brochure-texas-2026,https://www.hioscar.com/search/?networkId=064&year=2026,No,"CMS Marketplace PUF 2026 (Plan Attributes, Network, Service Area)",$0
2026,20069TX0100006-06,Oscar Insurance Company,Silver Classic,CSR 94%,Silver,EPO,Individual Texas EPO,TXN001,$0,"$1,900",$1900 per person,,,Collin; Dallas; Denton; Ellis; Parker; Rockwall; Tarrant; Wise,https://d3ul0st9g52g6o.cloudfront.net/2026/TX/sbc/2026_20069TX010000606.pdf,https://www.hioscar.com/asset/plan-brochure-texas-2026,https://www.hioscar.com/search/?networkId=064&year=2026,No,"CMS Marketplace PUF 2026 (Plan Attributes, Network, Service Area)",$0
2026,20069TX0100024-01,Oscar Insurance Company,Bronze Classic 4700,standard,Expanded Bronze,EPO,Individual Texas EPO,TXN001,"$4,700","$9,800",$9800 per person,,,Collin; Dallas; Denton; Ellis; Parker; Rockwall; Tarrant; Wise,https://d3ul0st9g52g6o.cloudfront.net/2026/TX/sbc/2026_20069TX010002401.pdf,https://www.hioscar.com/asset/plan-brochure-texas-2026,https://www.hioscar.com/search/?networkId=064&year=2026,No,"CMS Marketplace PUF 2026 (Plan Attributes, Network, Service Area)","$4,700"
2026,20069TX0100025-01,Oscar Insurance Company,Silver Simple PCP Saver,standard,Silver,EPO,Individual Texas EPO,TXN001,"$5,750","$10,150",$10150 per person,,,Collin; Dallas; Denton; Ellis; Parker; Rockwall; Tarrant; Wise,https://d3ul0st9g52g6o.cloudfront.net/2026/TX/sbc/2026_20069TX010002501.pdf,https://www.hioscar.com/asset/plan-brochure-texas-2026,https://www.hioscar.com/search/?networkId=064&year=2026,No,"CMS Marketplace PUF 2026 (Plan Attributes, Network, Service Area)","$5,750"
2026,20069TX0100025-04,Oscar Insurance Company,Silver Simple PCP Saver,CSR 73%,Silver,EPO,Individual Texas EPO,TXN001,"$4,950","$7,950",$7950 per person,,,Collin; Dallas; Denton; Ellis; Parker; Rockwall; Tarrant; Wise,https://d3ul0st9g52g6o.cloudfront.net/2026/TX/sbc/2026_20069TX010002504.pdf,https://www.hioscar.com/asset/plan-brochure-texas-2026,https://www.hioscar.com/search/?networkId=064&year=2026,No,"CMS Marketplace PUF 2026 (Plan Attributes, Network, Service Area)","$4,950"
2026,20069TX0100025-05,Oscar Insurance Company,Silver Simple PCP Saver,CSR 87%,Silver,EPO,Individual Texas EPO,TXN001,$600,"$3,350",$3350 per person,,,Collin; Dallas; Denton; Ellis; Parker; Rockwall; Tarrant; Wise,https://d3ul0st9g52g6o.cloudfront.net/2026/TX/sbc/2026_20069TX010002505.pdf,https://www.hioscar.com/asset/plan-brochure-texas-2026,https://www.hioscar.com/search/?networkId=064&year=2026,No,"CMS Marketplace PUF 2026 (Plan Attributes, Network, Service Area)",$600
2026,20069TX0100025-06,Oscar Insurance Company,Silver Simple PCP Saver,CSR 94%,Silver,EPO,Individual Texas EPO,TXN001,$0,"$1,850",$1850 per person,,,Collin; Dallas; Denton; Ellis; Parker; Rockwall; Tarrant; Wise,https://d3ul0st9g52g6o.cloudfront.net/2026/TX/sbc/2026_20069TX010002506.pdf,https://www.hioscar.com/asset/plan-brochure-texas-2026,https://www.hioscar.com/search/?networkId=064&year=2026,No,"CMS Marketplace PUF 2026 (Plan Attributes, Network, Service Area)",$0
2026,20069TX0100050-01,Oscar Insurance Company,Bronze Classic Standard,standard,Expanded Bronze,EPO,Individual Texas EPO,TXN001,"$7,500","$10,000",$10000 per person,,,Collin; Dallas; Denton; Ellis; Parker; Rockwall; Tarrant; Wise,https://d3ul0st9g52g6o.cloudfront.net/2026/TX/sbc/2026_20069TX010005001.pdf,https://www.hioscar.com/asset/plan-brochure-texas-2026,https://www.hioscar.com/search/?networkId=064&year=2026,No,"CMS Marketplace PUF 2026 (Plan Attributes, Network, Service Area)","$7,500"
2026,20069TX0100052-01,Oscar Insurance Company,Silver Classic Standard,standard,Silver,EPO,Individual Texas EPO,TXN001,"$6,000","$8,900",$8900 per person,,,Collin; Dallas; Denton; Ellis; Parker; Rockwall; Tarrant; Wise,https://d3ul0st9g52g6o.cloudfront.net/2026/TX/sbc/2026_20069TX010005201.pdf,https://www.hioscar.com/asset/plan-brochure-texas-2026,https://www.hioscar.com/search/?networkId=064&year=2026,No,"CMS Marketplace PUF 2026 (Plan Attributes, Network, Service Area)","$6,000"
2026,20069TX0100052-04,Oscar Insurance Company,Silver Classic Standard,CSR 73%,Silver,EPO,Individual Texas EPO,TXN001,"$3,000","$7,400",$7400 per person,,,Collin; Dallas; Denton; Ellis; Parker; Rockwall; Tarrant; Wise,https://d3ul0st9g52g6o.cloudfront.net/2026/TX/sbc/2026_20069TX010005204.pdf,https://www.hioscar.com/asset/plan-brochure-texas-2026,https://www.hioscar.com/search/?networkId=064&year=2026,No,"CMS Marketplace PUF 2026 (Plan Attributes, Network, Service Area)","$3,000"
2026,20069TX0100052-05,Oscar Insurance Company,Silver Classic Standard,CSR 87%,Silver,EPO,Individual Texas EPO,TXN001,$700,"$3,300",$3300 per person,,,Collin; Dallas; Denton; Ellis; Parker; Rockwall; Tarrant; Wise,https://d3ul0st9g52g6o.cloudfront.net/2026/TX/sbc/2026_20069TX010005205.pdf,https://www.hioscar.com/asset/plan-brochure-texas-2026,https://www.hioscar.com/search/?networkId=064&year=2026,No,"CMS Marketplace PUF 2026 (Plan Attributes, Network, Service Area)",$700
2026,20069TX0100052-06,Oscar Insurance Company,Silver Classic Standard,CSR 94%,Silver,EPO,Individual Texas EPO,TXN001,$0,"$2,200",$2200 per person,,,Collin; Dallas; Denton; Ellis; Parker; Rockwall; Tarrant; Wise,https://d3ul0st9g52g6o.cloudfront.net/2026/TX/sbc/2026_20069TX010005206.pdf,https://www.hioscar.com/asset/plan-brochure-texas-2026,https://www.hioscar.com/search/?networkId=064&year=2026,No,"CMS Marketplace PUF 2026 (Plan Attributes, Network, Service Area)",$0
2026,20069TX0100053-01,Oscar Insurance Company,Gold Classic Standard,standard,Gold,EPO,Individual Texas EPO,TXN001,"$2,000","$8,200",$8200 per person,,,Collin; Dallas; Denton; Ellis; Parker; Rockwall; Tarrant; Wise,https://d3ul0st9g52g6o.cloudfront.net/2026/TX/sbc/2026_20069TX010005301.pdf,https://www.hioscar.com/asset/plan-brochure-texas-2026,https://www.hioscar.com/search/?networkId=064&year=2026,No,"CMS Marketplace PUF 2026 (Plan Attributes, Network, Service Area)","$2,000"
2026,20069TX0100055-01,Oscar Insurance Company,Gold Classic,standard,Gold,EPO,Individual Texas EPO,TXN001,"$2,500","$8,000",$8000 per person,,,Collin; Dallas; Denton; Ellis; Parker; Rockwall; Tarrant; Wise,https://d3ul0st9g52g6o.cloudfront.net/2026/TX/sbc/2026_20069TX010005501.pdf,https://www.hioscar.com/asset/plan-brochure-texas-2026,https://www.hioscar.com/search/?networkId=064&year=2026,No,"CMS Marketplace PUF 2026 (Plan Attributes, Network, Service Area)","$2,500"
2026,20069TX0100056-01,Oscar Insurance Company,Gold Elite,standard,Gold,EPO,Individual Texas EPO,TXN001,"$1,200","$7,800",$7800 per person,,,Collin; Dallas; Denton; Ellis; Parker; Rockwall; Tarrant; Wise,https://d3ul0st9g52g6o.cloudfront.net/2026/TX/sbc/2026_20069TX010005601.pdf,https://www.hioscar.com/asset/plan-brochure-texas-2026,https://www.hioscar.com/search/?networkId=064&year=2026,No,"CMS Marketplace PUF 2026 (Plan Attributes, Network, Service Area)","$1,200"
2026,20069TX0100059-01,Oscar Insurance Company,Bronze Simple Chronic Care CKM,standard,Expanded Bronze,EPO,Individual Texas EPO,TXN001,"$5,500","$10,150",$10150 per person,,,Collin; Dallas; Denton; Ellis; Parker; Rockwall; Tarrant; Wise,https://d3ul0st9g52g6o.cloudfront.net/2026/TX/sbc/2026_20069TX010005901.pdf,https://www.hioscar.com/asset/plan-brochure-texas-2026,https://www.hioscar.com/search/?networkId=064&year=2026,No,"CMS Marketplace PUF 2026 (Plan Attributes, Network, Service Area)","$5,500"
2026,20069TX0100064-01,Oscar Insurance Company,Bronze Simple Breathe Easy with Enhanced COPD Benefits,standard,Expanded Bronze,EPO,Individual Texas EPO,TXN001,"$9,000","$10,600",$10600 per person,,,Collin; Dallas; Denton; Ellis; Parker; Rockwall; Tarrant; Wise,https://d3ul0st9g52g6o.cloudfront.net/2026/TX/sbc/2026_20069TX010006401.pdf,https://www.hioscar.com/asset/plan-brochure-texas-2026,https://www.hioscar.com/search/?networkId=064&year=2026,No,"CMS Marketplace PUF 2026 (Plan Attributes, Network, Service Area)","$9,000"
2026,20069TX0100068-01,Oscar Insurance Company,Bronze Simple Diabetes,standard,Expanded Bronze,EPO,Individual Texas EPO,TXN001,"$5,500","$10,150",$10150 per person,,,Collin; Dallas; Denton; Ellis; Parker; Rockwall; Tarrant; Wise,https://d3ul0st9g52g6o.cloudfront.net/2026/TX/sbc/2026_20069TX010006801.pdf,https://www.hioscar.com/asset/plan-brochure-texas-2026,https://www.hioscar.com/search/?networkId=064&year=2026,No,"CMS Marketplace PUF 2026 (Plan Attributes, Network, Service Area)","$5,500"
2026,20069TX0510002-01,Oscar Insurance Company,Silver Simple Breathe Easy with Enhanced COPD Benefits Guided Care,standard,Silver,HMO,Individual Texas HMO,TXN002,"$6,200","$9,600",$9600 per person,,,Dallas; Ellis,https://d3ul0st9g52g6o.cloudfront.net/2026/TX/sbc/2026_20069TX051000201.pdf,https://www.hioscar.com/asset/plan-brochure-texas-2026,https://www.hioscar.com/search/?networkId=059&year=2026,Yes,"CMS Marketplace PUF 2026 (Plan Attributes, Network, Service Area)","$6,200"
2026,20069TX0510002-04,Oscar Insurance Company,Silver Simple Breathe Easy with Enhanced COPD Benefits Guided Care,CSR 73%,Silver,HMO,Individual Texas HMO,TXN002,"$5,200","$8,100",$8100 per person,,,Dallas; Ellis,https://d3ul0st9g52g6o.cloudfront.net/2026/TX/sbc/2026_20069TX051000204.pdf,https://www.hioscar.com/asset/plan-brochure-texas-2026,https://www.hioscar.com/search/?networkId=059&year=2026,Yes,"CMS Marketplace PUF 2026 (Plan Attributes, Network, Service Area)","$5,200"
2026,20069TX0510002-05,Oscar Insurance Company,Silver Simple Breathe Easy with Enhanced COPD Benefits Guided Care,CSR 87%,Silver,HMO,Individual Texas HMO,TXN002,$900,"$2,900",$2900 per person,,,Dallas; Ellis,https://d3ul0st9g52g6o.cloudfront.net/2026/TX/sbc/2026_20069TX051000205.pdf,https://www.hioscar.com/asset/plan-brochure-texas-2026,https://www.hioscar.com/search/?networkId=059&year=2026,Yes,"CMS Marketplace PUF 2026 (Plan Attributes, Network, Service Area)",$900
2026,20069TX0510002-06,Oscar Insurance Company,Silver Simple Breathe Easy with Enhanced COPD Benefits Guided Care,CSR 94%,Silver,HMO,Individual Texas HMO,TXN002,$0,"$1,450",$1450 per person,,,Dallas; Ellis,https://d3ul0st9g52g6o.cloudfront.net/2026/TX/sbc/2026_20069TX051000206.pdf,https://www.hioscar.com/asset/plan-brochure-texas-2026,https://www.hioscar.com/search/?networkId=059&year=2026,Yes,"CMS Marketplace PUF 2026 (Plan Attributes, Network, Service Area)",$0
2026,20069TX0510009-01,Oscar Insurance Company,Silver Simple Women's Health with Menopause Benefits Guided Care,standard,Silver,HMO,Individual Texas HMO,TXN002,"$6,000","$10,150",$10150 per person,,,Dallas; Ellis,https://d3ul0st9g52g6o.cloudfront.net/2026/TX/sbc/2026_20069TX051000901.pdf,https://www.hioscar.com/asset/plan-brochure-texas-2026,https://www.hioscar.com/search/?networkId=059&year=2026,Yes,"CMS Marketplace PUF 2026 (Plan Attributes, Network, Service Area)","$6,000"
2026,20069TX0510009-04,Oscar Insurance Company,Silver Simple Women's Health with Menopause Benefits Guided Care,CSR 73%,Silver,HMO,Individual Texas HMO,TXN002,"$5,500","$8,100",$8100 per person,,,Dallas; Ellis,https://d3ul0st9g52g6o.cloudfront.net/2026/TX/sbc/2026_20069TX051000904.pdf,https://www.hioscar.com/asset/plan-brochure-texas-2026,https://www.hioscar.com/search/?networkId=059&year=2026,Yes,"CMS Marketplace PUF 2026 (Plan Attributes, Network, Service Area)","$5,500"
2026,20069TX0510009-05,Oscar Insurance Company,Silver Simple Women's Health with Menopause Benefits Guided Care,CSR 87%,Silver,HMO,Individual Texas HMO,TXN002,$870,"$3,350",$3350 per person,,,Dallas; Ellis,https://d3ul0st9g52g6o.cloudfront.net/2026/TX/sbc/2026_20069TX051000905.pdf,https://www.hioscar.com/asset/plan-brochure-texas-2026,https://www.hioscar.com/search/?networkId=059&year=2026,Yes,"CMS Marketplace PUF 2026 (Plan Attributes, Network, Service Area)",$870
2026,20069TX0510009-06,Oscar Insurance Company,Silver Simple Women's Health with Menopause Benefits Guided Care,CSR 94%,Silver,HMO,Individual Texas HMO,TXN002,$0,"$1,500",$1500 per person,,,Dallas; Ellis,https://d3ul0st9g52g6o.cloudfront.net/2026/TX/sbc/2026_20069TX051000906.pdf,https://www.hioscar.com/asset/plan-brochure-texas-2026,https://www.hioscar.com/search/?networkId=059&year=2026,Yes,"CMS Marketplace PUF 2026 (Plan Attributes, Network, Service Area)",$0
2026,20069TX0510014-01,Oscar Insurance Company,Silver Simple Guided Care,standard,Silver,HMO,Individual Texas HMO,TXN002,"$6,300","$9,300",$9300 per person,,,Dallas; Ellis,https://d3ul0st9g52g6o.cloudfront.net/2026/TX/sbc/2026_20069TX051001401.pdf,https://www.hioscar.com/asset/plan-brochure-texas-2026,https://www.hioscar.com/search/?networkId=059&year=2026,Yes,"CMS Marketplace PUF 2026 (Plan Attributes, Network, Service Area)","$6,300"
2026,20069TX0510014-04,Oscar Insurance Company,Silver Simple Guided Care,CSR 73%,Silver,HMO,Individual Texas HMO,TXN002,"$5,000","$7,500",$7500 per person,,,Dallas; Ellis,https://d3ul0st9g52g6o.cloudfront.net/2026/TX/sbc/2026_20069TX051001404.pdf,https://www.hioscar.com/asset/plan-brochure-texas-2026,https://www.hioscar.com/search/?networkId=059&year=2026,Yes,"CMS Marketplace PUF 2026 (Plan Attributes, Network, Service Area)","$5,000"
2026,20069TX0510014-05,Oscar Insurance Company,Silver Simple Guided Care,CSR 87%,Silver,HMO,Individual Texas HMO,TXN002,$950,"$3,050",$3050 per person,,,Dallas; Ellis,https://d3ul0st9g52g6o.cloudfront.net/2026/TX/sbc/2026_20069TX051001405.pdf,https://www.hioscar.com/asset/plan-brochure-texas-2026,https://www.hioscar.com/search/?networkId=059&year=2026,Yes,"CMS Marketplace PUF 2026 (Plan Attributes, Network, Service Area)",$950
2026,20069TX0510014-06,Oscar Insurance Company,Silver Simple Guided Care,CSR 94%,Silver,HMO,Individual Texas HMO,TXN002,$0,"$1,850",$1850 per person,,,Dallas; Ellis,https://d3ul0st9g52g6o.cloudfront.net/2026/TX/sbc/2026_20069TX051001406.pdf,https://www.hioscar.com/asset/plan-brochure-texas-2026,https://www.hioscar.com/search/?networkId=059&year=2026,Yes,"CMS Marketplace PUF 2026 (Plan Attributes, Network, Service Area)",$0
2026,20069TX0510015-01,Oscar Insurance Company,Silver Simple PCP Saver Guided Care,standard,Silver,HMO,Individual Texas HMO,TXN002,"$5,750","$10,150",$10150 per person,,,Dallas; Ellis,https://d3ul0st9g52g6o.cloudfront.net/2026/TX/sbc/2026_20069TX051001501.pdf,https://www.hioscar.com/asset/plan-brochure-texas-2026,https://www.hioscar.com/search/?networkId=059&year=2026,Yes,"CMS Marketplace PUF 2026 (Plan Attributes, Network, Service Area)","$5,750"
2026,20069TX0510015-04,Oscar Insurance Company,Silver Simple PCP Saver Guided Care,CSR 73%,Silver,HMO,Individual Texas HMO,TXN002,"$4,950","$8,100",$8100 per person,,,Dallas; Ellis,https://d3ul0st9g52g6o.cloudfront.net/2026/TX/sbc/2026_20069TX051001504.pdf,https://www.hioscar.com/asset/plan-brochure-texas-2026,https://www.hioscar.com/search/?networkId=059&year=2026,Yes,"CMS Marketplace PUF 2026 (Plan Attributes, Network, Service Area)","$4,950"
2026,20069TX0510015-05,Oscar Insurance Company,Silver Simple PCP Saver Guided Care,CSR 87%,Silver,HMO,Individual Texas HMO,TXN002,$600,"$3,350",$3350 per person,,,Dallas; Ellis,https://d3ul0st9g52g6o.cloudfront.net/2026/TX/sbc/2026_20069TX051001505.pdf,https://www.hioscar.com/asset/plan-brochure-texas-2026,https://www.hioscar.com/search/?networkId=059&year=2026,Yes,"CMS Marketplace PUF 2026 (Plan Attributes, Network, Service Area)",$600
2026,20069TX0510015-06,Oscar Insurance Company,Silver Simple PCP Saver Guided Care,CSR 94%,Silver,HMO,Individual Texas HMO,TXN002,$0,"$1,850",$1850 per person,,,Dallas; Ellis,https://d3ul0st9g52g6o.cloudfront.net/2026/TX/sbc/2026_20069TX051001506.pdf,https://www.hioscar.com/asset/plan-brochure-texas-2026,https://www.hioscar.com/search/?networkId=059&year=2026,Yes,"CMS Marketplace PUF 2026 (Plan Attributes, Network, Service Area)",$0
2026,20069TX0510016-01,Oscar Insurance Company,Silver Simple Chronic Care CKM Guided Care,standard,Silver,HMO,Individual Texas HMO,TXN002,"$5,900","$10,150",$10150 per person,,,Dallas; Ellis,https://d3ul0st9g52g6o.cloudfront.net/2026/TX/sbc/2026_20069TX051001601.pdf,https://www.hioscar.com/asset/plan-brochure-texas-2026,https://www.hioscar.com/search/?networkId=059&year=2026,Yes,"CMS Marketplace PUF 2026 (Plan Attributes, Network, Service Area)","$5,900"
2026,20069TX0510016-04,Oscar Insurance Company,Silver Simple Chronic Care CKM Guided Care,CSR 73%,Silver,HMO,Individual Texas HMO,TXN002,"$5,000","$8,100",$8100 per person,,,Dallas; Ellis,https://d3ul0st9g52g6o.cloudfront.net/2026/TX/sbc/2026_20069TX051001604.pdf,https://www.hioscar.com/asset/plan-brochure-texas-2026,https://www.hioscar.com/search/?networkId=059&year=2026,Yes,"CMS Marketplace PUF 2026 (Plan Attributes, Network, Service Area)","$5,000"
2026,20069TX0510016-05,Oscar Insurance Company,Silver Simple Chronic Care CKM Guided Care,CSR 87%,Silver,HMO,Individual Texas HMO,TXN002,$800,"$3,350",$3350 per person,,,Dallas; Ellis,https://d3ul0st9g52g6o.cloudfront.net/2026/TX/sbc/2026_20069TX051001605.pdf,https://www.hioscar.com/asset/plan-brochure-texas-2026,https://www.hioscar.com/search/?networkId=059&year=2026,Yes,"CMS Marketplace PUF 2026 (Plan Attributes, Network, Service Area)",$800
2026,20069TX0510016-06,Oscar Insurance Company,Silver Simple Chronic Care CKM Guided Care,CSR 94%,Silver,HMO,Individual Texas HMO,TXN002,$0,"$1,500",$1500 per person,,,Dallas; Ellis,https://d3ul0st9g52g6o.cloudfront.net/2026/TX/sbc/2026_20069TX051001606.pdf,https://www.hioscar.com/asset/plan-brochure-texas-2026,https://www.hioscar.com/search/?networkId=059&year=2026,Yes,"CMS Marketplace PUF 2026 (Plan Attributes, Network, Service Area)",$0
2026,20069TX0510017-01,Oscar Insurance Company,Silver Simple Diabetes Guided Care,standard,Silver,HMO,Individual Texas HMO,TXN002,"$6,500","$10,000",$10000 per person,,,Dallas; Ellis,https://d3ul0st9g52g6o.cloudfront.net/2026/TX/sbc/2026_20069TX051001701.pdf,https://www.hioscar.com/asset/plan-brochure-texas-2026,https://www.hioscar.com/search/?networkId=059&year=2026,Yes,"CMS Marketplace PUF 2026 (Plan Attributes, Network, Service Area)","$6,500"
2026,20069TX0510017-04,Oscar Insurance Company,Silver Simple Diabetes Guided Care,CSR 73%,Silver,HMO,Individual Texas HMO,TXN002,"$4,600","$8,100",$8100 per person,,,Dallas; Ellis,https://d3ul0st9g52g6o.cloudfront.net/2026/TX/sbc/2026_20069TX051001704.pdf,https://www.hioscar.com/asset/plan-brochure-texas-2026,https://www.hioscar.com/search/?networkId=059&year=2026,Yes,"CMS Marketplace PUF 2026 (Plan Attributes, Network, Service Area)","$4,600"
2026,20069TX0510017-05,Oscar Insurance Company,Silver Simple Diabetes Guided Care,CSR 87%,Silver,HMO,Individual Texas HMO,TXN002,$800,"$3,350",$3350 per person,,,Dallas; Ellis,https://d3ul0st9g52g6o.cloudfront.net/2026/TX/sbc/2026_20069TX051001705.pdf,https://www.hioscar.com/asset/plan-brochure-texas-2026,https://www.hioscar.com/search/?networkId=059&year=2026,Yes,"CMS Marketplace PUF 2026 (Plan Attributes, Network, Service Area)",$800
2026,20069TX0510017-06,Oscar Insurance Company,Silver Simple Diabetes Guided Care,CSR 94%,Silver,HMO,Individual Texas HMO,TXN002,$0,"$1,550",$1550 per person,,,Dallas; Ellis,https://d3ul0st9g52g6o.cloudfront.net/2026/TX/sbc/2026_20069TX051001706.pdf,https://www.hioscar.com/asset/plan-brochure-texas-2026,https://www.hioscar.com/search/?networkId=059&year=2026,Yes,"CMS Marketplace PUF 2026 (Plan Attributes, Network, Service Area)",$0
2026,20069TX0510022-01,Oscar Insurance Company,Gold Classic Guided Care,standard,Gold,HMO,Individual Texas HMO,TXN002,"$2,500","$8,000",$8000 per person,,,Dallas; Ellis,https://d3ul0st9g52g6o.cloudfront.net/2026/TX/sbc/2026_20069TX051002201.pdf,https://www.hioscar.com/asset/plan-brochure-texas-2026,https://www.hioscar.com/search/?networkId=059&year=2026,Yes,"CMS Marketplace PUF 2026 (Plan Attributes, Network, Service Area)","$2,500"
2026,20069TX0510023-01,Oscar Insurance Company,Gold Simple Guided Care,standard,Gold,HMO,Individual Texas HMO,TXN002,"$3,300","$9,950",$9950 per person,,,Dallas; Ellis,https://d3ul0st9g52g6o.cloudfront.net/2026/TX/sbc/2026_20069TX051002301.pdf,https://www.hioscar.com/asset/plan-brochure-texas-2026,https://www.hioscar.com/search/?networkId=059&year=2026,Yes,"CMS Marketplace PUF 2026 (Plan Attributes, Network, Service Area)","$3,300"
2026,20069TX0510033-01,Oscar Insurance Company,Silver Classic Standard Guided Care,standard,Silver,HMO,Individual Texas HMO,TXN002,"$6,000","$8,900",$8900 per person,,,Dallas; Ellis,https://d3ul0st9g52g6o.cloudfront.net/2026/TX/sbc/2026_20069TX051003301.pdf,https://www.hioscar.com/asset/plan-brochure-texas-2026,https://www.hioscar.com/search/?networkId=059&year=2026,Yes,"CMS Marketplace PUF 2026 (Plan Attributes, Network, Service Area)","$6,000"
2026,20069TX0510033-04,Oscar Insurance Company,Silver Classic Standard Guided Care,CSR 73%,Silver,HMO,Individual Texas HMO,TXN002,"$3,000","$7,400",$7400 per person,,,Dallas; Ellis,https://d3ul0st9g52g6o.cloudfront.net/2026/TX/sbc/2026_20069TX051003304.pdf,https://www.hioscar.com/asset/plan-brochure-texas-2026,https://www.hioscar.com/search/?networkId=059&year=2026,Yes,"CMS Marketplace PUF 2026 (Plan Attributes, Network, Service Area)","$3,000"
2026,20069TX0510033-05,Oscar Insurance Company,Silver Classic Standard Guided Care,CSR 87%,Silver,HMO,Individual Texas HMO,TXN002,$700,"$3,300",$3300 per person,,,Dallas; Ellis,https://d3ul0st9g52g6o.cloudfront.net/2026/TX/sbc/2026_20069TX051003305.pdf,https://www.hioscar.com/asset/plan-brochure-texas-2026,https://www.hioscar.com/search/?networkId=059&year=2026,Yes,"CMS Marketplace PUF 2026 (Plan Attributes, Network, Service Area)",$700
2026,20069TX0510033-06,Oscar Insurance Company,Silver Classic Standard Guided Care,CSR 94%,Silver,HMO,Individual Texas HMO,TXN002,$0,"$2,200",$2200 per person,,,Dallas; Ellis,https://d3ul0st9g52g6o.cloudfront.net/2026/TX/sbc/2026_20069TX051003306.pdf,https://www.hioscar.com/asset/plan-brochure-texas-2026,https://www.hioscar.com/search/?networkId=059&year=2026,Yes,"CMS Marketplace PUF 2026 (Plan Attributes, Network, Service Area)",$0
2026,20069TX0510034-01,Oscar Insurance Company,Gold Classic Standard Guided Care,standard,Gold,HMO,Individual Texas HMO,TXN002,"$2,000","$8,200",$8200 per person,,,Dallas; Ellis,https://d3ul0st9g52g6o.cloudfront.net/2026/TX/sbc/2026_20069TX051003401.pdf,https://www.hioscar.com/asset/plan-brochure-texas-2026,https://www.hioscar.com/search/?networkId=059&year=2026,Yes,"CMS Marketplace PUF 2026 (Plan Attributes, Network, Service Area)","$2,000"
2026,20069TX0510038-01,Oscar Insurance Company,Gold Simple Diabetes Guided Care,standard,Gold,HMO,Individual Texas HMO,TXN002,"$2,000","$9,800",$9800 per person,,,Dallas; Ellis,https://d3ul0st9g52g6o.cloudfront.net/2026/TX/sbc/2026_20069TX051003801.pdf,https://www.hioscar.com/asset/plan-brochure-texas-2026,https://www.hioscar.com/search/?networkId=059&year=2026,Yes,"CMS Marketplace PUF 2026 (Plan Attributes, Network, Service Area)","$2,000"
2026,20069TX0510120-01,Oscar Insurance Company,Silver Classic Standard Guided Care,standard,Silver,HMO,Individual Texas HMO,TXN002,"$6,000","$8,900",$8900 per person,,,Denton; Tarrant,https://d3ul0st9g52g6o.cloudfront.net/2026/TX/sbc/2026_20069TX051012001.pdf,https://www.hioscar.com/asset/plan-brochure-texas-2026,https://www.hioscar.com/search/?networkId=059&year=2026,Yes,"CMS Marketplace PUF 2026 (Plan Attributes, Network, Service Area)","$6,000"
2026,20069TX0510120-04,Oscar Insurance Company,Silver Classic Standard Guided Care,CSR 73%,Silver,HMO,Individual Texas HMO,TXN002,"$3,000","$7,400",$7400 per person,,,Denton; Tarrant,https://d3ul0st9g52g6o.cloudfront.net/2026/TX/sbc/2026_20069TX051012004.pdf,https://www.hioscar.com/asset/plan-brochure-texas-2026,https://www.hioscar.com/search/?networkId=059&year=2026,Yes,"CMS Marketplace PUF 2026 (Plan Attributes, Network, Service Area)","$3,000"
2026,20069TX0510120-05,Oscar Insurance Company,Silver Classic Standard Guided Care,CSR 87%,Silver,HMO,Individual Texas HMO,TXN002,$700,"$3,300",$3300 per person,,,Denton; Tarrant,https://d3ul0st9g52g6o.cloudfront.net/2026/TX/sbc/2026_20069TX051012005.pdf,https://www.hioscar.com/asset/plan-brochure-texas-2026,https://www.hioscar.com/search/?networkId=059&year=2026,Yes,"CMS Marketplace PUF 2026 (Plan Attributes, Network, Service Area)",$700
2026,20069TX0510120-06,Oscar Insurance Company,Silver Classic Standard Guided Care,CSR 94%,Silver,HMO,Individual Texas HMO,TXN002,$0,"$2,200",$2200 per person,,,Denton; Tarrant,https://d3ul0st9g52g6o.cloudfront.net/2026/TX/sbc/2026_20069TX051012006.pdf,https://www.hioscar.com/asset/plan-brochure-texas-2026,https://www.hioscar.com/search/?networkId=059&year=2026,Yes,"CMS Marketplace PUF 2026 (Plan Attributes, Network, Service Area)",$0
2026,20069TX0510121-01,Oscar Insurance Company,Silver Simple Breathe Easy with Enhanced COPD Benefits Guided Care,standard,Silver,HMO,Individual Texas HMO,TXN002,"$6,200","$9,600",$9600 per person,,,Denton; Tarrant,https://d3ul0st9g52g6o.cloudfront.net/2026/TX/sbc/2026_20069TX051012101.pdf,https://www.hioscar.com/asset/plan-brochure-texas-2026,https://www.hioscar.com/search/?networkId=059&year=2026,Yes,"CMS Marketplace PUF 2026 (Plan Attributes, Network, Service Area)","$6,200"
2026,20069TX0510121-04,Oscar Insurance Company,Silver Simple Breathe Easy with Enhanced COPD Benefits Guided Care,CSR 73%,Silver,HMO,Individual Texas HMO,TXN002,"$5,200","$8,100",$8100 per person,,,Denton; Tarrant,https://d3ul0st9g52g6o.cloudfront.net/2026/TX/sbc/2026_20069TX051012104.pdf,https://www.hioscar.com/asset/plan-brochure-texas-2026,https://www.hioscar.com/search/?networkId=059&year=2026,Yes,"CMS Marketplace PUF 2026 (Plan Attributes, Network, Service Area)","$5,200"
2026,20069TX0510121-05,Oscar Insurance Company,Silver Simple Breathe Easy with Enhanced COPD Benefits Guided Care,CSR 87%,Silver,HMO,Individual Texas HMO,TXN002,$900,"$2,900",$2900 per person,,,Denton; Tarrant,https://d3ul0st9g52g6o.cloudfront.net/2026/TX/sbc/2026_20069TX051012105.pdf,https://www.hioscar.com/asset/plan-brochure-texas-2026,https://www.hioscar.com/search/?networkId=059&year=2026,Yes,"CMS Marketplace PUF 2026 (Plan Attributes, Network, Service Area)",$900
2026,20069TX0510121-06,Oscar Insurance Company,Silver Simple Breathe Easy with Enhanced COPD Benefits Guided Care,CSR 94%,Silver,HMO,Individual Texas HMO,TXN002,$0,"$1,450",$1450 per person,,,Denton; Tarrant,https://d3ul0st9g52g6o.cloudfront.net/2026/TX/sbc/2026_20069TX051012106.pdf,https://www.hioscar.com/asset/plan-brochure-texas-2026,https://www.hioscar.com/search/?networkId=059&year=2026,Yes,"CMS Marketplace PUF 2026 (Plan Attributes, Network, Service Area)",$0
2026,20069TX0510122-01,Oscar Insurance Company,Silver Simple Chronic Care CKM Guided Care,standard,Silver,HMO,Individual Texas HMO,TXN002,"$5,900","$10,150",$10150 per person,,,Denton; Tarrant,https://d3ul0st9g52g6o.cloudfront.net/2026/TX/sbc/2026_20069TX051012201.pdf,https://www.hioscar.com/asset/plan-brochure-texas-2026,https://www.hioscar.com/search/?networkId=059&year=2026,Yes,"CMS Marketplace PUF 2026 (Plan Attributes, Network, Service Area)","$5,900"
2026,20069TX0510122-04,Oscar Insurance Company,Silver Simple Chronic Care CKM Guided Care,CSR 73%,Silver,HMO,Individual Texas HMO,TXN002,"$5,000","$8,100",$8100 per person,,,Denton; Tarrant,https://d3ul0st9g52g6o.cloudfront.net/2026/TX/sbc/2026_20069TX051012204.pdf,https://www.hioscar.com/asset/plan-brochure-texas-2026,https://www.hioscar.com/search/?networkId=059&year=2026,Yes,"CMS Marketplace PUF 2026 (Plan Attributes, Network, Service Area)","$5,000"
2026,20069TX0510122-05,Oscar Insurance Company,Silver Simple Chronic Care CKM Guided Care,CSR 87%,Silver,HMO,Individual Texas HMO,TXN002,$800,"$3,350",$3350 per person,,,Denton; Tarrant,https://d3ul0st9g52g6o.cloudfront.net/2026/TX/sbc/2026_20069TX051012205.pdf,https://www.hioscar.com/asset/plan-brochure-texas-2026,https://www.hioscar.com/search/?networkId=059&year=2026,Yes,"CMS Marketplace PUF 2026 (Plan Attributes, Network, Service Area)",$800
2026,20069TX0510122-06,Oscar Insurance Company,Silver Simple Chronic Care CKM Guided Care,CSR 94%,Silver,HMO,Individual Texas HMO,TXN002,$0,"$1,500",$1500 per person,,,Denton; Tarrant,https://d3ul0st9g52g6o.cloudfront.net/2026/TX/sbc/2026_20069TX051012206.pdf,https://www.hioscar.com/asset/plan-brochure-texas-2026,https://www.hioscar.com/search/?networkId=059&year=2026,Yes,"CMS Marketplace PUF 2026 (Plan Attributes, Network, Service Area)",$0
2026,20069TX0510123-01,Oscar Insurance Company,Silver Simple Diabetes Guided Care,standard,Silver,HMO,Individual Texas HMO,TXN002,"$6,500","$10,000",$10000 per person,,,Denton; Tarrant,https://d3ul0st9g52g6o.cloudfront.net/2026/TX/sbc/2026_20069TX051012301.pdf,https://www.hioscar.com/asset/plan-brochure-texas-2026,https://www.hioscar.com/search/?networkId=059&year=2026,Yes,"CMS Marketplace PUF 2026 (Plan Attributes, Network, Service Area)","$6,500"
2026,20069TX0510123-04,Oscar Insurance Company,Silver Simple Diabetes Guided Care,CSR 73%,Silver,HMO,Individual Texas HMO,TXN002,"$4,600","$8,100",$8100 per person,,,Denton; Tarrant,https://d3ul0st9g52g6o.cloudfront.net/2026/TX/sbc/2026_20069TX051012304.pdf,https://www.hioscar.com/asset/plan-brochure-texas-2026,https://www.hioscar.com/search/?networkId=059&year=2026,Yes,"CMS Marketplace PUF 2026 (Plan Attributes, Network, Service Area)","$4,600"
2026,20069TX0510123-05,Oscar Insurance Company,Silver Simple Diabetes Guided Care,CSR 87%,Silver,HMO,Individual Texas HMO,TXN002,$800,"$3,350",$3350 per person,,,Denton; Tarrant,https://d3ul0st9g52g6o.cloudfront.net/2026/TX/sbc/2026_20069TX051012305.pdf,https://www.hioscar.com/asset/plan-brochure-texas-2026,https://www.hioscar.com/search/?networkId=059&year=2026,Yes,"CMS Marketplace PUF 2026 (Plan Attributes, Network, Service Area)",$800
2026,20069TX0510123-06,Oscar Insurance Company,Silver Simple Diabetes Guided Care,CSR 94%,Silver,HMO,Individual Texas HMO,TXN002,$0,"$1,550",$1550 per person,,,Denton; Tarrant,https://d3ul0st9g52g6o.cloudfront.net/2026/TX/sbc/2026_20069TX051012306.pdf,https://www.hioscar.com/asset/plan-brochure-texas-2026,https://www.hioscar.com/search/?networkId=059&year=2026,Yes,"CMS Marketplace PUF 2026 (Plan Attributes, Network, Service Area)",$0
2026,20069TX0510124-01,Oscar Insurance Company,Silver Simple Guided Care,standard,Silver,HMO,Individual Texas HMO,TXN002,"$6,300","$9,300",$9300 per person,,,Denton; Tarrant,https://d3ul0st9g52g6o.cloudfront.net/2026/TX/sbc/2026_20069TX051012401.pdf,https://www.hioscar.com/asset/plan-brochure-texas-2026,https://www.hioscar.com/search/?networkId=059&year=2026,Yes,"CMS Marketplace PUF 2026 (Plan Attributes, Network, Service Area)","$6,300"
2026,20069TX0510124-04,Oscar Insurance Company,Silver Simple Guided Care,CSR 73%,Silver,HMO,Individual Texas HMO,TXN002,"$5,000","$7,500",$7500 per person,,,Denton; Tarrant,https://d3ul0st9g52g6o.cloudfront.net/2026/TX/sbc/2026_20069TX051012404.pdf,https://www.hioscar.com/asset/plan-brochure-texas-2026,https://www.hioscar.com/search/?networkId=059&year=2026,Yes,"CMS Marketplace PUF 2026 (Plan Attributes, Network, Service Area)","$5,000"
2026,20069TX0510124-05,Oscar Insurance Company,Silver Simple Guided Care,CSR 87%,Silver,HMO,Individual Texas HMO,TXN002,$950,"$3,050",$3050 per person,,,Denton; Tarrant,https://d3ul0st9g52g6o.cloudfront.net/2026/TX/sbc/2026_20069TX051012405.pdf,https://www.hioscar.com/asset/plan-brochure-texas-2026,https://www.hioscar.com/search/?networkId=059&year=2026,Yes,"CMS Marketplace PUF 2026 (Plan Attributes, Network, Service Area)",$950
2026,20069TX0510124-06,Oscar Insurance Company,Silver Simple Guided Care,CSR 94%,Silver,HMO,Individual Texas HMO,TXN002,$0,"$1,850",$1850 per person,,,Denton; Tarrant,https://d3ul0st9g52g6o.cloudfront.net/2026/TX/sbc/2026_20069TX051012406.pdf,https://www.hioscar.com/asset/plan-brochure-texas-2026,https://www.hioscar.com/search/?networkId=059&year=2026,Yes,"CMS Marketplace PUF 2026 (Plan Attributes, Network, Service Area)",$0
2026,20069TX0510125-01,Oscar Insurance Company,Silver Simple PCP Saver Guided Care,standard,Silver,HMO,Individual Texas HMO,TXN002,"$5,750","$10,150",$10150 per person,,,Denton; Tarrant,https://d3ul0st9g52g6o.cloudfront.net/2026/TX/sbc/2026_20069TX051012501.pdf,https://www.hioscar.com/asset/plan-brochure-texas-2026,https://www.hioscar.com/search/?networkId=059&year=2026,Yes,"CMS Marketplace PUF 2026 (Plan Attributes, Network, Service Area)","$5,750"
2026,20069TX0510125-04,Oscar Insurance Company,Silver Simple PCP Saver Guided Care,CSR 73%,Silver,HMO,Individual Texas HMO,TXN002,"$4,950","$8,100",$8100 per person,,,Denton; Tarrant,https://d3ul0st9g52g6o.cloudfront.net/2026/TX/sbc/2026_20069TX051012504.pdf,https://www.hioscar.com/asset/plan-brochure-texas-2026,https://www.hioscar.com/search/?networkId=059&year=2026,Yes,"CMS Marketplace PUF 2026 (Plan Attributes, Network, Service Area)","$4,950"
2026,20069TX0510125-05,Oscar Insurance Company,Silver Simple PCP Saver Guided Care,CSR 87%,Silver,HMO,Individual Texas HMO,TXN002,$600,"$3,350",$3350 per person,,,Denton; Tarrant,https://d3ul0st9g52g6o.cloudfront.net/2026/TX/sbc/2026_20069TX051012505.pdf,https://www.hioscar.com/asset/plan-brochure-texas-2026,https://www.hioscar.com/search/?networkId=059&year=2026,Yes,"CMS Marketplace PUF 2026 (Plan Attributes, Network, Service Area)",$600
2026,20069TX0510125-06,Oscar Insurance Company,Silver Simple PCP Saver Guided Care,CSR 94%,Silver,HMO,Individual Texas HMO,TXN002,$0,"$1,850",$1850 per person,,,Denton; Tarrant,https://d3ul0st9g52g6o.cloudfront.net/2026/TX/sbc/2026_20069TX051012506.pdf,https://www.hioscar.com/asset/plan-brochure-texas-2026,https://www.hioscar.com/search/?networkId=059&year=2026,Yes,"CMS Marketplace PUF 2026 (Plan Attributes, Network, Service Area)",$0
2026,20069TX0510126-01,Oscar Insurance Company,Silver Simple Women's Health with Menopause Benefits Guided Care,standard,Silver,HMO,Individual Texas HMO,TXN002,"$6,000","$10,150",$10150 per person,,,Denton; Tarrant,https://d3ul0st9g52g6o.cloudfront.net/2026/TX/sbc/2026_20069TX051012601.pdf,https://www.hioscar.com/asset/plan-brochure-texas-2026,https://www.hioscar.com/search/?networkId=059&year=2026,Yes,"CMS Marketplace PUF 2026 (Plan Attributes, Network, Service Area)","$6,000"
2026,20069TX0510126-04,Oscar Insurance Company,Silver Simple Women's Health with Menopause Benefits Guided Care,CSR 73%,Silver,HMO,Individual Texas HMO,TXN002,"$5,500","$8,100",$8100 per person,,,Denton; Tarrant,https://d3ul0st9g52g6o.cloudfront.net/2026/TX/sbc/2026_20069TX051012604.pdf,https://www.hioscar.com/asset/plan-brochure-texas-2026,https://www.hioscar.com/search/?networkId=059&year=2026,Yes,"CMS Marketplace PUF 2026 (Plan Attributes, Network, Service Area)","$5,500"
2026,20069TX0510126-05,Oscar Insurance Company,Silver Simple Women's Health with Menopause Benefits Guided Care,CSR 87%,Silver,HMO,Individual Texas HMO,TXN002,$870,"$3,350",$3350 per person,,,Denton; Tarrant,https://d3ul0st9g52g6o.cloudfront.net/2026/TX/sbc/2026_20069TX051012605.pdf,https://www.hioscar.com/asset/plan-brochure-texas-2026,https://www.hioscar.com/search/?networkId=059&year=2026,Yes,"CMS Marketplace PUF 2026 (Plan Attributes, Network, Service Area)",$870
2026,20069TX0510126-06,Oscar Insurance Company,Silver Simple Women's Health with Menopause Benefits Guided Care,CSR 94%,Silver,HMO,Individual Texas HMO,TXN002,$0,"$1,500",$1500 per person,,,Denton; Tarrant,https://d3ul0st9g52g6o.cloudfront.net/2026/TX/sbc/2026_20069TX051012606.pdf,https://www.hioscar.com/asset/plan-brochure-texas-2026,https://www.hioscar.com/search/?networkId=059&year=2026,Yes,"CMS Marketplace PUF 2026 (Plan Attributes, Network, Service Area)",$0
2026,20069TX0510127-01,Oscar Insurance Company,Gold Classic Guided Care,standard,Gold,HMO,Individual Texas HMO,TXN002,"$2,500","$8,000",$8000 per person,,,Denton; Tarrant,https://d3ul0st9g52g6o.cloudfront.net/2026/TX/sbc/2026_20069TX051012701.pdf,https://www.hioscar.com/asset/plan-brochure-texas-2026,https://www.hioscar.com/search/?networkId=059&year=2026,Yes,"CMS Marketplace PUF 2026 (Plan Attributes, Network, Service Area)","$2,500"
2026,20069TX0510128-01,Oscar Insurance Company,Gold Classic Standard Guided Care,standard,Gold,HMO,Individual Texas HMO,TXN002,"$2,000","$8,200",$8200 per person,,,Denton; Tarrant,https://d3ul0st9g52g6o.cloudfront.net/2026/TX/sbc/2026_20069TX051012801.pdf,https://www.hioscar.com/asset/plan-brochure-texas-2026,https://www.hioscar.com/search/?networkId=059&year=2026,Yes,"CMS Marketplace PUF 2026 (Plan Attributes, Network, Service Area)","$2,000"
2026,20069TX0510129-01,Oscar Insurance Company,Gold Simple Diabetes Guided Care,standard,Gold,HMO,Individual Texas HMO,TXN002,"$2,000","$9,800",$9800 per person,,,Denton; Tarrant,https://d3ul0st9g52g6o.cloudfront.net/2026/TX/sbc/2026_20069TX051012901.pdf,https://www.hioscar.com/asset/plan-brochure-texas-2026,https://www.hioscar.com/search/?networkId=059&year=2026,Yes,"CMS Marketplace PUF 2026 (Plan Attributes, Network, Service Area)","$2,000"
2026,20069TX0510130-01,Oscar Insurance Company,Gold Simple Guided Care,standard,Gold,HMO,Individual Texas HMO,TXN002,"$3,300","$9,950",$9950 per person,,,Denton; Tarrant,https://d3ul0st9g52g6o.cloudfront.net/2026/TX/sbc/2026_20069TX051013001.pdf,https://www.hioscar.com/asset/plan-brochure-texas-2026,https://www.hioscar.com/search/?networkId=059&year=2026,Yes,"CMS Marketplace PUF 2026 (Plan Attributes, Network, Service Area)","$3,300"
2026,29418TX0140049-01,Ambetter from Superior HealthPlan,Enhanced Diabetes Care Silver with $0 Drug Options,standard,Silver,EPO,Premier,TXN001,"$5,000","$8,650",$8650 per person,,,Collin; Dallas; Denton; Ellis; Hood; Hunt; Johnson; Parker; Rockwall; Tarrant; Wise,https://api.centene.com/SBC/2026/29418TX0140049-01.pdf,https://amb.et/mktbrochure/TX,https://www.ambetterhealth.com/en/tx/findadoc,No,"CMS Marketplace PUF 2026 (Plan Attributes, Network, Service Area)","$5,000"
2026,29418TX0140049-04,Ambetter from Superior HealthPlan,Enhanced Diabetes Care Silver with $0 Drug Options,CSR 73%,Silver,EPO,Premier,TXN001,"$4,000","$8,000",$8000 per person,,,Collin; Dallas; Denton; Ellis; Hood; Hunt; Johnson; Parker; Rockwall; Tarrant; Wise,https://api.centene.com/SBC/2026/29418TX0140049-04.pdf,https://amb.et/mktbrochure/TX,https://www.ambetterhealth.com/en/tx/findadoc,No,"CMS Marketplace PUF 2026 (Plan Attributes, Network, Service Area)","$4,000"
2026,29418TX0140049-05,Ambetter from Superior HealthPlan,Enhanced Diabetes Care Silver with $0 Drug Options,CSR 87%,Silver,EPO,Premier,TXN001,$750,"$3,350",$3350 per person,,,Collin; Dallas; Denton; Ellis; Hood; Hunt; Johnson; Parker; Rockwall; Tarrant; Wise,https://api.centene.com/SBC/2026/29418TX0140049-05.pdf,https://amb.et/mktbrochure/TX,https://www.ambetterhealth.com/en/tx/findadoc,No,"CMS Marketplace PUF 2026 (Plan Attributes, Network, Service Area)",$750
2026,29418TX0140049-06,Ambetter from Superior HealthPlan,Enhanced Diabetes Care Silver with $0 Drug Options,CSR 94%,Silver,EPO,Premier,TXN001,$0,"$1,400",$1400 per person,,,Collin; Dallas; Denton; Ellis; Hood; Hunt; Johnson; Parker; Rockwall; Tarrant; Wise,https://api.centene.com/SBC/2026/29418TX0140049-06.pdf,https://amb.et/mktbrochure/TX,https://www.ambetterhealth.com/en/tx/findadoc,No,"CMS Marketplace PUF 2026 (Plan Attributes, Network, Service Area)",$0
2026,29418TX0140064-01,Ambetter from Superior HealthPlan,Complete Gold,standard,Gold,EPO,Premier,TXN001,"$1,450","$7,500",$7500 per person,,,Collin; Dallas; Denton; Ellis; Hood; Hunt; Johnson; Parker; Rockwall; Tarrant; Wise,https://api.centene.com/SBC/2026/29418TX0140064-01.pdf,https://amb.et/mktbrochure/TX,https://www.ambetterhealth.com/en/tx/findadoc,No,"CMS Marketplace PUF 2026 (Plan Attributes, Network, Service Area)","$1,450"
2026,29418TX0140100-01,Ambetter from Superior HealthPlan,Focused Silver,standard,Silver,EPO,Premier,TXN001,"$6,300","$8,400",$8400 per person,,,Collin; Dallas; Denton; Ellis; Hood; Hunt; Johnson; Parker; Rockwall; Tarrant; Wise,https://api.centene.com/SBC/2026/29418TX0140100-01.pdf,https://amb.et/mktbrochure/TX,https://www.ambetterhealth.com/en/tx/findadoc,No,"CMS Marketplace PUF 2026 (Plan Attributes, Network, Service Area)","$6,300"
2026,29418TX0140100-04,Ambetter from Superior HealthPlan,Focused Silver,CSR 73%,Silver,EPO,Premier,TXN001,"$5,150","$7,200",$7200 per person,,,Collin; Dallas; Denton; Ellis; Hood; Hunt; Johnson; Parker; Rockwall; Tarrant; Wise,https://api.centene.com/SBC/2026/29418TX0140100-04.pdf,https://amb.et/mktbrochure/TX,https://www.ambetterhealth.com/en/tx/findadoc,No,"CMS Marketplace PUF 2026 (Plan Attributes, Network, Service Area)","$5,150"
2026,29418TX0140100-05,Ambetter from Superior HealthPlan,Focused Silver,CSR 87%,Silver,EPO,Premier,TXN001,$0,"$3,350",$3350 per person,,,Collin; Dallas; Denton; Ellis; Hood; Hunt; Johnson; Parker; Rockwall; Tarrant; Wise,https://api.centene.com/SBC/2026/29418TX0140100-05.pdf,https://amb.et/mktbrochure/TX,https://www.ambetterhealth.com/en/tx/findadoc,No,"CMS Marketplace PUF 2026 (Plan Attributes, Network, Service Area)",$0
2026,29418TX0140100-06,Ambetter from Superior HealthPlan,Focused Silver,CSR 94%,Silver,EPO,Premier,TXN001,$0,"$1,500",$1500 per person,,,Collin; Dallas; Denton; Ellis; Hood; Hunt; Johnson; Parker; Rockwall; Tarrant; Wise,https://api.centene.com/SBC/2026/29418TX0140100-06.pdf,https://amb.et/mktbrochure/TX,https://www.ambetterhealth.com/en/tx/findadoc,No,"CMS Marketplace PUF 2026 (Plan Attributes, Network, Service Area)",$0
2026,29418TX0140102-01,Ambetter from Superior HealthPlan,Everyday Gold,standard,Gold,EPO,Premier,TXN001,$800,"$7,250",$7250 per person,,,Collin; Dallas; Denton; Ellis; Hood; Hunt; Johnson; Parker; Rockwall; Tarrant; Wise,https://api.centene.com/SBC/2026/29418TX0140102-01.pdf,https://amb.et/mktbrochure/TX,https://www.ambetterhealth.com/en/tx/findadoc,No,"CMS Marketplace PUF 2026 (Plan Attributes, Network, Service Area)",$800
2026,29418TX0140108-01,Ambetter from Superior HealthPlan,Standard Silver,standard,Silver,EPO,Premier,TXN001,"$6,000","$8,900",$8900 per person,,,Collin; Dallas; Denton; Ellis; Hood; Hunt; Johnson; Parker; Rockwall; Tarrant; Wise,https://api.centene.com/SBC/2026/29418TX0140108-01.pdf,https://amb.et/mktbrochure/TX,https://www.ambetterhealth.com/en/tx/findadoc,No,"CMS Marketplace PUF 2026 (Plan Attributes, Network, Service Area)","$6,000"
2026,29418TX0140108-04,Ambetter from Superior HealthPlan,Standard Silver,CSR 73%,Silver,EPO,Premier,TXN001,"$3,000","$7,400",$7400 per person,,,Collin; Dallas; Denton; Ellis; Hood; Hunt; Johnson; Parker; Rockwall; Tarrant; Wise,https://api.centene.com/SBC/2026/29418TX0140108-04.pdf,https://amb.et/mktbrochure/TX,https://www.ambetterhealth.com/en/tx/findadoc,No,"CMS Marketplace PUF 2026 (Plan Attributes, Network, Service Area)","$3,000"
2026,29418TX0140108-05,Ambetter from Superior HealthPlan,Standard Silver,CSR 87%,Silver,EPO,Premier,TXN001,$700,"$3,300",$3300 per person,,,Collin; Dallas; Denton; Ellis; Hood; Hunt; Johnson; Parker; Rockwall; Tarrant; Wise,https://api.centene.com/SBC/2026/29418TX0140108-05.pdf,https://amb.et/mktbrochure/TX,https://www.ambetterhealth.com/en/tx/findadoc,No,"CMS Marketplace PUF 2026 (Plan Attributes, Network, Service Area)",$700
2026,29418TX0140108-06,Ambetter from Superior HealthPlan,Standard Silver,CSR 94%,Silver,EPO,Premier,TXN001,$0,"$2,200",$2200 per person,,,Collin; Dallas; Denton; Ellis; Hood; Hunt; Johnson; Parker; Rockwall; Tarrant; Wise,https://api.centene.com/SBC/2026/29418TX0140108-06.pdf,https://amb.et/mktbrochure/TX,https://www.ambetterhealth.com/en/tx/findadoc,No,"CMS Marketplace PUF 2026 (Plan Attributes, Network, Service Area)",$0
2026,29418TX0140109-01,Ambetter from Superior HealthPlan,Standard Gold,standard,Gold,EPO,Premier,TXN001,"$2,000","$8,200",$8200 per person,,,Collin; Dallas; Denton; Ellis; Hood; Hunt; Johnson; Parker; Rockwall; Tarrant; Wise,https://api.centene.com/SBC/2026/29418TX0140109-01.pdf,https://amb.et/mktbrochure/TX,https://www.ambetterhealth.com/en/tx/findadoc,No,"CMS Marketplace PUF 2026 (Plan Attributes, Network, Service Area)","$2,000"
2026,29418TX0160020-01,Ambetter from Superior HealthPlan,Complete Gold + Vision + Adult Dental,standard,Gold,EPO,Premier,TXN001,"$1,450","$7,500",$7500 per person,,,Collin; Dallas; Denton; Ellis; Hood; Hunt; Johnson; Parker; Rockwall; Tarrant; Wise,https://api.centene.com/SBC/2026/29418TX0160020-01.pdf,https://amb.et/mktbrochure/TX,https://www.ambetterhealth.com/en/tx/findadoc,No,"CMS Marketplace PUF 2026 (Plan Attributes, Network, Service Area)","$1,450"
2026,29418TX0160052-01,Ambetter from Superior HealthPlan,Standard Gold + Vision + Adult Dental,standard,Gold,EPO,Premier,TXN001,"$2,000","$8,200",$8200 per person,,,Collin; Dallas; Denton; Ellis; Hood; Hunt; Johnson; Parker; Rockwall; Tarrant; Wise,https://api.centene.com/SBC/2026/29418TX0160052-01.pdf,https://amb.et/mktbrochure/TX,https://www.ambetterhealth.com/en/tx/findadoc,No,"CMS Marketplace PUF 2026 (Plan Attributes, Network, Service Area)","$2,000"
2026,29418TX0160053-01,Ambetter from Superior HealthPlan,Enhanced Diabetes Care Silver with $0 Drug Options + Vision + Adult Dental,standard,Silver,EPO,Premier,TXN001,"$5,000","$8,650",$8650 per person,,,Collin; Dallas; Denton; Ellis; Hood; Hunt; Johnson; Parker; Rockwall; Tarrant; Wise,https://api.centene.com/SBC/2026/29418TX0160053-01.pdf,https://amb.et/mktbrochure/TX,https://www.ambetterhealth.com/en/tx/findadoc,No,"CMS Marketplace PUF 2026 (Plan Attributes, Network, Service Area)","$5,000"
2026,29418TX0160053-04,Ambetter from Superior HealthPlan,Enhanced Diabetes Care Silver with $0 Drug Options + Vision + Adult Dental,CSR 73%,Silver,EPO,Premier,TXN001,"$4,000","$8,000",$8000 per person,,,Collin; Dallas; Denton; Ellis; Hood; Hunt; Johnson; Parker; Rockwall; Tarrant; Wise,https://api.centene.com/SBC/2026/29418TX0160053-04.pdf,https://amb.et/mktbrochure/TX,https://www.ambetterhealth.com/en/tx/findadoc,No,"CMS Marketplace PUF 2026 (Plan Attributes, Network, Service Area)","$4,000"
2026,29418TX0160053-05,Ambetter from Superior HealthPlan,Enhanced Diabetes Care Silver with $0 Drug Options + Vision + Adult Dental,CSR 87%,Silver,EPO,Premier,TXN001,$750,"$3,350",$3350 per person,,,Collin; Dallas; Denton; Ellis; Hood; Hunt; Johnson; Parker; Rockwall; Tarrant; Wise,https://api.centene.com/SBC/2026/29418TX0160053-05.pdf,https://amb.et/mktbrochure/TX,https://www.ambetterhealth.com/en/tx/findadoc,No,"CMS Marketplace PUF 2026 (Plan Attributes, Network, Service Area)",$750
2026,29418TX0160053-06,Ambetter from Superior HealthPlan,Enhanced Diabetes Care Silver with $0 Drug Options + Vision + Adult Dental,CSR 94%,Silver,EPO,Premier,TXN001,$0,"$1,400",$1400 per person,,,Collin; Dallas; Denton; Ellis; Hood; Hunt; Johnson; Parker; Rockwall; Tarrant; Wise,https://api.centene.com/SBC/2026/29418TX0160053-06.pdf,https://amb.et/mktbrochure/TX,https://www.ambetterhealth.com/en/tx/findadoc,No,"CMS Marketplace PUF 2026 (Plan Attributes, Network, Service Area)",$0
2026,29418TX0160054-01,Ambetter from Superior HealthPlan,Standard Silver + Vision + Adult Dental,standard,Silver,EPO,Premier,TXN001,"$6,000","$8,900",$8900 per person,,,Collin; Dallas; Denton; Ellis; Hood; Hunt; Johnson; Parker; Rockwall; Tarrant; Wise,https://api.centene.com/SBC/2026/29418TX0160054-01.pdf,https://amb.et/mktbrochure/TX,https://www.ambetterhealth.com/en/tx/findadoc,No,"CMS Marketplace PUF 2026 (Plan Attributes, Network, Service Area)","$6,000"
2026,29418TX0160054-04,Ambetter from Superior HealthPlan,Standard Silver + Vision + Adult Dental,CSR 73%,Silver,EPO,Premier,TXN001,"$3,000","$7,400",$7400 per person,,,Collin; Dallas; Denton; Ellis; Hood; Hunt; Johnson; Parker; Rockwall; Tarrant; Wise,https://api.centene.com/SBC/2026/29418TX0160054-04.pdf,https://amb.et/mktbrochure/TX,https://www.ambetterhealth.com/en/tx/findadoc,No,"CMS Marketplace PUF 2026 (Plan Attributes, Network, Service Area)","$3,000"
2026,29418TX0160054-05,Ambetter from Superior HealthPlan,Standard Silver + Vision + Adult Dental,CSR 87%,Silver,EPO,Premier,TXN001,$700,"$3,300",$3300 per person,,,Collin; Dallas; Denton; Ellis; Hood; Hunt; Johnson; Parker; Rockwall; Tarrant; Wise,https://api.centene.com/SBC/2026/29418TX0160054-05.pdf,https://amb.et/mktbrochure/TX,https://www.ambetterhealth.com/en/tx/findadoc,No,"CMS Marketplace PUF 2026 (Plan Attributes, Network, Service Area)",$700
2026,29418TX0160054-06,Ambetter from Superior HealthPlan,Standard Silver + Vision + Adult Dental,CSR 94%,Silver,EPO,Premier,TXN001,$0,"$2,200",$2200 per person,,,Collin; Dallas; Denton; Ellis; Hood; Hunt; Johnson; Parker; Rockwall; Tarrant; Wise,https://api.centene.com/SBC/2026/29418TX0160054-06.pdf,https://amb.et/mktbrochure/TX,https://www.ambetterhealth.com/en/tx/findadoc,No,"CMS Marketplace PUF 2026 (Plan Attributes, Network, Service Area)",$0
2026,29418TX0160100-01,Ambetter from Superior HealthPlan,Focused Silver + Vision + Adult Dental,standard,Silver,EPO,Premier,TXN001,"$6,300","$8,400",$8400 per person,,,Collin; Dallas; Denton; Ellis; Hood; Hunt; Johnson; Parker; Rockwall; Tarrant; Wise,https://api.centene.com/SBC/2026/29418TX0160100-01.pdf,https://amb.et/mktbrochure/TX,https://www.ambetterhealth.com/en/tx/findadoc,No,"CMS Marketplace PUF 2026 (Plan Attributes, Network, Service Area)","$6,300"
2026,29418TX0160100-04,Ambetter from Superior HealthPlan,Focused Silver + Vision + Adult Dental,CSR 73%,Silver,EPO,Premier,TXN001,"$5,150","$7,200",$7200 per person,,,Collin; Dallas; Denton; Ellis; Hood; Hunt; Johnson; Parker; Rockwall; Tarrant; Wise,https://api.centene.com/SBC/2026/29418TX0160100-04.pdf,https://amb.et/mktbrochure/TX,https://www.ambetterhealth.com/en/tx/findadoc,No,"CMS Marketplace PUF 2026 (Plan Attributes, Network, Service Area)","$5,150"
2026,29418TX0160100-05,Ambetter from Superior HealthPlan,Focused Silver + Vision + Adult Dental,CSR 87%,Silver,EPO,Premier,TXN001,$0,"$3,350",$3350 per person,,,Collin; Dallas; Denton; Ellis; Hood; Hunt; Johnson; Parker; Rockwall; Tarrant; Wise,https://api.centene.com/SBC/2026/29418TX0160100-05.pdf,https://amb.et/mktbrochure/TX,https://www.ambetterhealth.com/en/tx/findadoc,No,"CMS Marketplace PUF 2026 (Plan Attributes, Network, Service Area)",$0
2026,29418TX0160100-06,Ambetter from Superior HealthPlan,Focused Silver + Vision + Adult Dental,CSR 94%,Silver,EPO,Premier,TXN001,$0,"$1,500",$1500 per person,,,Collin; Dallas; Denton; Ellis; Hood; Hunt; Johnson; Parker; Rockwall; Tarrant; Wise,https://api.centene.com/SBC/2026/29418TX0160100-06.pdf,https://amb.et/mktbrochure/TX,https://www.ambetterhealth.com/en/tx/findadoc,No,"CMS Marketplace PUF 2026 (Plan Attributes, Network, Service Area)",$0
2026,29418TX0160102-01,Ambetter from Superior HealthPlan,Everyday Gold + Vision + Adult Dental,standard,Gold,EPO,Premier,TXN001,$800,"$7,250",$7250 per person,,,Collin; Dallas; Denton; Ellis; Hood; Hunt; Johnson; Parker; Rockwall; Tarrant; Wise,https://api.centene.com/SBC/2026/29418TX0160102-01.pdf,https://amb.et/mktbrochure/TX,https://www.ambetterhealth.com/en/tx/findadoc,No,"CMS Marketplace PUF 2026 (Plan Attributes, Network, Service Area)",$800
2026,33602TX0460561-01,Blue Cross and Blue Shield of Texas,Blue Advantage Gold HMO℠ 206,standard,Gold,HMO,Blue Advantage,TXN009,$550,"$10,100",$10100 per person,,,Collin; Dallas; Ellis; Hunt; Kaufman; Rockwall,https://www.bcbstx.com/sbc/ind/sbc-ghsh30bavitxp-tx-2026.pdf,https://www.bcbstx.com/plan-docs/ind/brochure-tx-2026.pdf,https://my.providerfinderonline.com/?ci=tx-blueadvantage-retail&corp_code=TX,Yes,"CMS Marketplace PUF 2026 (Plan Attributes, Network, Service Area)",$550
2026,33602TX0460661-01,Blue Cross and Blue Shield of Texas,Blue Advantage Security HMO℠ 200,standard,Catastrophic,HMO,Blue Advantage,TXN009,"$10,600","$10,600",$10600 per person,,,Collin; Dallas; Ellis; Hunt; Kaufman; Rockwall,https://www.bcbstx.com/sbc/ind/sbc-chsh30bavitxp-tx-2026.pdf,https://www.bcbstx.com/plan-docs/ind/brochure-tx-2026.pdf,https://my.providerfinderonline.com/?ci=tx-blueadvantage-retail&corp_code=TX,Yes,"CMS Marketplace PUF 2026 (Plan Attributes, Network, Service Area)","$10,600"
2026,33602TX0460686-01,Blue Cross and Blue Shield of Texas,Blue Advantage Silver HMO℠ 205,standard,Silver,HMO,Blue Advantage,TXN009,"$1,450","$10,600",$10600 per person,,,Collin; Dallas; Ellis; Hunt; Kaufman; Rockwall,https://www.bcbstx.com/sbc/ind/sbc-shsh31bavitxp-tx-2026.pdf,https://www.bcbstx.com/plan-docs/ind/brochure-tx-2026.pdf,https://my.providerfinderonline.com/?ci=tx-blueadvantage-retail&corp_code=TX,Yes,"CMS Marketplace PUF 2026 (Plan Attributes, Network, Service Area)","$1,450"
2026,33602TX0460686-04,Blue Cross and Blue Shield of Texas,Blue Advantage Silver HMO℠ 205,CSR 73%,Silver,HMO,Blue Advantage,TXN009,"$1,150","$8,450",$8450 per person,,,Collin; Dallas; Ellis; Hunt; Kaufman; Rockwall,https://www.bcbstx.com/sbc/ind/sbc-sh4h31bavitxp-tx-2026.pdf,https://www.bcbstx.com/plan-docs/ind/brochure-tx-2026.pdf,https://my.providerfinderonline.com/?ci=tx-blueadvantage-retail&corp_code=TX,Yes,"CMS Marketplace PUF 2026 (Plan Attributes, Network, Service Area)","$1,150"
2026,33602TX0460686-05,Blue Cross and Blue Shield of Texas,Blue Advantage Silver HMO℠ 205,CSR 87%,Silver,HMO,Blue Advantage,TXN009,$500,"$2,850",$2850 per person,,,Collin; Dallas; Ellis; Hunt; Kaufman; Rockwall,https://www.bcbstx.com/sbc/ind/sbc-sh5h31bavitxp-tx-2026.pdf,https://www.bcbstx.com/plan-docs/ind/brochure-tx-2026.pdf,https://my.providerfinderonline.com/?ci=tx-blueadvantage-retail&corp_code=TX,Yes,"CMS Marketplace PUF 2026 (Plan Attributes, Network, Service Area)",$500
2026,33602TX0460686-06,Blue Cross and Blue Shield of Texas,Blue Advantage Silver HMO℠ 205,CSR 94%,Silver,HMO,Blue Advantage,TXN009,$0,"$1,150",$1150 per person,,,Collin; Dallas; Ellis; Hunt; Kaufman; Rockwall,https://www.bcbstx.com/sbc/ind/sbc-sh6h31bavitxp-tx-2026.pdf,https://www.bcbstx.com/plan-docs/ind/brochure-tx-2026.pdf,https://my.providerfinderonline.com/?ci=tx-blueadvantage-retail&corp_code=TX,Yes,"CMS Marketplace PUF 2026 (Plan Attributes, Network, Service Area)",$0
2026,33602TX0460711-01,Blue Cross and Blue Shield of Texas,Blue Advantage Bronze HMO℠ 204,standard,Expanded Bronze,HMO,Blue Advantage,TXN009,"$6,000","$10,150",$10150 per person,,,Collin; Dallas; Ellis; Hunt; Kaufman; Rockwall,https://www.bcbstx.com/sbc/ind/sbc-bhsh31bavitxp-tx-2026.pdf,https://www.bcbstx.com/plan-docs/ind/brochure-tx-2026.pdf,https://my.providerfinderonline.com/?ci=tx-blueadvantage-retail&corp_code=TX,Yes,"CMS Marketplace PUF 2026 (Plan Attributes, Network, Service Area)","$6,000"
2026,33602TX0460934-01,Blue Cross and Blue Shield of Texas,Blue Advantage Gold HMO℠ Standard,standard,Gold,HMO,Blue Advantage,TXN009,"$2,000","$8,200",$8200 per person,,,Collin; Dallas; Ellis; Hunt; Kaufman; Rockwall,https://www.bcbstx.com/sbc/ind/sbc-ghsa71bavitxp-tx-2026.pdf,https://www.bcbstx.com/plan-docs/ind/brochure-tx-2026.pdf,https://my.providerfinderonline.com/?ci=tx-blueadvantage-retail&corp_code=TX,Yes,"CMS Marketplace PUF 2026 (Plan Attributes, Network, Service Area)","$2,000"
2026,33602TX0460951-01,Blue Cross and Blue Shield of Texas,Blue Advantage Gold HMO℠ Standard,standard,Gold,HMO,Blue Advantage,TXN009,"$2,000","$8,200",$8200 per person,,,Denton; Hood; Johnson; Parker; Tarrant; Wise,https://www.bcbstx.com/sbc/ind/sbc-ghsa71bavitxp-tx-2026.pdf,https://www.bcbstx.com/plan-docs/ind/brochure-tx-2026.pdf,https://my.providerfinderonline.com/?ci=tx-blueadvantage-retail&corp_code=TX,Yes,"CMS Marketplace PUF 2026 (Plan Attributes, Network, Service Area)","$2,000"
2026,33602TX0460960-01,Blue Cross and Blue Shield of Texas,Blue Advantage Silver HMO℠ Standard,standard,Silver,HMO,Blue Advantage,TXN009,"$6,000","$8,900",$8900 per person,,,Collin; Dallas; Ellis; Hunt; Kaufman; Rockwall,https://www.bcbstx.com/sbc/ind/sbc-shsa72bavitxp-tx-2026.pdf,https://www.bcbstx.com/plan-docs/ind/brochure-tx-2026.pdf,https://my.providerfinderonline.com/?ci=tx-blueadvantage-retail&corp_code=TX,Yes,"CMS Marketplace PUF 2026 (Plan Attributes, Network, Service Area)","$6,000"
2026,33602TX0460960-04,Blue Cross and Blue Shield of Texas,Blue Advantage Silver HMO℠ Standard,CSR 73%,Silver,HMO,Blue Advantage,TXN009,"$3,000","$7,400",$7400 per person,,,Collin; Dallas; Ellis; Hunt; Kaufman; Rockwall,https://www.bcbstx.com/sbc/ind/sbc-sh4a72bavitxp-tx-2026.pdf,https://www.bcbstx.com/plan-docs/ind/brochure-tx-2026.pdf,https://my.providerfinderonline.com/?ci=tx-blueadvantage-retail&corp_code=TX,Yes,"CMS Marketplace PUF 2026 (Plan Attributes, Network, Service Area)","$3,000"
2026,33602TX0460960-05,Blue Cross and Blue Shield of Texas,Blue Advantage Silver HMO℠ Standard,CSR 87%,Silver,HMO,Blue Advantage,TXN009,$700,"$3,300",$3300 per person,,,Collin; Dallas; Ellis; Hunt; Kaufman; Rockwall,https://www.bcbstx.com/sbc/ind/sbc-sh5a72bavitxp-tx-2026.pdf,https://www.bcbstx.com/plan-docs/ind/brochure-tx-2026.pdf,https://my.providerfinderonline.com/?ci=tx-blueadvantage-retail&corp_code=TX,Yes,"CMS Marketplace PUF 2026 (Plan Attributes, Network, Service Area)",$700
2026,33602TX0460960-06,Blue Cross and Blue Shield of Texas,Blue Advantage Silver HMO℠ Standard,CSR 94%,Silver,HMO,Blue Advantage,TXN009,$0,"$2,200",$2200 per person,,,Collin; Dallas; Ellis; Hunt; Kaufman; Rockwall,https://www.bcbstx.com/sbc/ind/sbc-sh6a72bavitxp-tx-2026.pdf,https://www.bcbstx.com/plan-docs/ind/brochure-tx-2026.pdf,https://my.providerfinderonline.com/?ci=tx-blueadvantage-retail&corp_code=TX,Yes,"CMS Marketplace PUF 2026 (Plan Attributes, Network, Service Area)",$0
2026,33602TX0460977-01,Blue Cross and Blue Shield of Texas,Blue Advantage Silver HMO℠ Standard,standard,Silver,HMO,Blue Advantage,TXN009,"$6,000","$8,900",$8900 per person,,,Denton; Hood; Johnson; Parker; Tarrant; Wise,https://www.bcbstx.com/sbc/ind/sbc-shsa72bavitxp-tx-2026.pdf,https://www.bcbstx.com/plan-docs/ind/brochure-tx-2026.pdf,https://my.providerfinderonline.com/?ci=tx-blueadvantage-retail&corp_code=TX,Yes,"CMS Marketplace PUF 2026 (Plan Attributes, Network, Service Area)","$6,000"
2026,33602TX0460977-04,Blue Cross and Blue Shield of Texas,Blue Advantage Silver HMO℠ Standard,CSR 73%,Silver,HMO,Blue Advantage,TXN009,"$3,000","$7,400",$7400 per person,,,Denton; Hood; Johnson; Parker; Tarrant; Wise,https://www.bcbstx.com/sbc/ind/sbc-sh4a72bavitxp-tx-2026.pdf,https://www.bcbstx.com/plan-docs/ind/brochure-tx-2026.pdf,https://my.providerfinderonline.com/?ci=tx-blueadvantage-retail&corp_code=TX,Yes,"CMS Marketplace PUF 2026 (Plan Attributes, Network, Service Area)","$3,000"
2026,33602TX0460977-05,Blue Cross and Blue Shield of Texas,Blue Advantage Silver HMO℠ Standard,CSR 87%,Silver,HMO,Blue Advantage,TXN009,$700,"$3,300",$3300 per person,,,Denton; Hood; Johnson; Parker; Tarrant; Wise,https://www.bcbstx.com/sbc/ind/sbc-sh5a72bavitxp-tx-2026.pdf,https://www.bcbstx.com/plan-docs/ind/brochure-tx-2026.pdf,https://my.providerfinderonline.com/?ci=tx-blueadvantage-retail&corp_code=TX,Yes,"CMS Marketplace PUF 2026 (Plan Attributes, Network, Service Area)",$700
2026,33602TX0460977-06,Blue Cross and Blue Shield of Texas,Blue Advantage Silver HMO℠ Standard,CSR 94%,Silver,HMO,Blue Advantage,TXN009,$0,"$2,200",$2200 per person,,,Denton; Hood; Johnson; Parker; Tarrant; Wise,https://www.bcbstx.com/sbc/ind/sbc-sh6a72bavitxp-tx-2026.pdf,https://www.bcbstx.com/plan-docs/ind/brochure-tx-2026.pdf,https://my.providerfinderonline.com/?ci=tx-blueadvantage-retail&corp_code=TX,Yes,"CMS Marketplace PUF 2026 (Plan Attributes, Network, Service Area)",$0
2026,33602TX0461039-01,Blue Cross and Blue Shield of Texas,Blue Advantage Bronze HMO℠ Standard,standard,Expanded Bronze,HMO,Blue Advantage,TXN009,"$7,500","$10,000",$10000 per person,,,Collin; Dallas; Ellis; Hunt; Kaufman; Rockwall,https://www.bcbstx.com/sbc/ind/sbc-bhsa90bavitxp-tx-2026.pdf,https://www.bcbstx.com/plan-docs/ind/brochure-tx-2026.pdf,https://my.providerfinderonline.com/?ci=tx-blueadvantage-retail&corp_code=TX,Yes,"CMS Marketplace PUF 2026 (Plan Attributes, Network, Service Area)","$7,500"
2026,33602TX0461056-01,Blue Cross and Blue Shield of Texas,Blue Advantage Bronze HMO℠ Standard,standard,Expanded Bronze,HMO,Blue Advantage,TXN009,"$7,500","$10,000",$10000 per person,,,Denton; Hood; Johnson; Parker; Tarrant; Wise,https://www.bcbstx.com/sbc/ind/sbc-bhsa90bavitxp-tx-2026.pdf,https://www.bcbstx.com/plan-docs/ind/brochure-tx-2026.pdf,https://my.providerfinderonline.com/?ci=tx-blueadvantage-retail&corp_code=TX,Yes,"CMS Marketplace PUF 2026 (Plan Attributes, Network, Service Area)","$7,500"
2026,33602TX0461061-01,Blue Cross and Blue Shield of Texas,Blue Advantage Gold HMO℠ 206,standard,Gold,HMO,Blue Advantage,TXN009,$550,"$10,100",$10100 per person,,,Denton; Hood; Johnson; Parker; Tarrant; Wise,https://www.bcbstx.com/sbc/ind/sbc-ghsh30bavitxp-tx-2026.pdf,https://www.bcbstx.com/plan-docs/ind/brochure-tx-2026.pdf,https://my.providerfinderonline.com/?ci=tx-blueadvantage-retail&corp_code=TX,Yes,"CMS Marketplace PUF 2026 (Plan Attributes, Network, Service Area)",$550
2026,33602TX0461069-01,Blue Cross and Blue Shield of Texas,Blue Advantage Silver HMO℠ 205,standard,Silver,HMO,Blue Advantage,TXN009,"$1,450","$10,600",$10600 per person,,,Denton; Hood; Johnson; Parker; Tarrant; Wise,https://www.bcbstx.com/sbc/ind/sbc-shsh31bavitxp-tx-2026.pdf,https://www.bcbstx.com/plan-docs/ind/brochure-tx-2026.pdf,https://my.providerfinderonline.com/?ci=tx-blueadvantage-retail&corp_code=TX,Yes,"CMS Marketplace PUF 2026 (Plan Attributes, Network, Service Area)","$1,450"
2026,33602TX0461069-04,Blue Cross and Blue Shield of Texas,Blue Advantage Silver HMO℠ 205,CSR 73%,Silver,HMO,Blue Advantage,TXN009,"$1,150","$8,450",$8450 per person,,,Denton; Hood; Johnson; Parker; Tarrant; Wise,https://www.bcbstx.com/sbc/ind/sbc-sh4h31bavitxp-tx-2026.pdf,https://www.bcbstx.com/plan-docs/ind/brochure-tx-2026.pdf,https://my.providerfinderonline.com/?ci=tx-blueadvantage-retail&corp_code=TX,Yes,"CMS Marketplace PUF 2026 (Plan Attributes, Network, Service Area)","$1,150"
2026,33602TX0461069-05,Blue Cross and Blue Shield of Texas,Blue Advantage Silver HMO℠ 205,CSR 87%,Silver,HMO,Blue Advantage,TXN009,$500,"$2,850",$2850 per person,,,Denton; Hood; Johnson; Parker; Tarrant; Wise,https://www.bcbstx.com/sbc/ind/sbc-sh5h31bavitxp-tx-2026.pdf,https://www.bcbstx.com/plan-docs/ind/brochure-tx-2026.pdf,https://my.providerfinderonline.com/?ci=tx-blueadvantage-retail&corp_code=TX,Yes,"CMS Marketplace PUF 2026 (Plan Attributes, Network, Service Area)",$500
2026,33602TX0461069-06,Blue Cross and Blue Shield of Texas,Blue Advantage Silver HMO℠ 205,CSR 94%,Silver,HMO,Blue Advantage,TXN009,$0,"$1,150",$1150 per person,,,Denton; Hood; Johnson; Parker; Tarrant; Wise,https://www.bcbstx.com/sbc/ind/sbc-sh6h31bavitxp-tx-2026.pdf,https://www.bcbstx.com/plan-docs/ind/brochure-tx-2026.pdf,https://my.providerfinderonline.com/?ci=tx-blueadvantage-retail&corp_code=TX,Yes,"CMS Marketplace PUF 2026 (Plan Attributes, Network, Service Area)",$0
2026,33602TX0461073-01,Blue Cross and Blue Shield of Texas,Blue Advantage Bronze HMO℠ 204,standard,Expanded Bronze,HMO,Blue Advantage,TXN009,"$6,000","$10,150",$10150 per person,,,Denton; Hood; Johnson; Parker; Tarrant; Wise,https://www.bcbstx.com/sbc/ind/sbc-bhsh31bavitxp-tx-2026.pdf,https://www.bcbstx.com/plan-docs/ind/brochure-tx-2026.pdf,https://my.providerfinderonline.com/?ci=tx-blueadvantage-retail&corp_code=TX,Yes,"CMS Marketplace PUF 2026 (Plan Attributes, Network, Service Area)","$6,000"
2026,33602TX0461077-01,Blue Cross and Blue Shield of Texas,Blue Advantage Security HMO℠ 200,standard,Catastrophic,HMO,Blue Advantage,TXN009,"$10,600","$10,600",$10600 per person,,,Denton; Hood; Johnson; Parker; Tarrant; Wise,https://www.bcbstx.com/sbc/ind/sbc-chsh30bavitxp-tx-2026.pdf,https://www.bcbstx.com/plan-docs/ind/brochure-tx-2026.pdf,https://my.providerfinderonline.com/?ci=tx-blueadvantage-retail&corp_code=TX,Yes,"CMS Marketplace PUF 2026 (Plan Attributes, Network, Service Area)","$10,600"
2026,33602TX0461117-01,Blue Cross and Blue Shield of Texas,MyBlue Health Bronze℠ 402,standard,Expanded Bronze,HMO,MyBlue Health,TXN002,"$5,000","$9,000",$9000 per person,,,Collin; Dallas; Rockwall,https://www.bcbstx.com/sbc/ind/sbc-bhsa01bftitxp-tx-2026.pdf,https://www.bcbstx.com/plan-docs/ind/brochure-tx-2026.pdf,https://my.providerfinderonline.com/?ci=tx-myblue-health&corp_code=TX,Yes,"CMS Marketplace PUF 2026 (Plan Attributes, Network, Service Area)","$5,000"
2026,33602TX0461122-01,Blue Cross and Blue Shield of Texas,MyBlue Health Bronze℠ 402,standard,Expanded Bronze,HMO,MyBlue Health,TXN002,"$5,000","$9,000",$9000 per person,,,Denton; Tarrant,https://www.bcbstx.com/sbc/ind/sbc-bhsa01bftitxp-tx-2026.pdf,https://www.bcbstx.com/plan-docs/ind/brochure-tx-2026.pdf,https://my.providerfinderonline.com/?ci=tx-myblue-health&corp_code=TX,Yes,"CMS Marketplace PUF 2026 (Plan Attributes, Network, Service Area)","$5,000"
2026,33602TX0461124-01,Blue Cross and Blue Shield of Texas,MyBlue Health Gold℠ 403,standard,Gold,HMO,MyBlue Health,TXN002,$500,"$8,500",$8500 per person,,,Collin; Dallas; Rockwall,https://www.bcbstx.com/sbc/ind/sbc-ghsa01bftitxp-tx-2026.pdf,https://www.bcbstx.com/plan-docs/ind/brochure-tx-2026.pdf,https://my.providerfinderonline.com/?ci=tx-myblue-health&corp_code=TX,Yes,"CMS Marketplace PUF 2026 (Plan Attributes, Network, Service Area)",$500
2026,33602TX0461129-01,Blue Cross and Blue Shield of Texas,MyBlue Health Gold℠ 403,standard,Gold,HMO,MyBlue Health,TXN002,$500,"$8,500",$8500 per person,,,Denton; Tarrant,https://www.bcbstx.com/sbc/ind/sbc-ghsa01bftitxp-tx-2026.pdf,https://www.bcbstx.com/plan-docs/ind/brochure-tx-2026.pdf,https://my.providerfinderonline.com/?ci=tx-myblue-health&corp_code=TX,Yes,"CMS Marketplace PUF 2026 (Plan Attributes, Network, Service Area)",$500
2026,33602TX0461131-01,Blue Cross and Blue Shield of Texas,MyBlue Health Silver℠ 405,standard,Silver,HMO,MyBlue Health,TXN002,"$1,500","$10,600",$10600 per person,,,Collin; Dallas; Rockwall,https://www.bcbstx.com/sbc/ind/sbc-shsa03bftitxp-tx-2026.pdf,https://www.bcbstx.com/plan-docs/ind/brochure-tx-2026.pdf,https://my.providerfinderonline.com/?ci=tx-myblue-health&corp_code=TX,Yes,"CMS Marketplace PUF 2026 (Plan Attributes, Network, Service Area)","$1,500"
2026,33602TX0461131-04,Blue Cross and Blue Shield of Texas,MyBlue Health Silver℠ 405,CSR 73%,Silver,HMO,MyBlue Health,TXN002,"$1,100","$8,350",$8350 per person,,,Collin; Dallas; Rockwall,https://www.bcbstx.com/sbc/ind/sbc-sh4a03bftitxp-tx-2026.pdf,https://www.bcbstx.com/plan-docs/ind/brochure-tx-2026.pdf,https://my.providerfinderonline.com/?ci=tx-myblue-health&corp_code=TX,Yes,"CMS Marketplace PUF 2026 (Plan Attributes, Network, Service Area)","$1,100"
2026,33602TX0461131-05,Blue Cross and Blue Shield of Texas,MyBlue Health Silver℠ 405,CSR 87%,Silver,HMO,MyBlue Health,TXN002,$150,"$2,900",$2900 per person,,,Collin; Dallas; Rockwall,https://www.bcbstx.com/sbc/ind/sbc-sh5a03bftitxp-tx-2026.pdf,https://www.bcbstx.com/plan-docs/ind/brochure-tx-2026.pdf,https://my.providerfinderonline.com/?ci=tx-myblue-health&corp_code=TX,Yes,"CMS Marketplace PUF 2026 (Plan Attributes, Network, Service Area)",$150
2026,33602TX0461131-06,Blue Cross and Blue Shield of Texas,MyBlue Health Silver℠ 405,CSR 94%,Silver,HMO,MyBlue Health,TXN002,$0,$925,$925 per person,,,Collin; Dallas; Rockwall,https://www.bcbstx.com/sbc/ind/sbc-sh6a03bftitxp-tx-2026.pdf,https://www.bcbstx.com/plan-docs/ind/brochure-tx-2026.pdf,https://my.providerfinderonline.com/?ci=tx-myblue-health&corp_code=TX,Yes,"CMS Marketplace PUF 2026 (Plan Attributes, Network, Service Area)",$0
2026,33602TX0461136-01,Blue Cross and Blue Shield of Texas,MyBlue Health Silver℠ 405,standard,Silver,HMO,MyBlue Health,TXN002,"$1,500","$10,600",$10600 per person,,,Denton; Tarrant,https://www.bcbstx.com/sbc/ind/sbc-shsa03bftitxp-tx-2026.pdf,https://www.bcbstx.com/plan-docs/ind/brochure-tx-2026.pdf,https://my.providerfinderonline.com/?ci=tx-myblue-health&corp_code=TX,Yes,"CMS Marketplace PUF 2026 (Plan Attributes, Network, Service Area)","$1,500"
2026,33602TX0461136-04,Blue Cross and Blue Shield of Texas,MyBlue Health Silver℠ 405,CSR 73%,Silver,HMO,MyBlue Health,TXN002,"$1,100","$8,350",$8350 per person,,,Denton; Tarrant,https://www.bcbstx.com/sbc/ind/sbc-sh4a03bftitxp-tx-2026.pdf,https://www.bcbstx.com/plan-docs/ind/brochure-tx-2026.pdf,https://my.providerfinderonline.com/?ci=tx-myblue-health&corp_code=TX,Yes,"CMS Marketplace PUF 2026 (Plan Attributes, Network, Service Area)","$1,100"
2026,33602TX0461136-05,Blue Cross and Blue Shield of Texas,MyBlue Health Silver℠ 405,CSR 87%,Silver,HMO,MyBlue Health,TXN002,$150,"$2,900",$2900 per person,,,Denton; Tarrant,https://www.bcbstx.com/sbc/ind/sbc-sh5a03bftitxp-tx-2026.pdf,https://www.bcbstx.com/plan-docs/ind/brochure-tx-2026.pdf,https://my.providerfinderonline.com/?ci=tx-myblue-health&corp_code=TX,Yes,"CMS Marketplace PUF 2026 (Plan Attributes, Network, Service Area)",$150
2026,33602TX0461136-06,Blue Cross and Blue Shield of Texas,MyBlue Health Silver℠ 405,CSR 94%,Silver,HMO,MyBlue Health,TXN002,$0,$925,$925 per person,,,Denton; Tarrant,https://www.bcbstx.com/sbc/ind/sbc-sh6a03bftitxp-tx-2026.pdf,https://www.bcbstx.com/plan-docs/ind/brochure-tx-2026.pdf,https://my.providerfinderonline.com/?ci=tx-myblue-health&corp_code=TX,Yes,"CMS Marketplace PUF 2026 (Plan Attributes, Network, Service Area)",$0
2026,33602TX0461159-01,Blue Cross and Blue Shield of Texas,MyBlue Health Bronze℠ Standard,standard,Expanded Bronze,HMO,MyBlue Health,TXN002,"$7,500","$10,000",$10000 per person,,,Collin; Dallas; Rockwall,https://www.bcbstx.com/sbc/ind/sbc-bhsd42bftitxp-tx-2026.pdf,https://www.bcbstx.com/plan-docs/ind/brochure-tx-2026.pdf,https://my.providerfinderonline.com/?ci=tx-myblue-health&corp_code=TX,Yes,"CMS Marketplace PUF 2026 (Plan Attributes, Network, Service Area)","$7,500"
2026,33602TX0461164-01,Blue Cross and Blue Shield of Texas,MyBlue Health Bronze℠ Standard,standard,Expanded Bronze,HMO,MyBlue Health,TXN002,"$7,500","$10,000",$10000 per person,,,Denton; Tarrant,https://www.bcbstx.com/sbc/ind/sbc-bhsd42bftitxp-tx-2026.pdf,https://www.bcbstx.com/plan-docs/ind/brochure-tx-2026.pdf,https://my.providerfinderonline.com/?ci=tx-myblue-health&corp_code=TX,Yes,"CMS Marketplace PUF 2026 (Plan Attributes, Network, Service Area)","$7,500"
2026,33602TX0461166-01,Blue Cross and Blue Shield of Texas,MyBlue Health Gold℠ Standard,standard,Gold,HMO,MyBlue Health,TXN002,"$2,000","$8,200",$8200 per person,,,Collin; Dallas; Rockwall,https://www.bcbstx.com/sbc/ind/sbc-ghsd46bftitxp-tx-2026.pdf,https://www.bcbstx.com/plan-docs/ind/brochure-tx-2026.pdf,https://my.providerfinderonline.com/?ci=tx-myblue-health&corp_code=TX,Yes,"CMS Marketplace PUF 2026 (Plan Attributes, Network, Service Area)","$2,000"
2026,33602TX0461171-01,Blue Cross and Blue Shield of Texas,MyBlue Health Gold℠ Standard,standard,Gold,HMO,MyBlue Health,TXN002,"$2,000","$8,200",$8200 per person,,,Denton; Tarrant,https://www.bcbstx.com/sbc/ind/sbc-ghsd46bftitxp-tx-2026.pdf,https://www.bcbstx.com/plan-docs/ind/brochure-tx-2026.pdf,https://my.providerfinderonline.com/?ci=tx-myblue-health&corp_code=TX,Yes,"CMS Marketplace PUF 2026 (Plan Attributes, Network, Service Area)","$2,000"
2026,33602TX0461173-01,Blue Cross and Blue Shield of Texas,MyBlue Health Silver℠ Standard,standard,Silver,HMO,MyBlue Health,TXN002,"$6,000","$8,900",$8900 per person,,,Collin; Dallas; Rockwall,https://www.bcbstx.com/sbc/ind/sbc-shsd50bftitxp-tx-2026.pdf,https://www.bcbstx.com/plan-docs/ind/brochure-tx-2026.pdf,https://my.providerfinderonline.com/?ci=tx-myblue-health&corp_code=TX,Yes,"CMS Marketplace PUF 2026 (Plan Attributes, Network, Service Area)","$6,000"
2026,33602TX0461173-04,Blue Cross and Blue Shield of Texas,MyBlue Health Silver℠ Standard,CSR 73%,Silver,HMO,MyBlue Health,TXN002,"$3,000","$7,400",$7400 per person,,,Collin; Dallas; Rockwall,https://www.bcbstx.com/sbc/ind/sbc-sh4d50bftitxp-tx-2026.pdf,https://www.bcbstx.com/plan-docs/ind/brochure-tx-2026.pdf,https://my.providerfinderonline.com/?ci=tx-myblue-health&corp_code=TX,Yes,"CMS Marketplace PUF 2026 (Plan Attributes, Network, Service Area)","$3,000"
2026,33602TX0461173-05,Blue Cross and Blue Shield of Texas,MyBlue Health Silver℠ Standard,CSR 87%,Silver,HMO,MyBlue Health,TXN002,$700,"$3,300",$3300 per person,,,Collin; Dallas; Rockwall,https://www.bcbstx.com/sbc/ind/sbc-sh5d50bftitxp-tx-2026.pdf,https://www.bcbstx.com/plan-docs/ind/brochure-tx-2026.pdf,https://my.providerfinderonline.com/?ci=tx-myblue-health&corp_code=TX,Yes,"CMS Marketplace PUF 2026 (Plan Attributes, Network, Service Area)",$700
2026,33602TX0461173-06,Blue Cross and Blue Shield of Texas,MyBlue Health Silver℠ Standard,CSR 94%,Silver,HMO,MyBlue Health,TXN002,$0,"$2,200",$2200 per person,,,Collin; Dallas; Rockwall,https://www.bcbstx.com/sbc/ind/sbc-sh6d50bftitxp-tx-2026.pdf,https://www.bcbstx.com/plan-docs/ind/brochure-tx-2026.pdf,https://my.providerfinderonline.com/?ci=tx-myblue-health&corp_code=TX,Yes,"CMS Marketplace PUF 2026 (Plan Attributes, Network, Service Area)",$0
2026,33602TX0461178-01,Blue Cross and Blue Shield of Texas,MyBlue Health Silver℠ Standard,standard,Silver,HMO,MyBlue Health,TXN002,"$6,000","$8,900",$8900 per person,,,Denton; Tarrant,https://www.bcbstx.com/sbc/ind/sbc-shsd50bftitxp-tx-2026.pdf,https://www.bcbstx.com/plan-docs/ind/brochure-tx-2026.pdf,https://my.providerfinderonline.com/?ci=tx-myblue-health&corp_code=TX,Yes,"CMS Marketplace PUF 2026 (Plan Attributes, Network, Service Area)","$6,000"
2026,33602TX0461178-04,Blue Cross and Blue Shield of Texas,MyBlue Health Silver℠ Standard,CSR 73%,Silver,HMO,MyBlue Health,TXN002,"$3,000","$7,400",$7400 per person,,,Denton; Tarrant,https://www.bcbstx.com/sbc/ind/sbc-sh4d50bftitxp-tx-2026.pdf,https://www.bcbstx.com/plan-docs/ind/brochure-tx-2026.pdf,https://my.providerfinderonline.com/?ci=tx-myblue-health&corp_code=TX,Yes,"CMS Marketplace PUF 2026 (Plan Attributes, Network, Service Area)","$3,000"
2026,33602TX0461178-05,Blue Cross and Blue Shield of Texas,MyBlue Health Silver℠ Standard,CSR 87%,Silver,HMO,MyBlue Health,TXN002,$700,"$3,300",$3300 per person,,,Denton; Tarrant,https://www.bcbstx.com/sbc/ind/sbc-sh5d50bftitxp-tx-2026.pdf,https://www.bcbstx.com/plan-docs/ind/brochure-tx-2026.pdf,https://my.providerfinderonline.com/?ci=tx-myblue-health&corp_code=TX,Yes,"CMS Marketplace PUF 2026 (Plan Attributes, Network, Service Area)",$700
2026,33602TX0461178-06,Blue Cross and Blue Shield of Texas,MyBlue Health Silver℠ Standard,CSR 94%,Silver,HMO,MyBlue Health,TXN002,$0,"$2,200",$2200 per person,,,Denton; Tarrant,https://www.bcbstx.com/sbc/ind/sbc-sh6d50bftitxp-tx-2026.pdf,https://www.bcbstx.com/plan-docs/ind/brochure-tx-2026.pdf,https://my.providerfinderonline.com/?ci=tx-myblue-health&corp_code=TX,Yes,"CMS Marketplace PUF 2026 (Plan Attributes, Network, Service Area)",$0
2026,33602TX0870044-01,Blue Cross and Blue Shield of Texas,Blue Advantage Plus Bronze℠ 303,standard,Expanded Bronze,POS,Blue Advantage,TXN009,"$7,000","$10,150",$10150 per person,,,Collin; Dallas; Ellis; Hunt; Kaufman; Rockwall,https://www.bcbstx.com/sbc/ind/sbc-bosh45bavitxp-tx-2026.pdf,https://www.bcbstx.com/plan-docs/ind/brochure-tx-2026.pdf,https://my.providerfinderonline.com/?ci=tx-blueadvantage-retail&corp_code=TX,Yes,"CMS Marketplace PUF 2026 (Plan Attributes, Network, Service Area)","$7,000"
2026,33602TX0870061-01,Blue Cross and Blue Shield of Texas,Blue Advantage Plus Bronze℠ 303,standard,Expanded Bronze,POS,Blue Advantage,TXN009,"$7,000","$10,150",$10150 per person,,,Denton; Hood; Johnson; Parker; Tarrant; Wise,https://www.bcbstx.com/sbc/ind/sbc-bosh45bavitxp-tx-2026.pdf,https://www.bcbstx.com/plan-docs/ind/brochure-tx-2026.pdf,https://my.providerfinderonline.com/?ci=tx-blueadvantage-retail&corp_code=TX,Yes,"CMS Marketplace PUF 2026 (Plan Attributes, Network, Service Area)","$7,000"
2026,33602TX0870070-01,Blue Cross and Blue Shield of Texas,Blue Advantage Plus Bronze℠ 305,standard,Bronze,POS,Blue Advantage,TXN009,"$7,300","$10,600",$10600 per person,,,Collin; Dallas; Ellis; Hunt; Kaufman; Rockwall,https://www.bcbstx.com/sbc/ind/sbc-bosh43bavitxp-tx-2026.pdf,https://www.bcbstx.com/plan-docs/ind/brochure-tx-2026.pdf,https://my.providerfinderonline.com/?ci=tx-blueadvantage-retail&corp_code=TX,Yes,"CMS Marketplace PUF 2026 (Plan Attributes, Network, Service Area)","$7,300"
2026,33602TX0870087-01,Blue Cross and Blue Shield of Texas,Blue Advantage Plus Bronze℠ 305,standard,Bronze,POS,Blue Advantage,TXN009,"$7,300","$10,600",$10600 per person,,,Denton; Hood; Johnson; Parker; Tarrant; Wise,https://www.bcbstx.com/sbc/ind/sbc-bosh43bavitxp-tx-2026.pdf,https://www.bcbstx.com/plan-docs/ind/brochure-tx-2026.pdf,https://my.providerfinderonline.com/?ci=tx-blueadvantage-retail&corp_code=TX,Yes,"CMS Marketplace PUF 2026 (Plan Attributes, Network, Service Area)","$7,300"
2026,33602TX0870096-01,Blue Cross and Blue Shield of Texas,Blue Advantage Plus Bronze℠ Standard,standard,Expanded Bronze,POS,Blue Advantage,TXN009,"$7,500","$10,000",$10000 per person,,,Collin; Dallas; Ellis; Hunt; Kaufman; Rockwall,https://www.bcbstx.com/sbc/ind/sbc-bosa91bavitxp-tx-2026.pdf,https://www.bcbstx.com/plan-docs/ind/brochure-tx-2026.pdf,https://my.providerfinderonline.com/?ci=tx-blueadvantage-retail&corp_code=TX,Yes,"CMS Marketplace PUF 2026 (Plan Attributes, Network, Service Area)","$7,500"
2026,33602TX0870113-01,Blue Cross and Blue Shield of Texas,Blue Advantage Plus Bronze℠ Standard,standard,Expanded Bronze,POS,Blue Advantage,TXN009,"$7,500","$10,000",$10000 per person,,,Denton; Hood; Johnson; Parker; Tarrant; Wise,https://www.bcbstx.com/sbc/ind/sbc-bosa91bavitxp-tx-2026.pdf,https://www.bcbstx.com/plan-docs/ind/brochure-tx-2026.pdf,https://my.providerfinderonline.com/?ci=tx-blueadvantage-retail&corp_code=TX,Yes,"CMS Marketplace PUF 2026 (Plan Attributes, Network, Service Area)","$7,500"
2026,33602TX0870122-01,Blue Cross and Blue Shield of Texas,Blue Advantage Plus Gold℠ 203,standard,Gold,POS,Blue Advantage,TXN009,"$1,700","$10,150",$10150 per person,,,Collin; Dallas; Ellis; Hunt; Kaufman; Rockwall,https://www.bcbstx.com/sbc/ind/sbc-gosh30bavitxp-tx-2026.pdf,https://www.bcbstx.com/plan-docs/ind/brochure-tx-2026.pdf,https://my.providerfinderonline.com/?ci=tx-blueadvantage-retail&corp_code=TX,Yes,"CMS Marketplace PUF 2026 (Plan Attributes, Network, Service Area)","$1,700"
2026,33602TX0870139-01,Blue Cross and Blue Shield of Texas,Blue Advantage Plus Gold℠ 203,standard,Gold,POS,Blue Advantage,TXN009,"$1,700","$10,150",$10150 per person,,,Denton; Hood; Johnson; Parker; Tarrant; Wise,https://www.bcbstx.com/sbc/ind/sbc-gosh30bavitxp-tx-2026.pdf,https://www.bcbstx.com/plan-docs/ind/brochure-tx-2026.pdf,https://my.providerfinderonline.com/?ci=tx-blueadvantage-retail&corp_code=TX,Yes,"CMS Marketplace PUF 2026 (Plan Attributes, Network, Service Area)","$1,700"
2026,33602TX0870148-01,Blue Cross and Blue Shield of Texas,Blue Advantage Plus Gold℠ Standard,standard,Gold,POS,Blue Advantage,TXN009,"$2,000","$8,200",$8200 per person,,,Collin; Dallas; Ellis; Hunt; Kaufman; Rockwall,https://www.bcbstx.com/sbc/ind/sbc-gosa78bavitxp-tx-2026.pdf,https://www.bcbstx.com/plan-docs/ind/brochure-tx-2026.pdf,https://my.providerfinderonline.com/?ci=tx-blueadvantage-retail&corp_code=TX,Yes,"CMS Marketplace PUF 2026 (Plan Attributes, Network, Service Area)","$2,000"
2026,33602TX0870165-01,Blue Cross and Blue Shield of Texas,Blue Advantage Plus Gold℠ Standard,standard,Gold,POS,Blue Advantage,TXN009,"$2,000","$8,200",$8200 per person,,,Denton; Hood; Johnson; Parker; Tarrant; Wise,https://www.bcbstx.com/sbc/ind/sbc-gosa78bavitxp-tx-2026.pdf,https://www.bcbstx.com/plan-docs/ind/brochure-tx-2026.pdf,https://my.providerfinderonline.com/?ci=tx-blueadvantage-retail&corp_code=TX,Yes,"CMS Marketplace PUF 2026 (Plan Attributes, Network, Service Area)","$2,000"
2026,33602TX0870174-01,Blue Cross and Blue Shield of Texas,Blue Advantage Plus Silver℠ 202,standard,Silver,POS,Blue Advantage,TXN009,"$1,250","$10,500",$10500 per person,,,Collin; Dallas; Ellis; Hunt; Kaufman; Rockwall,https://www.bcbstx.com/sbc/ind/sbc-sosh30bavitxp-tx-2026.pdf,https://www.bcbstx.com/plan-docs/ind/brochure-tx-2026.pdf,https://my.providerfinderonline.com/?ci=tx-blueadvantage-retail&corp_code=TX,Yes,"CMS Marketplace PUF 2026 (Plan Attributes, Network, Service Area)","$1,250"
2026,33602TX0870174-04,Blue Cross and Blue Shield of Texas,Blue Advantage Plus Silver℠ 202,CSR 73%,Silver,POS,Blue Advantage,TXN009,"$1,000","$8,400",$8400 per person,,,Collin; Dallas; Ellis; Hunt; Kaufman; Rockwall,https://www.bcbstx.com/sbc/ind/sbc-so4h30bavitxp-tx-2026.pdf,https://www.bcbstx.com/plan-docs/ind/brochure-tx-2026.pdf,https://my.providerfinderonline.com/?ci=tx-blueadvantage-retail&corp_code=TX,Yes,"CMS Marketplace PUF 2026 (Plan Attributes, Network, Service Area)","$1,000"
2026,33602TX0870174-05,Blue Cross and Blue Shield of Texas,Blue Advantage Plus Silver℠ 202,CSR 87%,Silver,POS,Blue Advantage,TXN009,$150,"$3,400",$3400 per person,,,Collin; Dallas; Ellis; Hunt; Kaufman; Rockwall,https://www.bcbstx.com/sbc/ind/sbc-so5h30bavitxp-tx-2026.pdf,https://www.bcbstx.com/plan-docs/ind/brochure-tx-2026.pdf,https://my.providerfinderonline.com/?ci=tx-blueadvantage-retail&corp_code=TX,Yes,"CMS Marketplace PUF 2026 (Plan Attributes, Network, Service Area)",$150
2026,33602TX0870174-06,Blue Cross and Blue Shield of Texas,Blue Advantage Plus Silver℠ 202,CSR 94%,Silver,POS,Blue Advantage,TXN009,$0,"$1,150",$1150 per person,,,Collin; Dallas; Ellis; Hunt; Kaufman; Rockwall,https://www.bcbstx.com/sbc/ind/sbc-so6h30bavitxp-tx-2026.pdf,https://www.bcbstx.com/plan-docs/ind/brochure-tx-2026.pdf,https://my.providerfinderonline.com/?ci=tx-blueadvantage-retail&corp_code=TX,Yes,"CMS Marketplace PUF 2026 (Plan Attributes, Network, Service Area)",$0
2026,33602TX0870191-01,Blue Cross and Blue Shield of Texas,Blue Advantage Plus Silver℠ 202,standard,Silver,POS,Blue Advantage,TXN009,"$1,250","$10,500",$10500 per person,,,Denton; Hood; Johnson; Parker; Tarrant; Wise,https://www.bcbstx.com/sbc/ind/sbc-sosh30bavitxp-tx-2026.pdf,https://www.bcbstx.com/plan-docs/ind/brochure-tx-2026.pdf,https://my.providerfinderonline.com/?ci=tx-blueadvantage-retail&corp_code=TX,Yes,"CMS Marketplace PUF 2026 (Plan Attributes, Network, Service Area)","$1,250"
2026,33602TX0870191-04,Blue Cross and Blue Shield of Texas,Blue Advantage Plus Silver℠ 202,CSR 73%,Silver,POS,Blue Advantage,TXN009,"$1,000","$8,400",$8400 per person,,,Denton; Hood; Johnson; Parker; Tarrant; Wise,https://www.bcbstx.com/sbc/ind/sbc-so4h30bavitxp-tx-2026.pdf,https://www.bcbstx.com/plan-docs/ind/brochure-tx-2026.pdf,https://my.providerfinderonline.com/?ci=tx-blueadvantage-retail&corp_code=TX,Yes,"CMS Marketplace PUF 2026 (Plan Attributes, Network, Service Area)","$1,000"
2026,33602TX0870191-05,Blue Cross and Blue Shield of Texas,Blue Advantage Plus Silver℠ 202,CSR 87%,Silver,POS,Blue Advantage,TXN009,$150,"$3,400",$3400 per person,,,Denton; Hood; Johnson; Parker; Tarrant; Wise,https://www.bcbstx.com/sbc/ind/sbc-so5h30bavitxp-tx-2026.pdf,https://www.bcbstx.com/plan-docs/ind/brochure-tx-2026.pdf,https://my.providerfinderonline.com/?ci=tx-blueadvantage-retail&corp_code=TX,Yes,"CMS Marketplace PUF 2026 (Plan Attributes, Network, Service Area)",$150
2026,33602TX0870191-06,Blue Cross and Blue Shield of Texas,Blue Advantage Plus Silver℠ 202,CSR 94%,Silver,POS,Blue Advantage,TXN009,$0,"$1,150",$1150 per person,,,Denton; Hood; Johnson; Parker; Tarrant; Wise,https://www.bcbstx.com/sbc/ind/sbc-so6h30bavitxp-tx-2026.pdf,https://www.bcbstx.com/plan-docs/ind/brochure-tx-2026.pdf,https://my.providerfinderonline.com/?ci=tx-blueadvantage-retail&corp_code=TX,Yes,"CMS Marketplace PUF 2026 (Plan Attributes, Network, Service Area)",$0
2026,33602TX0870226-01,Blue Cross and Blue Shield of Texas,Blue Advantage Plus Silver℠ 605,standard,Silver,POS,Blue Advantage,TXN009,$0,"$10,150",$10150 per person,,,Collin; Dallas; Ellis; Hunt; Kaufman; Rockwall,https://www.bcbstx.com/sbc/ind/sbc-sosa20bavitxp-tx-2026.pdf,https://www.bcbstx.com/plan-docs/ind/brochure-tx-2026.pdf,https://my.providerfinderonline.com/?ci=tx-blueadvantage-retail&corp_code=TX,Yes,"CMS Marketplace PUF 2026 (Plan Attributes, Network, Service Area)",$0
2026,33602TX0870226-04,Blue Cross and Blue Shield of Texas,Blue Advantage Plus Silver℠ 605,CSR 73%,Silver,POS,Blue Advantage,TXN009,$0,"$8,000",$8000 per person,,,Collin; Dallas; Ellis; Hunt; Kaufman; Rockwall,https://www.bcbstx.com/sbc/ind/sbc-so4a20bavitxp-tx-2026.pdf,https://www.bcbstx.com/plan-docs/ind/brochure-tx-2026.pdf,https://my.providerfinderonline.com/?ci=tx-blueadvantage-retail&corp_code=TX,Yes,"CMS Marketplace PUF 2026 (Plan Attributes, Network, Service Area)",$0
2026,33602TX0870226-05,Blue Cross and Blue Shield of Texas,Blue Advantage Plus Silver℠ 605,CSR 87%,Silver,POS,Blue Advantage,TXN009,$0,"$2,700",$2700 per person,,,Collin; Dallas; Ellis; Hunt; Kaufman; Rockwall,https://www.bcbstx.com/sbc/ind/sbc-so5a20bavitxp-tx-2026.pdf,https://www.bcbstx.com/plan-docs/ind/brochure-tx-2026.pdf,https://my.providerfinderonline.com/?ci=tx-blueadvantage-retail&corp_code=TX,Yes,"CMS Marketplace PUF 2026 (Plan Attributes, Network, Service Area)",$0
2026,33602TX0870226-06,Blue Cross and Blue Shield of Texas,Blue Advantage Plus Silver℠ 605,CSR 94%,Silver,POS,Blue Advantage,TXN009,$0,$800,$800 per person,,,Collin; Dallas; Ellis; Hunt; Kaufman; Rockwall,https://www.bcbstx.com/sbc/ind/sbc-so6a20bavitxp-tx-2026.pdf,https://www.bcbstx.com/plan-docs/ind/brochure-tx-2026.pdf,https://my.providerfinderonline.com/?ci=tx-blueadvantage-retail&corp_code=TX,Yes,"CMS Marketplace PUF 2026 (Plan Attributes, Network, Service Area)",$0
2026,33602TX0870243-01,Blue Cross and Blue Shield of Texas,Blue Advantage Plus Silver℠ 605,standard,Silver,POS,Blue Advantage,TXN009,$0,"$10,150",$10150 per person,,,Denton; Hood; Johnson; Parker; Tarrant; Wise,https://www.bcbstx.com/sbc/ind/sbc-sosa20bavitxp-tx-2026.pdf,https://www.bcbstx.com/plan-docs/ind/brochure-tx-2026.pdf,https://my.providerfinderonline.com/?ci=tx-blueadvantage-retail&corp_code=TX,Yes,"CMS Marketplace PUF 2026 (Plan Attributes, Network, Service Area)",$0
2026,33602TX0870243-04,Blue Cross and Blue Shield of Texas,Blue Advantage Plus Silver℠ 605,CSR 73%,Silver,POS,Blue Advantage,TXN009,$0,"$8,000",$8000 per person,,,Denton; Hood; Johnson; Parker; Tarrant; Wise,https://www.bcbstx.com/sbc/ind/sbc-so4a20bavitxp-tx-2026.pdf,https://www.bcbstx.com/plan-docs/ind/brochure-tx-2026.pdf,https://my.providerfinderonline.com/?ci=tx-blueadvantage-retail&corp_code=TX,Yes,"CMS Marketplace PUF 2026 (Plan Attributes, Network, Service Area)",$0
2026,33602TX0870243-05,Blue Cross and Blue Shield of Texas,Blue Advantage Plus Silver℠ 605,CSR 87%,Silver,POS,Blue Advantage,TXN009,$0,"$2,700",$2700 per person,,,Denton; Hood; Johnson; Parker; Tarrant; Wise,https://www.bcbstx.com/sbc/ind/sbc-so5a20bavitxp-tx-2026.pdf,https://www.bcbstx.com/plan-docs/ind/brochure-tx-2026.pdf,https://my.providerfinderonline.com/?ci=tx-blueadvantage-retail&corp_code=TX,Yes,"CMS Marketplace PUF 2026 (Plan Attributes, Network, Service Area)",$0
2026,33602TX0870243-06,Blue Cross and Blue Shield of Texas,Blue Advantage Plus Silver℠ 605,CSR 94%,Silver,POS,Blue Advantage,TXN009,$0,$800,$800 per person,,,Denton; Hood; Johnson; Parker; Tarrant; Wise,https://www.bcbstx.com/sbc/ind/sbc-so6a20bavitxp-tx-2026.pdf,https://www.bcbstx.com/plan-docs/ind/brochure-tx-2026.pdf,https://my.providerfinderonline.com/?ci=tx-blueadvantage-retail&corp_code=TX,Yes,"CMS Marketplace PUF 2026 (Plan Attributes, Network, Service Area)",$0
2026,33602TX0870252-01,Blue Cross and Blue Shield of Texas,Blue Advantage Plus Silver℠ Standard,standard,Silver,POS,Blue Advantage,TXN009,"$6,000","$8,900",$8900 per person,,,Collin; Dallas; Ellis; Hunt; Kaufman; Rockwall,https://www.bcbstx.com/sbc/ind/sbc-sosa79bavitxp-tx-2026.pdf,https://www.bcbstx.com/plan-docs/ind/brochure-tx-2026.pdf,https://my.providerfinderonline.com/?ci=tx-blueadvantage-retail&corp_code=TX,Yes,"CMS Marketplace PUF 2026 (Plan Attributes, Network, Service Area)","$6,000"
2026,33602TX0870252-04,Blue Cross and Blue Shield of Texas,Blue Advantage Plus Silver℠ Standard,CSR 73%,Silver,POS,Blue Advantage,TXN009,"$3,000","$7,400",$7400 per person,,,Collin; Dallas; Ellis; Hunt; Kaufman; Rockwall,https://www.bcbstx.com/sbc/ind/sbc-so4a79bavitxp-tx-2026.pdf,https://www.bcbstx.com/plan-docs/ind/brochure-tx-2026.pdf,https://my.providerfinderonline.com/?ci=tx-blueadvantage-retail&corp_code=TX,Yes,"CMS Marketplace PUF 2026 (Plan Attributes, Network, Service Area)","$3,000"
2026,33602TX0870252-05,Blue Cross and Blue Shield of Texas,Blue Advantage Plus Silver℠ Standard,CSR 87%,Silver,POS,Blue Advantage,TXN009,$700,"$3,300",$3300 per person,,,Collin; Dallas; Ellis; Hunt; Kaufman; Rockwall,https://www.bcbstx.com/sbc/ind/sbc-so5a79bavitxp-tx-2026.pdf,https://www.bcbstx.com/plan-docs/ind/brochure-tx-2026.pdf,https://my.providerfinderonline.com/?ci=tx-blueadvantage-retail&corp_code=TX,Yes,"CMS Marketplace PUF 2026 (Plan Attributes, Network, Service Area)",$700
2026,33602TX0870252-06,Blue Cross and Blue Shield of Texas,Blue Advantage Plus Silver℠ Standard,CSR 94%,Silver,POS,Blue Advantage,TXN009,$0,"$2,200",$2200 per person,,,Collin; Dallas; Ellis; Hunt; Kaufman; Rockwall,https://www.bcbstx.com/sbc/ind/sbc-so6a79bavitxp-tx-2026.pdf,https://www.bcbstx.com/plan-docs/ind/brochure-tx-2026.pdf,https://my.providerfinderonline.com/?ci=tx-blueadvantage-retail&corp_code=TX,Yes,"CMS Marketplace PUF 2026 (Plan Attributes, Network, Service Area)",$0
2026,33602TX0870269-01,Blue Cross and Blue Shield of Texas,Blue Advantage Plus Silver℠ Standard,standard,Silver,POS,Blue Advantage,TXN009,"$6,000","$8,900",$8900 per person,,,Denton; Hood; Johnson; Parker; Tarrant; Wise,https://www.bcbstx.com/sbc/ind/sbc-sosa79bavitxp-tx-2026.pdf,https://www.bcbstx.com/plan-docs/ind/brochure-tx-2026.pdf,https://my.providerfinderonline.com/?ci=tx-blueadvantage-retail&corp_code=TX,Yes,"CMS Marketplace PUF 2026 (Plan Attributes, Network, Service Area)","$6,000"
2026,33602TX0870269-04,Blue Cross and Blue Shield of Texas,Blue Advantage Plus Silver℠ Standard,CSR 73%,Silver,POS,Blue Advantage,TXN009,"$3,000","$7,400",$7400 per person,,,Denton; Hood; Johnson; Parker; Tarrant; Wise,https://www.bcbstx.com/sbc/ind/sbc-so4a79bavitxp-tx-2026.pdf,https://www.bcbstx.com/plan-docs/ind/brochure-tx-2026.pdf,https://my.providerfinderonline.com/?ci=tx-blueadvantage-retail&corp_code=TX,Yes,"CMS Marketplace PUF 2026 (Plan Attributes, Network, Service Area)","$3,000"
2026,33602TX0870269-05,Blue Cross and Blue Shield of Texas,Blue Advantage Plus Silver℠ Standard,CSR 87%,Silver,POS,Blue Advantage,TXN009,$700,"$3,300",$3300 per person,,,Denton; Hood; Johnson; Parker; Tarrant; Wise,https://www.bcbstx.com/sbc/ind/sbc-so5a79bavitxp-tx-2026.pdf,https://www.bcbstx.com/plan-docs/ind/brochure-tx-2026.pdf,https://my.providerfinderonline.com/?ci=tx-blueadvantage-retail&corp_code=TX,Yes,"CMS Marketplace PUF 2026 (Plan Attributes, Network, Service Area)",$700
2026,33602TX0870269-06,Blue Cross and Blue Shield of Texas,Blue Advantage Plus Silver℠ Standard,CSR 94%,Silver,POS,Blue Advantage,TXN009,$0,"$2,200",$2200 per person,,,Denton; Hood; Johnson; Parker; Tarrant; Wise,https://www.bcbstx.com/sbc/ind/sbc-so6a79bavitxp-tx-2026.pdf,https://www.bcbstx.com/plan-docs/ind/brochure-tx-2026.pdf,https://my.providerfinderonline.com/?ci=tx-blueadvantage-retail&corp_code=TX,Yes,"CMS Marketplace PUF 2026 (Plan Attributes, Network, Service Area)",$0
2026,33602TX0870278-01,Blue Cross and Blue Shield of Texas,Blue Advantage Plus Gold℠ 803,standard,Gold,POS,Blue Advantage,TXN009,"$2,400","$10,400",$10400 per person,,,Collin; Dallas; Ellis; Hunt; Kaufman; Rockwall,https://www.bcbstx.com/sbc/ind/sbc-gosd38bavitxp-tx-2026.pdf,https://www.bcbstx.com/plan-docs/ind/brochure-tx-2026.pdf,https://my.providerfinderonline.com/?ci=tx-blueadvantage-retail&corp_code=TX,Yes,"CMS Marketplace PUF 2026 (Plan Attributes, Network, Service Area)","$2,400"
2026,33602TX0870295-01,Blue Cross and Blue Shield of Texas,Blue Advantage Plus Gold℠ 803,standard,Gold,POS,Blue Advantage,TXN009,"$2,400","$10,400",$10400 per person,,,Denton; Hood; Johnson; Parker; Tarrant; Wise,https://www.bcbstx.com/sbc/ind/sbc-gosd38bavitxp-tx-2026.pdf,https://www.bcbstx.com/plan-docs/ind/brochure-tx-2026.pdf,https://my.providerfinderonline.com/?ci=tx-blueadvantage-retail&corp_code=TX,Yes,"CMS Marketplace PUF 2026 (Plan Attributes, Network, Service Area)","$2,400"
2026,34826TX0010001-01,"Imperial Insurance Companies, Inc.",Imperial Preferred Gold Zero,standard,Gold,HMO,Imperial Value,TXN001,$0,"$9,200",$9200 per person,,,Collin; Dallas; Denton; Tarrant,https://documents.imperialhealthplan.com/2026/Marketplace/Plans/Texas/Imperial%20Preferred%20Gold%20Zero_34826TX0010001-01_CY2026.pdf,https://documents.imperialhealthplan.com/2026/Marketplace/Plans/Plan%20brochure%20Texas.pdf,https://exchange.imperialhealthplan.com/texas/hmo-exchange/online-provider-directory/,Yes,"CMS Marketplace PUF 2026 (Plan Attributes, Network, Service Area)",$0
2026,34826TX0020001-01,"Imperial Insurance Companies, Inc.",Imperial Standard Bronze,standard,Expanded Bronze,HMO,Imperial Value,TXN001,"$7,500","$10,000",$10000 per person,,,Collin; Dallas; Denton; Tarrant,https://documents.imperialhealthplan.com/2026/Marketplace/Plans/Texas/Imperial%20Standard%20Bronze_34826TX0020001-01_CY2026.pdf,https://documents.imperialhealthplan.com/2026/Marketplace/Plans/Plan%20brochure%20Texas.pdf,https://exchange.imperialhealthplan.com/texas/hmo-exchange/online-provider-directory/,Yes,"CMS Marketplace PUF 2026 (Plan Attributes, Network, Service Area)","$7,500"
2026,34826TX0020002-01,"Imperial Insurance Companies, Inc.",Imperial Standard Silver,standard,Silver,HMO,Imperial Value,TXN001,"$6,000","$8,900",$8900 per person,,,Collin; Dallas; Denton; Tarrant,https://documents.imperialhealthplan.com/2026/Marketplace/Plans/Texas/Imperial%20Standard%20Silver_34826TX0020002-01_CY2026.pdf,https://documents.imperialhealthplan.com/2026/Marketplace/Plans/Plan%20brochure%20Texas.pdf,https://exchange.imperialhealthplan.com/texas/hmo-exchange/online-provider-directory/,Yes,"CMS Marketplace PUF 2026 (Plan Attributes, Network, Service Area)","$6,000"
2026,34826TX0020002-04,"Imperial Insurance Companies, Inc.",Imperial Standard Silver,CSR 73%,Silver,HMO,Imperial Value,TXN001,"$3,000","$7,400",$7400 per person,,,Collin; Dallas; Denton; Tarrant,https://documents.imperialhealthplan.com/2026/Marketplace/Plans/Texas/Imperial%20Standard%20Silver_34826TX0020002-04_CY2026.pdf,https://documents.imperialhealthplan.com/2026/Marketplace/Plans/Plan%20brochure%20Texas.pdf,https://exchange.imperialhealthplan.com/texas/hmo-exchange/online-provider-directory/,Yes,"CMS Marketplace PUF 2026 (Plan Attributes, Network, Service Area)","$3,000"
2026,34826TX0020002-05,"Imperial Insurance Companies, Inc.",Imperial Standard Silver,CSR 87%,Silver,HMO,Imperial Value,TXN001,$700,"$3,300",$3300 per person,,,Collin; Dallas; Denton; Tarrant,https://documents.imperialhealthplan.com/2026/Marketplace/Plans/Texas/Imperial%20Standard%20Silver_34826TX0020002-05_CY2026.pdf,https://documents.imperialhealthplan.com/2026/Marketplace/Plans/Plan%20brochure%20Texas.pdf,https://exchange.imperialhealthplan.com/texas/hmo-exchange/online-provider-directory/,Yes,"CMS Marketplace PUF 2026 (Plan Attributes, Network, Service Area)",$700
2026,34826TX0020002-06,"Imperial Insurance Companies, Inc.",Imperial Standard Silver,CSR 94%,Silver,HMO,Imperial Value,TXN001,$0,"$2,200",$2200 per person,,,Collin; Dallas; Denton; Tarrant,https://documents.imperialhealthplan.com/2026/Marketplace/Plans/Texas/Imperial%20Standard%20Silver_34826TX0020002-06_CY2026.pdf,https://documents.imperialhealthplan.com/2026/Marketplace/Plans/Plan%20brochure%20Texas.pdf,https://exchange.imperialhealthplan.com/texas/hmo-exchange/online-provider-directory/,Yes,"CMS Marketplace PUF 2026 (Plan Attributes, Network, Service Area)",$0
2026,34826TX0020003-01,"Imperial Insurance Companies, Inc.",Imperial Standard Gold,standard,Gold,HMO,Imperial Value,TXN001,"$2,000","$8,200",$8200 per person,,,Collin; Dallas; Denton; Tarrant,https://documents.imperialhealthplan.com/2026/Marketplace/Plans/Texas/Imperial%20Standard%20Gold_34826TX0020003-01_CY2026.pdf,https://documents.imperialhealthplan.com/2026/Marketplace/Plans/Plan%20brochure%20Texas.pdf,https://exchange.imperialhealthplan.com/texas/hmo-exchange/online-provider-directory/,Yes,"CMS Marketplace PUF 2026 (Plan Attributes, Network, Service Area)","$2,000"
2026,34826TX0030001-01,"Imperial Insurance Companies, Inc.",Imperial Preferred Bronze,standard,Bronze,HMO,Imperial Value,TXN001,"$9,200","$9,200",$9200 per person,,,Collin; Dallas; Denton; Tarrant,https://documents.imperialhealthplan.com/2026/Marketplace/Plans/Texas/Imperial%20Preferred%20Bronze_34826TX0030001-01_CY2026.pdf,https://documents.imperialhealthplan.com/2026/Marketplace/Plans/Plan%20brochure%20Texas.pdf,https://exchange.imperialhealthplan.com/texas/hmo-exchange/online-provider-directory/,Yes,"CMS Marketplace PUF 2026 (Plan Attributes, Network, Service Area)","$9,200"
2026,34826TX0030002-01,"Imperial Insurance Companies, Inc.",Imperial Preferred Silver,standard,Silver,HMO,Imperial Value,TXN001,"$7,500","$9,500",$9500 per person,,,Collin; Dallas; Denton; Tarrant,https://documents.imperialhealthplan.com/2026/Marketplace/Plans/Texas/Imperial%20Preferred%20Silver_34826TX0030002-01_CY2026.pdf,https://documents.imperialhealthplan.com/2026/Marketplace/Plans/Plan%20brochure%20Texas.pdf,https://exchange.imperialhealthplan.com/texas/hmo-exchange/online-provider-directory/,Yes,"CMS Marketplace PUF 2026 (Plan Attributes, Network, Service Area)","$7,500"
2026,34826TX0030002-04,"Imperial Insurance Companies, Inc.",Imperial Preferred Silver,CSR 73%,Silver,HMO,Imperial Value,TXN001,"$7,500","$8,100",$8100 per person,,,Collin; Dallas; Denton; Tarrant,https://documents.imperialhealthplan.com/2026/Marketplace/Plans/Texas/Imperial%20Preferred%20Silver_34826TX0030002-04_CY2026.pdf,https://documents.imperialhealthplan.com/2026/Marketplace/Plans/Plan%20brochure%20Texas.pdf,https://exchange.imperialhealthplan.com/texas/hmo-exchange/online-provider-directory/,Yes,"CMS Marketplace PUF 2026 (Plan Attributes, Network, Service Area)","$7,500"
2026,34826TX0030002-05,"Imperial Insurance Companies, Inc.",Imperial Preferred Silver,CSR 87%,Silver,HMO,Imperial Value,TXN001,"$1,500","$3,000",$3000 per person,,,Collin; Dallas; Denton; Tarrant,https://documents.imperialhealthplan.com/2026/Marketplace/Plans/Texas/Imperial%20Preferred%20Silver_34826TX0030002-05_CY2026.pdf,https://documents.imperialhealthplan.com/2026/Marketplace/Plans/Plan%20brochure%20Texas.pdf,https://exchange.imperialhealthplan.com/texas/hmo-exchange/online-provider-directory/,Yes,"CMS Marketplace PUF 2026 (Plan Attributes, Network, Service Area)","$1,500"
2026,34826TX0030002-06,"Imperial Insurance Companies, Inc.",Imperial Preferred Silver,CSR 94%,Silver,HMO,Imperial Value,TXN001,$250,"$1,500",$1500 per person,,,Collin; Dallas; Denton; Tarrant,https://documents.imperialhealthplan.com/2026/Marketplace/Plans/Texas/Imperial%20Preferred%20Silver_34826TX0030002-06_CY2026.pdf,https://documents.imperialhealthplan.com/2026/Marketplace/Plans/Plan%20brochure%20Texas.pdf,https://exchange.imperialhealthplan.com/texas/hmo-exchange/online-provider-directory/,Yes,"CMS Marketplace PUF 2026 (Plan Attributes, Network, Service Area)",$250
2026,34826TX0030003-01,"Imperial Insurance Companies, Inc.",Imperial Preferred Gold,standard,Gold,HMO,Imperial Value,TXN001,"$1,350","$9,000",$9000 per person,,,Collin; Dallas; Denton; Tarrant,https://documents.imperialhealthplan.com/2026/Marketplace/Plans/Texas/Imperial%20Preferred%20Gold_34826TX0030003-01_CY2026.pdf,https://documents.imperialhealthplan.com/2026/Marketplace/Plans/Plan%20brochure%20Texas.pdf,https://exchange.imperialhealthplan.com/texas/hmo-exchange/online-provider-directory/,Yes,"CMS Marketplace PUF 2026 (Plan Attributes, Network, Service Area)","$1,350"
2026,40220TX0080015-01,UnitedHealthcare,UHC Bronze Standard,standard,Expanded Bronze,HMO,Individual Exchange Benefit Plan Network,TXN011,"$7,500","$10,000",$10000 per person,,,Collin; Dallas; Denton; Ellis; Hood; Hunt; Johnson; Parker; Rockwall; Tarrant; Wise,https://www.uhc.com/ifp/sbc.40220TX0080015-01.en.2026.pdf,https://www.uhc.com/txplanbrochure2026,https://www.uhc.com/xtxdocfindg2026,Yes,"CMS Marketplace PUF 2026 (Plan Attributes, Network, Service Area)","$7,500"
2026,40220TX0080020-01,UnitedHealthcare,UHC Silver Standard,standard,Silver,HMO,Individual Exchange Benefit Plan Network,TXN011,"$6,000","$8,900",$8900 per person,,,Collin; Dallas; Denton; Ellis; Hood; Hunt; Johnson; Parker; Rockwall; Tarrant; Wise,https://www.uhc.com/ifp/sbc.40220TX0080020-01.en.2026.pdf,https://www.uhc.com/txplanbrochure2026,https://www.uhc.com/xtxdocfindg2026,Yes,"CMS Marketplace PUF 2026 (Plan Attributes, Network, Service Area)","$6,000"
2026,40220TX0080020-04,UnitedHealthcare,UHC Silver Standard,CSR 73%,Silver,HMO,Individual Exchange Benefit Plan Network,TXN011,"$3,000","$7,400",$7400 per person,,,Collin; Dallas; Denton; Ellis; Hood; Hunt; Johnson; Parker; Rockwall; Tarrant; Wise,https://www.uhc.com/ifp/sbc.40220TX0080020-04.en.2026.pdf,https://www.uhc.com/txplanbrochure2026,https://www.uhc.com/xtxdocfindg2026,Yes,"CMS Marketplace PUF 2026 (Plan Attributes, Network, Service Area)","$3,000"
2026,40220TX0080020-05,UnitedHealthcare,UHC Silver Standard,CSR 87%,Silver,HMO,Individual Exchange Benefit Plan Network,TXN011,$700,"$3,300",$3300 per person,,,Collin; Dallas; Denton; Ellis; Hood; Hunt; Johnson; Parker; Rockwall; Tarrant; Wise,https://www.uhc.com/ifp/sbc.40220TX0080020-05.en.2026.pdf,https://www.uhc.com/txplanbrochure2026,https://www.uhc.com/xtxdocfindg2026,Yes,"CMS Marketplace PUF 2026 (Plan Attributes, Network, Service Area)",$700
2026,40220TX0080020-06,UnitedHealthcare,UHC Silver Standard,CSR 94%,Silver,HMO,Individual Exchange Benefit Plan Network,TXN011,$0,"$2,200",$2200 per person,,,Collin; Dallas; Denton; Ellis; Hood; Hunt; Johnson; Parker; Rockwall; Tarrant; Wise,https://www.uhc.com/ifp/sbc.40220TX0080020-06.en.2026.pdf,https://www.uhc.com/txplanbrochure2026,https://www.uhc.com/xtxdocfindg2026,Yes,"CMS Marketplace PUF 2026 (Plan Attributes, Network, Service Area)",$0
2026,40220TX0080024-01,UnitedHealthcare,UHC Gold Standard,standard,Gold,HMO,Individual Exchange Benefit Plan Network,TXN011,"$2,000","$8,200",$8200 per person,,,Collin; Dallas; Denton; Ellis; Hood; Hunt; Johnson; Parker; Rockwall; Tarrant; Wise,https://www.uhc.com/ifp/sbc.40220TX0080024-01.en.2026.pdf,https://www.uhc.com/txplanbrochure2026,https://www.uhc.com/xtxdocfindg2026,Yes,"CMS Marketplace PUF 2026 (Plan Attributes, Network, Service Area)","$2,000"
2026,40220TX0080025-01,UnitedHealthcare,UHC Silver Value ($0 Virtual Urgent Care),standard,Silver,HMO,Individual Exchange Benefit Plan Network,TXN011,"$3,000","$8,950",$8950 per person,,,Collin; Dallas; Denton; Ellis; Hood; Hunt; Johnson; Parker; Rockwall; Tarrant; Wise,https://www.uhc.com/ifp/sbc.40220TX0080025-01.en.2026.pdf,https://www.uhc.com/txplanbrochure2026,https://www.uhc.com/xtxdocfindg2026,Yes,"CMS Marketplace PUF 2026 (Plan Attributes, Network, Service Area)","$3,000"
2026,40220TX0080025-04,UnitedHealthcare,UHC Silver Value ($0 Virtual Urgent Care),CSR 73%,Silver,HMO,Individual Exchange Benefit Plan Network,TXN011,"$2,800","$7,300",$7300 per person,,,Collin; Dallas; Denton; Ellis; Hood; Hunt; Johnson; Parker; Rockwall; Tarrant; Wise,https://www.uhc.com/ifp/sbc.40220TX0080025-04.en.2026.pdf,https://www.uhc.com/txplanbrochure2026,https://www.uhc.com/xtxdocfindg2026,Yes,"CMS Marketplace PUF 2026 (Plan Attributes, Network, Service Area)","$2,800"
2026,40220TX0080025-05,UnitedHealthcare,UHC Silver Value ($0 Virtual Urgent Care),CSR 87%,Silver,HMO,Individual Exchange Benefit Plan Network,TXN011,$600,"$2,800",$2800 per person,,,Collin; Dallas; Denton; Ellis; Hood; Hunt; Johnson; Parker; Rockwall; Tarrant; Wise,https://www.uhc.com/ifp/sbc.40220TX0080025-05.en.2026.pdf,https://www.uhc.com/txplanbrochure2026,https://www.uhc.com/xtxdocfindg2026,Yes,"CMS Marketplace PUF 2026 (Plan Attributes, Network, Service Area)",$600
2026,40220TX0080025-06,UnitedHealthcare,UHC Silver Value ($0 Virtual Urgent Care),CSR 94%,Silver,HMO,Individual Exchange Benefit Plan Network,TXN011,$0,"$1,350",$1350 per person,,,Collin; Dallas; Denton; Ellis; Hood; Hunt; Johnson; Parker; Rockwall; Tarrant; Wise,https://www.uhc.com/ifp/sbc.40220TX0080025-06.en.2026.pdf,https://www.uhc.com/txplanbrochure2026,https://www.uhc.com/xtxdocfindg2026,Yes,"CMS Marketplace PUF 2026 (Plan Attributes, Network, Service Area)",$0
2026,40220TX0080026-01,UnitedHealthcare,"UHC Silver Advantage ($0 Virtual Urgent Care, $5 Tier 2 Rx)",standard,Silver,HMO,Individual Exchange Benefit Plan Network,TXN011,"$3,500","$9,200",$9200 per person,,,Collin; Dallas; Denton; Ellis; Hood; Hunt; Johnson; Parker; Rockwall; Tarrant; Wise,https://www.uhc.com/ifp/sbc.40220TX0080026-01.en.2026.pdf,https://www.uhc.com/txplanbrochure2026,https://www.uhc.com/xtxdocfindg2026,Yes,"CMS Marketplace PUF 2026 (Plan Attributes, Network, Service Area)","$3,500"
2026,40220TX0080026-04,UnitedHealthcare,"UHC Silver Advantage ($0 Virtual Urgent Care, $5 Tier 2 Rx)",CSR 73%,Silver,HMO,Individual Exchange Benefit Plan Network,TXN011,"$3,200","$7,350",$7350 per person,,,Collin; Dallas; Denton; Ellis; Hood; Hunt; Johnson; Parker; Rockwall; Tarrant; Wise,https://www.uhc.com/ifp/sbc.40220TX0080026-04.en.2026.pdf,https://www.uhc.com/txplanbrochure2026,https://www.uhc.com/xtxdocfindg2026,Yes,"CMS Marketplace PUF 2026 (Plan Attributes, Network, Service Area)","$3,200"
2026,40220TX0080026-05,UnitedHealthcare,"UHC Silver Advantage ($0 Virtual Urgent Care, $5 Tier 2 Rx)",CSR 87%,Silver,HMO,Individual Exchange Benefit Plan Network,TXN011,"$1,000","$3,050",$3050 per person,,,Collin; Dallas; Denton; Ellis; Hood; Hunt; Johnson; Parker; Rockwall; Tarrant; Wise,https://www.uhc.com/ifp/sbc.40220TX0080026-05.en.2026.pdf,https://www.uhc.com/txplanbrochure2026,https://www.uhc.com/xtxdocfindg2026,Yes,"CMS Marketplace PUF 2026 (Plan Attributes, Network, Service Area)","$1,000"
2026,40220TX0080026-06,UnitedHealthcare,"UHC Silver Advantage ($0 Virtual Urgent Care, $5 Tier 2 Rx)",CSR 94%,Silver,HMO,Individual Exchange Benefit Plan Network,TXN011,$150,"$1,500",$1500 per person,,,Collin; Dallas; Denton; Ellis; Hood; Hunt; Johnson; Parker; Rockwall; Tarrant; Wise,https://www.uhc.com/ifp/sbc.40220TX0080026-06.en.2026.pdf,https://www.uhc.com/txplanbrochure2026,https://www.uhc.com/xtxdocfindg2026,Yes,"CMS Marketplace PUF 2026 (Plan Attributes, Network, Service Area)",$150
2026,40220TX0080028-01,UnitedHealthcare,"UHC Gold Advantage ($0 Virtual Urgent Care, $8 Tier 2 Rx)",standard,Gold,HMO,Individual Exchange Benefit Plan Network,TXN011,"$1,000","$7,500",$7500 per person,,,Collin; Dallas; Denton; Ellis; Hood; Hunt; Johnson; Parker; Rockwall; Tarrant; Wise,https://www.uhc.com/ifp/sbc.40220TX0080028-01.en.2026.pdf,https://www.uhc.com/txplanbrochure2026,https://www.uhc.com/xtxdocfindg2026,Yes,"CMS Marketplace PUF 2026 (Plan Attributes, Network, Service Area)","$1,000"
2026,40220TX0080031-01,UnitedHealthcare,UHC Bronze Copay Focus $0 Indiv Med Ded ($0 Virtual Urgent Care),standard,Expanded Bronze,HMO,Individual Exchange Benefit Plan Network,TXN011,,"$10,600",$10600 per person,$0,,Collin; Dallas; Denton; Ellis; Hood; Hunt; Johnson; Parker; Rockwall; Tarrant; Wise,https://www.uhc.com/ifp/sbc.40220TX0080031-01.en.2026.pdf,https://www.uhc.com/txplanbrochure2026,https://www.uhc.com/xtxdocfindg2026,Yes,"CMS Marketplace PUF 2026 (Plan Attributes, Network, Service Area)",$0
2026,40220TX0080045-01,UnitedHealthcare,UHC Bronze Essential ($0 Virtual Urgent Care),standard,Bronze,HMO,Individual Exchange Benefit Plan Network,TXN011,"$10,600","$10,600",$10600 per person,,,Collin; Dallas; Denton; Ellis; Hood; Hunt; Johnson; Parker; Rockwall; Tarrant; Wise,https://www.uhc.com/ifp/sbc.40220TX0080045-01.en.2026.pdf,https://www.uhc.com/txplanbrochure2026,https://www.uhc.com/xtxdocfindg2026,Yes,"CMS Marketplace PUF 2026 (Plan Attributes, Network, Service Area)","$10,600"
2026,40220TX0080055-01,UnitedHealthcare,"UHC Gold Copay Focus $0 Indiv Med Ded ($0 Virtual Urgent Care, $8 Tier 2 Rx)",standard,Gold,HMO,Individual Exchange Benefit Plan Network,TXN011,,"$7,800",$7800 per person,$0,,Collin; Dallas; Denton; Ellis; Hood; Hunt; Johnson; Parker; Rockwall; Tarrant; Wise,https://www.uhc.com/ifp/sbc.40220TX0080055-01.en.2026.pdf,https://www.uhc.com/txplanbrochure2026,https://www.uhc.com/xtxdocfindg2026,Yes,"CMS Marketplace PUF 2026 (Plan Attributes, Network, Service Area)",$0
2026,40220TX0090001-01,UnitedHealthcare,"UHC Silver Advantage+ ($0 Virtual Urgent Care, $5 Tier 2 Rx, Dental + Vision)",standard,Silver,HMO,Individual Exchange Benefit Plan Network,TXN011,"$3,500","$9,200",$9200 per person,,,Collin; Dallas; Denton; Ellis; Hood; Hunt; Johnson; Parker; Rockwall; Tarrant; Wise,https://www.uhc.com/ifp/sbc.40220TX0090001-01.en.2026.pdf,https://www.uhc.com/txplanbrochure2026,https://www.uhc.com/xtxdocfindg2026,Yes,"CMS Marketplace PUF 2026 (Plan Attributes, Network, Service Area)","$3,500"
2026,40220TX0090001-04,UnitedHealthcare,"UHC Silver Advantage+ ($0 Virtual Urgent Care, $5 Tier 2 Rx, Dental + Vision)",CSR 73%,Silver,HMO,Individual Exchange Benefit Plan Network,TXN011,"$3,200","$7,350",$7350 per person,,,Collin; Dallas; Denton; Ellis; Hood; Hunt; Johnson; Parker; Rockwall; Tarrant; Wise,https://www.uhc.com/ifp/sbc.40220TX0090001-04.en.2026.pdf,https://www.uhc.com/txplanbrochure2026,https://www.uhc.com/xtxdocfindg2026,Yes,"CMS Marketplace PUF 2026 (Plan Attributes, Network, Service Area)","$3,200"
2026,40220TX0090001-05,UnitedHealthcare,"UHC Silver Advantage+ ($0 Virtual Urgent Care, $5 Tier 2 Rx, Dental + Vision)",CSR 87%,Silver,HMO,Individual Exchange Benefit Plan Network,TXN011,"$1,000","$3,050",$3050 per person,,,Collin; Dallas; Denton; Ellis; Hood; Hunt; Johnson; Parker; Rockwall; Tarrant; Wise,https://www.uhc.com/ifp/sbc.40220TX0090001-05.en.2026.pdf,https://www.uhc.com/txplanbrochure2026,https://www.uhc.com/xtxdocfindg2026,Yes,"CMS Marketplace PUF 2026 (Plan Attributes, Network, Service Area)","$1,000"
2026,40220TX0090001-06,UnitedHealthcare,"UHC Silver Advantage+ ($0 Virtual Urgent Care, $5 Tier 2 Rx, Dental + Vision)",CSR 94%,Silver,HMO,Individual Exchange Benefit Plan Network,TXN011,$150,"$1,500",$1500 per person,,,Collin; Dallas; Denton; Ellis; Hood; Hunt; Johnson; Parker; Rockwall; Tarrant; Wise,https://www.uhc.com/ifp/sbc.40220TX0090001-06.en.2026.pdf,https://www.uhc.com/txplanbrochure2026,https://www.uhc.com/xtxdocfindg2026,Yes,"CMS Marketplace PUF 2026 (Plan Attributes, Network, Service Area)",$150
2026,40220TX0090002-01,UnitedHealthcare,"UHC Gold Advantage+ ($0 Virtual Urgent Care, $8 Tier 2 Rx, Dental + Vision)",standard,Gold,HMO,Individual Exchange Benefit Plan Network,TXN011,"$1,000","$7,500",$7500 per person,,,Collin; Dallas; Denton; Ellis; Hood; Hunt; Johnson; Parker; Rockwall; Tarrant; Wise,https://www.uhc.com/ifp/sbc.40220TX0090002-01.en.2026.pdf,https://www.uhc.com/txplanbrochure2026,https://www.uhc.com/xtxdocfindg2026,Yes,"CMS Marketplace PUF 2026 (Plan Attributes, Network, Service Area)","$1,000"
2026,40220TX0090004-01,UnitedHealthcare,"UHC Silver Value+ ($0 Virtual Urgent Care, Dental + Vision)",standard,Silver,HMO,Individual Exchange Benefit Plan Network,TXN011,"$3,000","$8,950",$8950 per person,,,Collin; Dallas; Denton; Ellis; Hood; Hunt; Johnson; Parker; Rockwall; Tarrant; Wise,https://www.uhc.com/ifp/sbc.40220TX0090004-01.en.2026.pdf,https://www.uhc.com/txplanbrochure2026,https://www.uhc.com/xtxdocfindg2026,Yes,"CMS Marketplace PUF 2026 (Plan Attributes, Network, Service Area)","$3,000"
2026,40220TX0090004-04,UnitedHealthcare,"UHC Silver Value+ ($0 Virtual Urgent Care, Dental + Vision)",CSR 73%,Silver,HMO,Individual Exchange Benefit Plan Network,TXN011,"$2,800","$7,300",$7300 per person,,,Collin; Dallas; Denton; Ellis; Hood; Hunt; Johnson; Parker; Rockwall; Tarrant; Wise,https://www.uhc.com/ifp/sbc.40220TX0090004-04.en.2026.pdf,https://www.uhc.com/txplanbrochure2026,https://www.uhc.com/xtxdocfindg2026,Yes,"CMS Marketplace PUF 2026 (Plan Attributes, Network, Service Area)","$2,800"
2026,40220TX0090004-05,UnitedHealthcare,"UHC Silver Value+ ($0 Virtual Urgent Care, Dental + Vision)",CSR 87%,Silver,HMO,Individual Exchange Benefit Plan Network,TXN011,$600,"$2,800",$2800 per person,,,Collin; Dallas; Denton; Ellis; Hood; Hunt; Johnson; Parker; Rockwall; Tarrant; Wise,https://www.uhc.com/ifp/sbc.40220TX0090004-05.en.2026.pdf,https://www.uhc.com/txplanbrochure2026,https://www.uhc.com/xtxdocfindg2026,Yes,"CMS Marketplace PUF 2026 (Plan Attributes, Network, Service Area)",$600
2026,40220TX0090004-06,UnitedHealthcare,"UHC Silver Value+ ($0 Virtual Urgent Care, Dental + Vision)",CSR 94%,Silver,HMO,Individual Exchange Benefit Plan Network,TXN011,$0,"$1,350",$1350 per person,,,Collin; Dallas; Denton; Ellis; Hood; Hunt; Johnson; Parker; Rockwall; Tarrant; Wise,https://www.uhc.com/ifp/sbc.40220TX0090004-06.en.2026.pdf,https://www.uhc.com/txplanbrochure2026,https://www.uhc.com/xtxdocfindg2026,Yes,"CMS Marketplace PUF 2026 (Plan Attributes, Network, Service Area)",$0
2026,40220TX0090005-01,UnitedHealthcare,UHC Bronze Standard+ (Dental + Vision),standard,Expanded Bronze,HMO,Individual Exchange Benefit Plan Network,TXN011,"$7,500","$10,000",$10000 per person,,,Collin; Dallas; Denton; Ellis; Hood; Hunt; Johnson; Parker; Rockwall; Tarrant; Wise,https://www.uhc.com/ifp/sbc.40220TX0090005-01.en.2026.pdf,https://www.uhc.com/txplanbrochure2026,https://www.uhc.com/xtxdocfindg2026,Yes,"CMS Marketplace PUF 2026 (Plan Attributes, Network, Service Area)","$7,500"
2026,40220TX0090008-01,UnitedHealthcare,"UHC Gold Copay Focus+ $0 Indiv Med Ded ($0 Virtual Urgent Care, $8 Tier 2 Rx, Dental + Vision)",standard,Gold,HMO,Individual Exchange Benefit Plan Network,TXN011,,"$7,800",$7800 per person,$0,,Collin; Dallas; Denton; Ellis; Hood; Hunt; Johnson; Parker; Rockwall; Tarrant; Wise,https://www.uhc.com/ifp/sbc.40220TX0090008-01.en.2026.pdf,https://www.uhc.com/txplanbrochure2026,https://www.uhc.com/xtxdocfindg2026,Yes,"CMS Marketplace PUF 2026 (Plan Attributes, Network, Service Area)",$0
2026,40788TX0460001-01,Baylor Scott and White Health Plan,BSW Elite Gold HMO  001 (CMS Standardized Plan with $0 Pediatric PCP copay),standard,Gold,HMO,BSW Premier HMO,TXN001,"$2,000","$8,200",$8200 per person,,,Collin; Dallas; Ellis; Rockwall,https://wadcdnstorageprod.blob.core.windows.net/bswhp/PlanDocs/2026/SBC/01_SWHP_2026_GHIW6M01_X_SBC.pdf,https://wadcdnstorageprod.blob.core.windows.net/bswhp/Individual/Marketplace/2026/BSWHP-MemberGuide-MktPlc.pdf,https://portal.swhp.org/#/search?networkCode=PREM_HMO_INDV,No,"CMS Marketplace PUF 2026 (Plan Attributes, Network, Service Area)","$2,000"
2026,40788TX0460003-01,Baylor Scott and White Health Plan,BSW Prime Silver HMO  003 (CMS Standardized Plan with $0 Pediatric PCP copay),standard,Silver,HMO,BSW Premier HMO,TXN001,"$6,000","$8,900",$8900 per person,,,Collin; Dallas; Ellis; Rockwall,https://wadcdnstorageprod.blob.core.windows.net/bswhp/PlanDocs/2026/SBC/01_SWHP_2026_SHIW6M03_X_SBC.pdf,https://wadcdnstorageprod.blob.core.windows.net/bswhp/Individual/Marketplace/2026/BSWHP-MemberGuide-MktPlc.pdf,https://portal.swhp.org/#/search?networkCode=PREM_HMO_INDV,No,"CMS Marketplace PUF 2026 (Plan Attributes, Network, Service Area)","$6,000"
2026,40788TX0460003-04,Baylor Scott and White Health Plan,BSW Prime Silver HMO  003 (CMS Standardized Plan with $0 Pediatric PCP copay),CSR 73%,Silver,HMO,BSW Premier HMO,TXN001,"$3,000","$7,400",$7400 per person,,,Collin; Dallas; Ellis; Rockwall,https://wadcdnstorageprod.blob.core.windows.net/bswhp/PlanDocs/2026/SBC/01_SWHP_2026_SHIW6M14_X_SBC.pdf,https://wadcdnstorageprod.blob.core.windows.net/bswhp/Individual/Marketplace/2026/BSWHP-MemberGuide-MktPlc.pdf,https://portal.swhp.org/#/search?networkCode=PREM_HMO_INDV,No,"CMS Marketplace PUF 2026 (Plan Attributes, Network, Service Area)","$3,000"
2026,40788TX0460003-05,Baylor Scott and White Health Plan,BSW Prime Silver HMO  003 (CMS Standardized Plan with $0 Pediatric PCP copay),CSR 87%,Silver,HMO,BSW Premier HMO,TXN001,$700,"$3,300",$3300 per person,,,Collin; Dallas; Ellis; Rockwall,https://wadcdnstorageprod.blob.core.windows.net/bswhp/PlanDocs/2026/SBC/01_SWHP_2026_SHIW6M15_X_SBC.pdf,https://wadcdnstorageprod.blob.core.windows.net/bswhp/Individual/Marketplace/2026/BSWHP-MemberGuide-MktPlc.pdf,https://portal.swhp.org/#/search?networkCode=PREM_HMO_INDV,No,"CMS Marketplace PUF 2026 (Plan Attributes, Network, Service Area)",$700
2026,40788TX0460003-06,Baylor Scott and White Health Plan,BSW Prime Silver HMO  003 (CMS Standardized Plan with $0 Pediatric PCP copay),CSR 94%,Silver,HMO,BSW Premier HMO,TXN001,$0,"$2,200",$2200 per person,,,Collin; Dallas; Ellis; Rockwall,https://wadcdnstorageprod.blob.core.windows.net/bswhp/PlanDocs/2026/SBC/01_SWHP_2026_SHIW6M16_X_SBC.pdf,https://wadcdnstorageprod.blob.core.windows.net/bswhp/Individual/Marketplace/2026/BSWHP-MemberGuide-MktPlc.pdf,https://portal.swhp.org/#/search?networkCode=PREM_HMO_INDV,No,"CMS Marketplace PUF 2026 (Plan Attributes, Network, Service Area)",$0
2026,40788TX0460004-01,Baylor Scott and White Health Plan,BSW Elite Gold HMO  004,standard,Gold,HMO,BSW Premier HMO,TXN001,"$1,550","$8,100",$8100 per person,,,Collin; Dallas; Ellis; Rockwall,https://wadcdnstorageprod.blob.core.windows.net/bswhp/PlanDocs/2026/SBC/01_SWHP_2026_GHIW6M32_X_SBC.pdf,https://wadcdnstorageprod.blob.core.windows.net/bswhp/Individual/Marketplace/2026/BSWHP-MemberGuide-MktPlc.pdf,https://portal.swhp.org/#/search?networkCode=PREM_HMO_INDV,No,"CMS Marketplace PUF 2026 (Plan Attributes, Network, Service Area)","$1,550"
2026,40788TX0460005-01,Baylor Scott and White Health Plan,BSW Prime Silver HMO 005,standard,Silver,HMO,BSW Premier HMO,TXN001,"$3,000","$9,000",$9000 per person,,,Collin; Dallas; Ellis; Rockwall,https://wadcdnstorageprod.blob.core.windows.net/bswhp/PlanDocs/2026/SBC/01_SWHP_2026_SHIW6M35_X_SBC.pdf,https://wadcdnstorageprod.blob.core.windows.net/bswhp/Individual/Marketplace/2026/BSWHP-MemberGuide-MktPlc.pdf,https://portal.swhp.org/#/search?networkCode=PREM_HMO_INDV,No,"CMS Marketplace PUF 2026 (Plan Attributes, Network, Service Area)","$3,000"
2026,40788TX0460005-04,Baylor Scott and White Health Plan,BSW Prime Silver HMO 005,CSR 73%,Silver,HMO,BSW Premier HMO,TXN001,"$2,000","$7,700",$7700 per person,,,Collin; Dallas; Ellis; Rockwall,https://wadcdnstorageprod.blob.core.windows.net/bswhp/PlanDocs/2026/SBC/01_SWHP_2026_SHIW6M38_X_SBC.pdf,https://wadcdnstorageprod.blob.core.windows.net/bswhp/Individual/Marketplace/2026/BSWHP-MemberGuide-MktPlc.pdf,https://portal.swhp.org/#/search?networkCode=PREM_HMO_INDV,No,"CMS Marketplace PUF 2026 (Plan Attributes, Network, Service Area)","$2,000"
2026,40788TX0460005-05,Baylor Scott and White Health Plan,BSW Prime Silver HMO 005,CSR 87%,Silver,HMO,BSW Premier HMO,TXN001,$500,"$3,150",$3150 per person,,,Collin; Dallas; Ellis; Rockwall,https://wadcdnstorageprod.blob.core.windows.net/bswhp/PlanDocs/2026/SBC/01_SWHP_2026_SHIW6M39_X_SBC.pdf,https://wadcdnstorageprod.blob.core.windows.net/bswhp/Individual/Marketplace/2026/BSWHP-MemberGuide-MktPlc.pdf,https://portal.swhp.org/#/search?networkCode=PREM_HMO_INDV,No,"CMS Marketplace PUF 2026 (Plan Attributes, Network, Service Area)",$500
2026,40788TX0460005-06,Baylor Scott and White Health Plan,BSW Prime Silver HMO 005,CSR 94%,Silver,HMO,BSW Premier HMO,TXN001,$0,"$2,400",$2400 per person,,,Collin; Dallas; Ellis; Rockwall,https://wadcdnstorageprod.blob.core.windows.net/bswhp/PlanDocs/2026/SBC/01_SWHP_2026_SHIW6M40_X_SBC.pdf,https://wadcdnstorageprod.blob.core.windows.net/bswhp/Individual/Marketplace/2026/BSWHP-MemberGuide-MktPlc.pdf,https://portal.swhp.org/#/search?networkCode=PREM_HMO_INDV,No,"CMS Marketplace PUF 2026 (Plan Attributes, Network, Service Area)",$0
2026,40788TX0460006-01,Baylor Scott and White Health Plan,BSW Savers Bronze HMO H S A   006,standard,Expanded Bronze,HMO,BSW Premier HMO,TXN001,"$8,000","$8,000",$8000 per person,,,Collin; Dallas; Ellis; Rockwall,https://wadcdnstorageprod.blob.core.windows.net/bswhp/PlanDocs/2026/SBC/01_SWHP_2026_BHIW6M06_X_SBC.pdf,https://wadcdnstorageprod.blob.core.windows.net/bswhp/Individual/Marketplace/2026/BSWHP-MemberGuide-MktPlc.pdf,https://portal.swhp.org/#/search?networkCode=PREM_HMO_INDV,No,"CMS Marketplace PUF 2026 (Plan Attributes, Network, Service Area)","$8,000"
2026,40788TX0460007-01,Baylor Scott and White Health Plan,BSW Savers Bronze HMO H S A  007 (CMS Standardized Plan with $0 Pediatric PCP copay),standard,Expanded Bronze,HMO,BSW Premier HMO,TXN001,"$7,500","$10,000",$10000 per person,,,Collin; Dallas; Ellis; Rockwall,https://wadcdnstorageprod.blob.core.windows.net/bswhp/PlanDocs/2026/SBC/01_SWHP_2026_BHIW6M41_X_SBC.pdf,https://wadcdnstorageprod.blob.core.windows.net/bswhp/Individual/Marketplace/2026/BSWHP-MemberGuide-MktPlc.pdf,https://portal.swhp.org/#/search?networkCode=PREM_HMO_INDV,No,"CMS Marketplace PUF 2026 (Plan Attributes, Network, Service Area)","$7,500"
2026,40788TX0460008-01,Baylor Scott and White Health Plan,BSW Prime Silver HMO  008,standard,Silver,HMO,BSW Premier HMO,TXN001,"$5,000","$8,500",$8500 per person,,,Collin; Dallas; Ellis; Rockwall,https://wadcdnstorageprod.blob.core.windows.net/bswhp/PlanDocs/2026/SBC/01_SWHP_2026_SHIW6M23_X_SBC.pdf,https://wadcdnstorageprod.blob.core.windows.net/bswhp/Individual/Marketplace/2026/BSWHP-MemberGuide-MktPlc.pdf,https://portal.swhp.org/#/search?networkCode=PREM_HMO_INDV,No,"CMS Marketplace PUF 2026 (Plan Attributes, Network, Service Area)","$5,000"
2026,40788TX0460008-04,Baylor Scott and White Health Plan,BSW Prime Silver HMO  008,CSR 73%,Silver,HMO,BSW Premier HMO,TXN001,"$4,500","$7,600",$7600 per person,,,Collin; Dallas; Ellis; Rockwall,https://wadcdnstorageprod.blob.core.windows.net/bswhp/PlanDocs/2026/SBC/01_SWHP_2026_SHIW6M26_X_SBC.pdf,https://wadcdnstorageprod.blob.core.windows.net/bswhp/Individual/Marketplace/2026/BSWHP-MemberGuide-MktPlc.pdf,https://portal.swhp.org/#/search?networkCode=PREM_HMO_INDV,No,"CMS Marketplace PUF 2026 (Plan Attributes, Network, Service Area)","$4,500"
2026,40788TX0460008-05,Baylor Scott and White Health Plan,BSW Prime Silver HMO  008,CSR 87%,Silver,HMO,BSW Premier HMO,TXN001,"$1,000","$3,200",$3200 per person,,,Collin; Dallas; Ellis; Rockwall,https://wadcdnstorageprod.blob.core.windows.net/bswhp/PlanDocs/2026/SBC/01_SWHP_2026_SHIW6M27_X_SBC.pdf,https://wadcdnstorageprod.blob.core.windows.net/bswhp/Individual/Marketplace/2026/BSWHP-MemberGuide-MktPlc.pdf,https://portal.swhp.org/#/search?networkCode=PREM_HMO_INDV,No,"CMS Marketplace PUF 2026 (Plan Attributes, Network, Service Area)","$1,000"
2026,40788TX0460008-06,Baylor Scott and White Health Plan,BSW Prime Silver HMO  008,CSR 94%,Silver,HMO,BSW Premier HMO,TXN001,$0,"$1,700",$1700 per person,,,Collin; Dallas; Ellis; Rockwall,https://wadcdnstorageprod.blob.core.windows.net/bswhp/PlanDocs/2026/SBC/01_SWHP_2026_SHIW6M28_X_SBC.pdf,https://wadcdnstorageprod.blob.core.windows.net/bswhp/Individual/Marketplace/2026/BSWHP-MemberGuide-MktPlc.pdf,https://portal.swhp.org/#/search?networkCode=PREM_HMO_INDV,No,"CMS Marketplace PUF 2026 (Plan Attributes, Network, Service Area)",$0
2026,40788TX0460009-01,Baylor Scott and White Health Plan,BSW Savers Bronze HMO H S A  009,standard,Expanded Bronze,HMO,BSW Premier HMO,TXN001,"$5,300","$10,600",$10600 per person,,,Collin; Dallas; Ellis; Rockwall,https://wadcdnstorageprod.blob.core.windows.net/bswhp/PlanDocs/2026/SBC/01_SWHP_2026_BHIW6M29_X_SBC.pdf,https://wadcdnstorageprod.blob.core.windows.net/bswhp/Individual/Marketplace/2026/BSWHP-MemberGuide-MktPlc.pdf,https://portal.swhp.org/#/search?networkCode=PREM_HMO_INDV,No,"CMS Marketplace PUF 2026 (Plan Attributes, Network, Service Area)","$5,300"
2026,40788TX0460012-01,Baylor Scott and White Health Plan,BSW Elite Gold HMO  012,standard,Gold,HMO,BSW Premier HMO,TXN001,$500,"$10,600",$10600 per person,,,Collin; Dallas; Ellis; Rockwall,https://wadcdnstorageprod.blob.core.windows.net/bswhp/PlanDocs/2026/SBC/01_SWHP_2026_GHIW6M45_X_SBC.pdf,https://wadcdnstorageprod.blob.core.windows.net/bswhp/Individual/Marketplace/2026/BSWHP-MemberGuide-MktPlc.pdf,https://portal.swhp.org/#/search?networkCode=PREM_HMO_INDV,No,"CMS Marketplace PUF 2026 (Plan Attributes, Network, Service Area)",$500
2026,40788TX0460014-01,Baylor Scott and White Health Plan,BSW Diabetes Care Gold HMO  014,standard,Gold,HMO,BSW Premier HMO,TXN001,"$1,700","$10,150",$10150 per person,,,Collin; Dallas; Ellis; Rockwall,https://wadcdnstorageprod.blob.core.windows.net/bswhp/PlanDocs/2026/SBC/01_SWHP_2026_GHIW6M51_X_SBC.pdf,https://wadcdnstorageprod.blob.core.windows.net/bswhp/Individual/Marketplace/2026/HIM_DiabetesCareGold-flyer.pdf,https://portal.swhp.org/#/search?networkCode=PREM_HMO_INDV,No,"CMS Marketplace PUF 2026 (Plan Attributes, Network, Service Area)","$1,700"
2026,45786TX0020001-01,Molina Healthcare,Molina Gold Core 1640,standard,Gold,HMO,Molina Marketplace,TXN001,"$1,640","$8,100",$8100 per person,,,Collin; Dallas; Denton; Ellis; Hood; Johnson; Parker; Rockwall; Tarrant; Wise,https://www.molinamarketplace.com/members/tx/en-US/PDF/Marketplace/2026/TX26SBCE_G1_1.pdf,https://www.molinamarketplace.com/marketplace/tx/en-us/-/media/Molina/PublicWebsite/PDF/members/tx/en-us/Marketplace/2026/TXBrochure2026.pdf,https://molina.sapphirethreesixtyfive.com//?ci=tx-marketplace,No,"CMS Marketplace PUF 2026 (Plan Attributes, Network, Service Area)","$1,640"
2026,45786TX0020002-01,Molina Healthcare,Molina Silver Core,standard,Silver,HMO,Molina Marketplace,TXN001,"$6,000","$8,990",$8990 per person,,,Collin; Dallas; Denton; Ellis; Hood; Johnson; Parker; Rockwall; Tarrant; Wise,https://www.molinamarketplace.com/members/tx/en-US/PDF/Marketplace/2026/TX26SBCE_S1_1.pdf,https://www.molinamarketplace.com/marketplace/tx/en-us/-/media/Molina/PublicWebsite/PDF/members/tx/en-us/Marketplace/2026/TXBrochure2026.pdf,https://molina.sapphirethreesixtyfive.com//?ci=tx-marketplace,No,"CMS Marketplace PUF 2026 (Plan Attributes, Network, Service Area)","$6,000"
2026,45786TX0020002-04,Molina Healthcare,Molina Silver Core,CSR 73%,Silver,HMO,Molina Marketplace,TXN001,"$3,500","$7,685",$7685 per person,,,Collin; Dallas; Denton; Ellis; Hood; Johnson; Parker; Rockwall; Tarrant; Wise,https://www.molinamarketplace.com/members/tx/en-US/PDF/Marketplace/2026/TX26SBCE_S1_4.pdf,https://www.molinamarketplace.com/marketplace/tx/en-us/-/media/Molina/PublicWebsite/PDF/members/tx/en-us/Marketplace/2026/TXBrochure2026.pdf,https://molina.sapphirethreesixtyfive.com//?ci=tx-marketplace,No,"CMS Marketplace PUF 2026 (Plan Attributes, Network, Service Area)","$3,500"
2026,45786TX0020002-05,Molina Healthcare,Molina Silver Core,CSR 87%,Silver,HMO,Molina Marketplace,TXN001,$850,"$3,195",$3195 per person,,,Collin; Dallas; Denton; Ellis; Hood; Johnson; Parker; Rockwall; Tarrant; Wise,https://www.molinamarketplace.com/members/tx/en-US/PDF/Marketplace/2026/TX26SBCE_S1_5.pdf,https://www.molinamarketplace.com/marketplace/tx/en-us/-/media/Molina/PublicWebsite/PDF/members/tx/en-us/Marketplace/2026/TXBrochure2026.pdf,https://molina.sapphirethreesixtyfive.com//?ci=tx-marketplace,No,"CMS Marketplace PUF 2026 (Plan Attributes, Network, Service Area)",$850
2026,45786TX0020002-06,Molina Healthcare,Molina Silver Core,CSR 94%,Silver,HMO,Molina Marketplace,TXN001,$0,"$2,000",$2000 per person,,,Collin; Dallas; Denton; Ellis; Hood; Johnson; Parker; Rockwall; Tarrant; Wise,https://www.molinamarketplace.com/members/tx/en-US/PDF/Marketplace/2026/TX26SBCE_S1_6.pdf,https://www.molinamarketplace.com/marketplace/tx/en-us/-/media/Molina/PublicWebsite/PDF/members/tx/en-us/Marketplace/2026/TXBrochure2026.pdf,https://molina.sapphirethreesixtyfive.com//?ci=tx-marketplace,No,"CMS Marketplace PUF 2026 (Plan Attributes, Network, Service Area)",$0
2026,45786TX0020010-01,Molina Healthcare,Molina Gold Standard,standard,Gold,HMO,Molina Marketplace,TXN001,"$2,000","$8,200",$8200 per person,,,Collin; Dallas; Denton; Ellis; Hood; Johnson; Parker; Rockwall; Tarrant; Wise,https://www.molinamarketplace.com/members/tx/en-US/PDF/Marketplace/2026/TX26SBCE_G8_1.pdf,https://www.molinamarketplace.com/marketplace/tx/en-us/-/media/Molina/PublicWebsite/PDF/members/tx/en-us/Marketplace/2026/TXBrochure2026.pdf,https://molina.sapphirethreesixtyfive.com//?ci=tx-marketplace,No,"CMS Marketplace PUF 2026 (Plan Attributes, Network, Service Area)","$2,000"
2026,45786TX0020011-01,Molina Healthcare,Molina Silver Standard,standard,Silver,HMO,Molina Marketplace,TXN001,"$6,000","$8,900",$8900 per person,,,Collin; Dallas; Denton; Ellis; Hood; Johnson; Parker; Rockwall; Tarrant; Wise,https://www.molinamarketplace.com/members/tx/en-US/PDF/Marketplace/2026/TX26SBCE_S8_1.pdf,https://www.molinamarketplace.com/marketplace/tx/en-us/-/media/Molina/PublicWebsite/PDF/members/tx/en-us/Marketplace/2026/TXBrochure2026.pdf,https://molina.sapphirethreesixtyfive.com//?ci=tx-marketplace,No,"CMS Marketplace PUF 2026 (Plan Attributes, Network, Service Area)","$6,000"
2026,45786TX0020011-04,Molina Healthcare,Molina Silver Standard,CSR 73%,Silver,HMO,Molina Marketplace,TXN001,"$3,000","$7,400",$7400 per person,,,Collin; Dallas; Denton; Ellis; Hood; Johnson; Parker; Rockwall; Tarrant; Wise,https://www.molinamarketplace.com/members/tx/en-US/PDF/Marketplace/2026/TX26SBCE_S8_4.pdf,https://www.molinamarketplace.com/marketplace/tx/en-us/-/media/Molina/PublicWebsite/PDF/members/tx/en-us/Marketplace/2026/TXBrochure2026.pdf,https://molina.sapphirethreesixtyfive.com//?ci=tx-marketplace,No,"CMS Marketplace PUF 2026 (Plan Attributes, Network, Service Area)","$3,000"
2026,45786TX0020011-05,Molina Healthcare,Molina Silver Standard,CSR 87%,Silver,HMO,Molina Marketplace,TXN001,$700,"$3,300",$3300 per person,,,Collin; Dallas; Denton; Ellis; Hood; Johnson; Parker; Rockwall; Tarrant; Wise,https://www.molinamarketplace.com/members/tx/en-US/PDF/Marketplace/2026/TX26SBCE_S8_5.pdf,https://www.molinamarketplace.com/marketplace/tx/en-us/-/media/Molina/PublicWebsite/PDF/members/tx/en-us/Marketplace/2026/TXBrochure2026.pdf,https://molina.sapphirethreesixtyfive.com//?ci=tx-marketplace,No,"CMS Marketplace PUF 2026 (Plan Attributes, Network, Service Area)",$700
2026,45786TX0020011-06,Molina Healthcare,Molina Silver Standard,CSR 94%,Silver,HMO,Molina Marketplace,TXN001,$0,"$2,200",$2200 per person,,,Collin; Dallas; Denton; Ellis; Hood; Johnson; Parker; Rockwall; Tarrant; Wise,https://www.molinamarketplace.com/members/tx/en-US/PDF/Marketplace/2026/TX26SBCE_S8_6.pdf,https://www.molinamarketplace.com/marketplace/tx/en-us/-/media/Molina/PublicWebsite/PDF/members/tx/en-us/Marketplace/2026/TXBrochure2026.pdf,https://molina.sapphirethreesixtyfive.com//?ci=tx-marketplace,No,"CMS Marketplace PUF 2026 (Plan Attributes, Network, Service Area)",$0
2026,45786TX0020012-01,Molina Healthcare,Molina Silver Saver with Four Free PCP Visits,standard,Silver,HMO,Molina Marketplace,TXN001,"$7,000","$10,150",$10150 per person,,,Collin; Dallas; Denton; Ellis; Hood; Johnson; Parker; Rockwall; Tarrant; Wise,https://www.molinamarketplace.com/members/tx/en-US/PDF/Marketplace/2026/TX26SBCE_S12_1.pdf,https://www.molinamarketplace.com/marketplace/tx/en-us/-/media/Molina/PublicWebsite/PDF/members/tx/en-us/Marketplace/2026/TXBrochure2026.pdf,https://molina.sapphirethreesixtyfive.com//?ci=tx-marketplace,No,"CMS Marketplace PUF 2026 (Plan Attributes, Network, Service Area)","$7,000"
2026,45786TX0020012-04,Molina Healthcare,Molina Silver Saver with Four Free PCP Visits,CSR 73%,Silver,HMO,Molina Marketplace,TXN001,"$6,500","$8,100",$8100 per person,,,Collin; Dallas; Denton; Ellis; Hood; Johnson; Parker; Rockwall; Tarrant; Wise,https://www.molinamarketplace.com/members/tx/en-US/PDF/Marketplace/2026/TX26SBCE_S12_4.pdf,https://www.molinamarketplace.com/marketplace/tx/en-us/-/media/Molina/PublicWebsite/PDF/members/tx/en-us/Marketplace/2026/TXBrochure2026.pdf,https://molina.sapphirethreesixtyfive.com//?ci=tx-marketplace,No,"CMS Marketplace PUF 2026 (Plan Attributes, Network, Service Area)","$6,500"
2026,45786TX0020012-05,Molina Healthcare,Molina Silver Saver with Four Free PCP Visits,CSR 87%,Silver,HMO,Molina Marketplace,TXN001,"$1,425","$3,350",$3350 per person,,,Collin; Dallas; Denton; Ellis; Hood; Johnson; Parker; Rockwall; Tarrant; Wise,https://www.molinamarketplace.com/members/tx/en-US/PDF/Marketplace/2026/TX26SBCE_S12_5.pdf,https://www.molinamarketplace.com/marketplace/tx/en-us/-/media/Molina/PublicWebsite/PDF/members/tx/en-us/Marketplace/2026/TXBrochure2026.pdf,https://molina.sapphirethreesixtyfive.com//?ci=tx-marketplace,No,"CMS Marketplace PUF 2026 (Plan Attributes, Network, Service Area)","$1,425"
2026,45786TX0020012-06,Molina Healthcare,Molina Silver Saver with Four Free PCP Visits,CSR 94%,Silver,HMO,Molina Marketplace,TXN001,$190,"$1,960",$1960 per person,,,Collin; Dallas; Denton; Ellis; Hood; Johnson; Parker; Rockwall; Tarrant; Wise,https://www.molinamarketplace.com/members/tx/en-US/PDF/Marketplace/2026/TX26SBCE_S12_6.pdf,https://www.molinamarketplace.com/marketplace/tx/en-us/-/media/Molina/PublicWebsite/PDF/members/tx/en-us/Marketplace/2026/TXBrochure2026.pdf,https://molina.sapphirethreesixtyfive.com//?ci=tx-marketplace,No,"CMS Marketplace PUF 2026 (Plan Attributes, Network, Service Area)",$190
2026,45786TX0020013-01,Molina Healthcare,Molina Gold Saver 750,standard,Gold,HMO,Molina Marketplace,TXN001,$750,"$9,400",$9400 per person,,,Collin; Dallas; Denton; Ellis; Hood; Johnson; Parker; Rockwall; Tarrant; Wise,https://www.molinamarketplace.com/members/tx/en-US/PDF/Marketplace/2026/TX26SBCE_G12_1.pdf,https://www.molinamarketplace.com/marketplace/tx/en-us/-/media/Molina/PublicWebsite/PDF/members/tx/en-us/Marketplace/2026/TXBrochure2026.pdf,https://molina.sapphirethreesixtyfive.com//?ci=tx-marketplace,No,"CMS Marketplace PUF 2026 (Plan Attributes, Network, Service Area)",$750
2026,45786TX0050001-01,Molina Healthcare,Molina Gold Core 1640 Plus with Adult Vision,standard,Gold,HMO,Molina Marketplace,TXN001,"$1,640","$8,100",$8100 per person,,,Collin; Dallas; Denton; Ellis; Hood; Johnson; Parker; Rockwall; Tarrant; Wise,https://www.molinamarketplace.com/members/tx/en-US/PDF/Marketplace/2026/TX26SBCE_G1V_1.pdf,https://www.molinamarketplace.com/marketplace/tx/en-us/-/media/Molina/PublicWebsite/PDF/members/tx/en-us/Marketplace/2026/TXBrochure2026.pdf,https://molina.sapphirethreesixtyfive.com//?ci=tx-marketplace,No,"CMS Marketplace PUF 2026 (Plan Attributes, Network, Service Area)","$1,640"
2026,45786TX0050002-01,Molina Healthcare,Molina Silver Core  Plus with Adult Vision,standard,Silver,HMO,Molina Marketplace,TXN001,"$6,000","$8,990",$8990 per person,,,Collin; Dallas; Denton; Ellis; Hood; Johnson; Parker; Rockwall; Tarrant; Wise,https://www.molinamarketplace.com/members/tx/en-US/PDF/Marketplace/2026/TX26SBCE_S1V_1.pdf,https://www.molinamarketplace.com/marketplace/tx/en-us/-/media/Molina/PublicWebsite/PDF/members/tx/en-us/Marketplace/2026/TXBrochure2026.pdf,https://molina.sapphirethreesixtyfive.com//?ci=tx-marketplace,No,"CMS Marketplace PUF 2026 (Plan Attributes, Network, Service Area)","$6,000"
2026,45786TX0050002-04,Molina Healthcare,Molina Silver Core  Plus with Adult Vision,CSR 73%,Silver,HMO,Molina Marketplace,TXN001,"$3,500","$7,685",$7685 per person,,,Collin; Dallas; Denton; Ellis; Hood; Johnson; Parker; Rockwall; Tarrant; Wise,https://www.molinamarketplace.com/members/tx/en-US/PDF/Marketplace/2026/TX26SBCE_S1V_4.pdf,https://www.molinamarketplace.com/marketplace/tx/en-us/-/media/Molina/PublicWebsite/PDF/members/tx/en-us/Marketplace/2026/TXBrochure2026.pdf,https://molina.sapphirethreesixtyfive.com//?ci=tx-marketplace,No,"CMS Marketplace PUF 2026 (Plan Attributes, Network, Service Area)","$3,500"
2026,45786TX0050002-05,Molina Healthcare,Molina Silver Core  Plus with Adult Vision,CSR 87%,Silver,HMO,Molina Marketplace,TXN001,$850,"$3,195",$3195 per person,,,Collin; Dallas; Denton; Ellis; Hood; Johnson; Parker; Rockwall; Tarrant; Wise,https://www.molinamarketplace.com/members/tx/en-US/PDF/Marketplace/2026/TX26SBCE_S1V_5.pdf,https://www.molinamarketplace.com/marketplace/tx/en-us/-/media/Molina/PublicWebsite/PDF/members/tx/en-us/Marketplace/2026/TXBrochure2026.pdf,https://molina.sapphirethreesixtyfive.com//?ci=tx-marketplace,No,"CMS Marketplace PUF 2026 (Plan Attributes, Network, Service Area)",$850
2026,45786TX0050002-06,Molina Healthcare,Molina Silver Core  Plus with Adult Vision,CSR 94%,Silver,HMO,Molina Marketplace,TXN001,$0,"$2,000",$2000 per person,,,Collin; Dallas; Denton; Ellis; Hood; Johnson; Parker; Rockwall; Tarrant; Wise,https://www.molinamarketplace.com/members/tx/en-US/PDF/Marketplace/2026/TX26SBCE_S1V_6.pdf,https://www.molinamarketplace.com/marketplace/tx/en-us/-/media/Molina/PublicWebsite/PDF/members/tx/en-us/Marketplace/2026/TXBrochure2026.pdf,https://molina.sapphirethreesixtyfive.com//?ci=tx-marketplace,No,"CMS Marketplace PUF 2026 (Plan Attributes, Network, Service Area)",$0
2026,45786TX0050009-01,Molina Healthcare,Molina Gold Saver 750 Plus with Adult Vision,standard,Gold,HMO,Molina Marketplace,TXN001,$750,"$9,400",$9400 per person,,,Collin; Dallas; Denton; Ellis; Hood; Johnson; Parker; Rockwall; Tarrant; Wise,https://www.molinamarketplace.com/members/tx/en-US/PDF/Marketplace/2026/TX26SBCE_G12V_1.pdf,https://www.molinamarketplace.com/marketplace/tx/en-us/-/media/Molina/PublicWebsite/PDF/members/tx/en-us/Marketplace/2026/TXBrochure2026.pdf,https://molina.sapphirethreesixtyfive.com//?ci=tx-marketplace,No,"CMS Marketplace PUF 2026 (Plan Attributes, Network, Service Area)",$750
2026,45786TX0060001-01,Molina Healthcare,Molina Gold Core 1640 Plus with Adult Dental and Vision,standard,Gold,HMO,Molina Marketplace,TXN001,"$1,640","$8,100",$8100 per person,,,Collin; Dallas; Denton; Ellis; Hood; Johnson; Parker; Rockwall; Tarrant; Wise,https://www.molinamarketplace.com/members/tx/en-US/PDF/Marketplace/2026/TX26SBCE_G1DV_1.pdf,https://www.molinamarketplace.com/marketplace/tx/en-us/-/media/Molina/PublicWebsite/PDF/members/tx/en-us/Marketplace/2026/TXBrochure2026.pdf,https://molina.sapphirethreesixtyfive.com//?ci=tx-marketplace,No,"CMS Marketplace PUF 2026 (Plan Attributes, Network, Service Area)","$1,640"
2026,45786TX0060002-01,Molina Healthcare,Molina Silver Core  Plus with Adult Dental and Vision,standard,Silver,HMO,Molina Marketplace,TXN001,"$6,000","$8,990",$8990 per person,,,Collin; Dallas; Denton; Ellis; Hood; Johnson; Parker; Rockwall; Tarrant; Wise,https://www.molinamarketplace.com/members/tx/en-US/PDF/Marketplace/2026/TX26SBCE_S1DV_1.pdf,https://www.molinamarketplace.com/marketplace/tx/en-us/-/media/Molina/PublicWebsite/PDF/members/tx/en-us/Marketplace/2026/TXBrochure2026.pdf,https://molina.sapphirethreesixtyfive.com//?ci=tx-marketplace,No,"CMS Marketplace PUF 2026 (Plan Attributes, Network, Service Area)","$6,000"
2026,45786TX0060002-04,Molina Healthcare,Molina Silver Core  Plus with Adult Dental and Vision,CSR 73%,Silver,HMO,Molina Marketplace,TXN001,"$3,500","$7,685",$7685 per person,,,Collin; Dallas; Denton; Ellis; Hood; Johnson; Parker; Rockwall; Tarrant; Wise,https://www.molinamarketplace.com/members/tx/en-US/PDF/Marketplace/2026/TX26SBCE_S1DV_4.pdf,https://www.molinamarketplace.com/marketplace/tx/en-us/-/media/Molina/PublicWebsite/PDF/members/tx/en-us/Marketplace/2026/TXBrochure2026.pdf,https://molina.sapphirethreesixtyfive.com//?ci=tx-marketplace,No,"CMS Marketplace PUF 2026 (Plan Attributes, Network, Service Area)","$3,500"
2026,45786TX0060002-05,Molina Healthcare,Molina Silver Core  Plus with Adult Dental and Vision,CSR 87%,Silver,HMO,Molina Marketplace,TXN001,$850,"$3,195",$3195 per person,,,Collin; Dallas; Denton; Ellis; Hood; Johnson; Parker; Rockwall; Tarrant; Wise,https://www.molinamarketplace.com/members/tx/en-US/PDF/Marketplace/2026/TX26SBCE_S1DV_5.pdf,https://www.molinamarketplace.com/marketplace/tx/en-us/-/media/Molina/PublicWebsite/PDF/members/tx/en-us/Marketplace/2026/TXBrochure2026.pdf,https://molina.sapphirethreesixtyfive.com//?ci=tx-marketplace,No,"CMS Marketplace PUF 2026 (Plan Attributes, Network, Service Area)",$850
2026,45786TX0060002-06,Molina Healthcare,Molina Silver Core  Plus with Adult Dental and Vision,CSR 94%,Silver,HMO,Molina Marketplace,TXN001,$0,"$2,000",$2000 per person,,,Collin; Dallas; Denton; Ellis; Hood; Johnson; Parker; Rockwall; Tarrant; Wise,https://www.molinamarketplace.com/members/tx/en-US/PDF/Marketplace/2026/TX26SBCE_S1DV_6.pdf,https://www.molinamarketplace.com/marketplace/tx/en-us/-/media/Molina/PublicWebsite/PDF/members/tx/en-us/Marketplace/2026/TXBrochure2026.pdf,https://molina.sapphirethreesixtyfive.com//?ci=tx-marketplace,No,"CMS Marketplace PUF 2026 (Plan Attributes, Network, Service Area)",$0
2026,45786TX0060003-01,Molina Healthcare,Molina Gold Saver 750 Plus with Adult Dental and Vision,standard,Gold,HMO,Molina Marketplace,TXN001,$750,"$9,400",$9400 per person,,,Collin; Dallas; Denton; Ellis; Hood; Johnson; Parker; Rockwall; Tarrant; Wise,https://www.molinamarketplace.com/members/tx/en-US/PDF/Marketplace/2026/TX26SBCE_G12DV_1.pdf,https://www.molinamarketplace.com/marketplace/tx/en-us/-/media/Molina/PublicWebsite/PDF/members/tx/en-us/Marketplace/2026/TXBrochure2026.pdf,https://molina.sapphirethreesixtyfive.com//?ci=tx-marketplace,No,"CMS Marketplace PUF 2026 (Plan Attributes, Network, Service Area)",$750
2026,47501TX0030001-01,WellPoint,Wellpoint Essential Silver POS 6000 Standard ($0 Virtual PCP + $0 Select Drugs + Incentives),standard,Silver,POS,Wellpoint Texas Essential and Pharmacy Base Network,TXN001,"$6,000","$8,900",$8900 per person,,,Collin; Dallas; Denton; Ellis; Hunt; Johnson; Kaufman; Rockwall; Tarrant,https://sbc.wellpoint.com/dpsdeeplink/deepLink/WellpointEssentialSilverPOS6000Standard0VirtualPCP0SelectDrugsIncentives/8Y7V/English/DG166708944887.pdf,http://file.wellpoint.com/2026/1081326TXCENWLP_2026.pdf,https://www.wellpoint.com/find-care/?alphaprefix=3730,No,"CMS Marketplace PUF 2026 (Plan Attributes, Network, Service Area)","$6,000"
2026,47501TX0030001-04,WellPoint,Wellpoint Essential Silver POS 6000 Standard ($0 Virtual PCP + $0 Select Drugs + Incentives),CSR 73%,Silver,POS,Wellpoint Texas Essential and Pharmacy Base Network,TXN001,"$3,000","$7,400",$7400 per person,,,Collin; Dallas; Denton; Ellis; Hunt; Johnson; Kaufman; Rockwall; Tarrant,https://sbc.wellpoint.com/dpsdeeplink/deepLink/WellpointEssentialSilverPOS3000Standard0VirtualPCP0SelectDrugsIncentivesS04/8YA4/English/DG166708945486.pdf,http://file.wellpoint.com/2026/1081326TXCENWLP_2026.pdf,https://www.wellpoint.com/find-care/?alphaprefix=3730,No,"CMS Marketplace PUF 2026 (Plan Attributes, Network, Service Area)","$3,000"
2026,47501TX0030001-05,WellPoint,Wellpoint Essential Silver POS 6000 Standard ($0 Virtual PCP + $0 Select Drugs + Incentives),CSR 87%,Silver,POS,Wellpoint Texas Essential and Pharmacy Base Network,TXN001,$700,"$3,300",$3300 per person,,,Collin; Dallas; Denton; Ellis; Hunt; Johnson; Kaufman; Rockwall; Tarrant,https://sbc.wellpoint.com/dpsdeeplink/deepLink/WellpointEssentialSilverPOS700Standard0VirtualPCP0SelectDrugsIncentivesS05/8Y98/English/DG166708946330.pdf,http://file.wellpoint.com/2026/1081326TXCENWLP_2026.pdf,https://www.wellpoint.com/find-care/?alphaprefix=3730,No,"CMS Marketplace PUF 2026 (Plan Attributes, Network, Service Area)",$700
2026,47501TX0030001-06,WellPoint,Wellpoint Essential Silver POS 6000 Standard ($0 Virtual PCP + $0 Select Drugs + Incentives),CSR 94%,Silver,POS,Wellpoint Texas Essential and Pharmacy Base Network,TXN001,$0,"$2,200",$2200 per person,,,Collin; Dallas; Denton; Ellis; Hunt; Johnson; Kaufman; Rockwall; Tarrant,https://sbc.wellpoint.com/dpsdeeplink/deepLink/WellpointEssentialSilverPOSStandard0VirtualPCP0SelectDrugsIncentivesS06/8YAP/English/DG166708944867.pdf,http://file.wellpoint.com/2026/1081326TXCENWLP_2026.pdf,https://www.wellpoint.com/find-care/?alphaprefix=3730,No,"CMS Marketplace PUF 2026 (Plan Attributes, Network, Service Area)",$0
2026,47501TX0030002-01,WellPoint,Wellpoint Essential Bronze POS 5500 ($0 Virtual PCP + $0 Select Drugs + Incentives),standard,Expanded Bronze,POS,Wellpoint Texas Essential and RX Choice Tiered Network,TXN002,"$5,500","$10,600",$10600 per person,,,Collin; Dallas; Denton; Ellis; Hunt; Johnson; Kaufman; Rockwall; Tarrant,https://sbc.wellpoint.com/dpsdeeplink/deepLink/WellpointEssentialBronzePOS55000VirtualPCP0SelectDrugsIncentives/8Y8G/English/DG166708945301.pdf,http://file.wellpoint.com/2026/1081326TXCENWLP_2026.pdf,https://www.wellpoint.com/find-care/?alphaprefix=3730,No,"CMS Marketplace PUF 2026 (Plan Attributes, Network, Service Area)","$5,500"
2026,47501TX0030003-01,WellPoint,Wellpoint Essential Bronze POS 4500 ($0 Virtual PCP + $0 Select Drugs + Incentives),standard,Expanded Bronze,POS,Wellpoint Texas Essential and RX Choice Tiered Network,TXN002,"$4,500","$10,600",$10600 per person,,,Collin; Dallas; Denton; Ellis; Hunt; Johnson; Kaufman; Rockwall; Tarrant,https://sbc.wellpoint.com/dpsdeeplink/deepLink/WellpointEssentialBronzePOS45000VirtualPCP0SelectDrugsIncentives/8Y86/English/DG166708944850.pdf,http://file.wellpoint.com/2026/1081326TXCENWLP_2026.pdf,https://www.wellpoint.com/find-care/?alphaprefix=3730,No,"CMS Marketplace PUF 2026 (Plan Attributes, Network, Service Area)","$4,500"
2026,47501TX0030004-01,WellPoint,Wellpoint Essential Bronze POS 7500 Standard ($0 Virtual PCP + $0 Select Drugs + Incentives),standard,Expanded Bronze,POS,Wellpoint Texas Essential and Pharmacy Base Network,TXN001,"$7,500","$10,000",$10000 per person,,,Collin; Dallas; Denton; Ellis; Hunt; Johnson; Kaufman; Rockwall; Tarrant,https://sbc.wellpoint.com/dpsdeeplink/deepLink/WellpointEssentialBronzePOS7500Standard0VirtualPCP0SelectDrugsIncentives/8YAQ/English/DG166708945701.pdf,http://file.wellpoint.com/2026/1081326TXCENWLP_2026.pdf,https://www.wellpoint.com/find-care/?alphaprefix=3730,No,"CMS Marketplace PUF 2026 (Plan Attributes, Network, Service Area)","$7,500"
2026,47501TX0030005-01,WellPoint,Wellpoint Essential Gold POS 1000 ($0 Virtual PCP + $0 Select Drugs + Incentives),standard,Gold,POS,Wellpoint Texas Essential and RX Choice Tiered Network,TXN002,"$1,000","$8,950",$8950 per person,,,Collin; Dallas; Denton; Ellis; Hunt; Johnson; Kaufman; Rockwall; Tarrant,https://sbc.wellpoint.com/dpsdeeplink/deepLink/WellpointEssentialGoldPOS10000VirtualPCP0SelectDrugsIncentives/8Y7X/English/DG166708945398.pdf,http://file.wellpoint.com/2026/1081326TXCENWLP_2026.pdf,https://www.wellpoint.com/find-care/?alphaprefix=3730,No,"CMS Marketplace PUF 2026 (Plan Attributes, Network, Service Area)","$1,000"
2026,47501TX0030006-01,WellPoint,Wellpoint Essential Gold POS 2000 Standard ($0 Virtual PCP + $0 Select Drugs + Incentives),standard,Gold,POS,Wellpoint Texas Essential and Pharmacy Base Network,TXN001,"$2,000","$8,200",$8200 per person,,,Collin; Dallas; Denton; Ellis; Hunt; Johnson; Kaufman; Rockwall; Tarrant,https://sbc.wellpoint.com/dpsdeeplink/deepLink/WellpointEssentialGoldPOS2000Standard0VirtualPCP0SelectDrugsIncentives/8Y8V/English/DG166708945752.pdf,http://file.wellpoint.com/2026/1081326TXCENWLP_2026.pdf,https://www.wellpoint.com/find-care/?alphaprefix=3730,No,"CMS Marketplace PUF 2026 (Plan Attributes, Network, Service Area)","$2,000"
2026,47501TX0030007-01,WellPoint,Wellpoint Essential Gold POS 700 ($0 Virtual PCP + $0 Select Drugs + Incentives),standard,Gold,POS,Wellpoint Texas Essential and RX Choice Tiered Network,TXN002,$700,"$7,500",$7500 per person,,,Collin; Dallas; Denton; Ellis; Hunt; Johnson; Kaufman; Rockwall; Tarrant,https://sbc.wellpoint.com/dpsdeeplink/deepLink/WellpointEssentialGoldPOS7000VirtualPCP0SelectDrugsIncentives/8Y81/English/DG166708944626.pdf,http://file.wellpoint.com/2026/1081326TXCENWLP_2026.pdf,https://www.wellpoint.com/find-care/?alphaprefix=3730,No,"CMS Marketplace PUF 2026 (Plan Attributes, Network, Service Area)",$700
2026,47501TX0030008-01,WellPoint,Wellpoint Essential Silver POS 2500 ($0 Virtual PCP + $0 Select Drugs + Incentives),standard,Silver,POS,Wellpoint Texas Essential and RX Choice Tiered Network,TXN002,"$2,500","$9,900",$9900 per person,,,Collin; Dallas; Denton; Ellis; Hunt; Johnson; Kaufman; Rockwall; Tarrant,https://sbc.wellpoint.com/dpsdeeplink/deepLink/WellpointEssentialSilverPOS25000VirtualPCP0SelectDrugsIncentives/8Y9A/English/DG166708944888.pdf,http://file.wellpoint.com/2026/1081326TXCENWLP_2026.pdf,https://www.wellpoint.com/find-care/?alphaprefix=3730,No,"CMS Marketplace PUF 2026 (Plan Attributes, Network, Service Area)","$2,500"
2026,47501TX0030008-04,WellPoint,Wellpoint Essential Silver POS 2500 ($0 Virtual PCP + $0 Select Drugs + Incentives),CSR 73%,Silver,POS,Wellpoint Texas Essential and RX Choice Tiered Network,TXN002,"$1,900","$7,400",$7400 per person,,,Collin; Dallas; Denton; Ellis; Hunt; Johnson; Kaufman; Rockwall; Tarrant,https://sbc.wellpoint.com/dpsdeeplink/deepLink/WellpointEssentialSilverPOS19000VirtualPCP0SelectDrugsIncentivesS04/8Y8Z/English/DG166708945378.pdf,http://file.wellpoint.com/2026/1081326TXCENWLP_2026.pdf,https://www.wellpoint.com/find-care/?alphaprefix=3730,No,"CMS Marketplace PUF 2026 (Plan Attributes, Network, Service Area)","$1,900"
2026,47501TX0030008-05,WellPoint,Wellpoint Essential Silver POS 2500 ($0 Virtual PCP + $0 Select Drugs + Incentives),CSR 87%,Silver,POS,Wellpoint Texas Essential and RX Choice Tiered Network,TXN002,$400,"$2,800",$2800 per person,,,Collin; Dallas; Denton; Ellis; Hunt; Johnson; Kaufman; Rockwall; Tarrant,https://sbc.wellpoint.com/dpsdeeplink/deepLink/WellpointEssentialSilverPOS4000VirtualPCP0SelectDrugsIncentivesS05/8Y82/English/DG166708945945.pdf,http://file.wellpoint.com/2026/1081326TXCENWLP_2026.pdf,https://www.wellpoint.com/find-care/?alphaprefix=3730,No,"CMS Marketplace PUF 2026 (Plan Attributes, Network, Service Area)",$400
2026,47501TX0030008-06,WellPoint,Wellpoint Essential Silver POS 2500 ($0 Virtual PCP + $0 Select Drugs + Incentives),CSR 94%,Silver,POS,Wellpoint Texas Essential and RX Choice Tiered Network,TXN002,$100,$900,$900 per person,,,Collin; Dallas; Denton; Ellis; Hunt; Johnson; Kaufman; Rockwall; Tarrant,https://sbc.wellpoint.com/dpsdeeplink/deepLink/WellpointEssentialSilverPOS1000VirtualPCP0SelectDrugsIncentivesS06/8Y80/English/DG166708945448.pdf,http://file.wellpoint.com/2026/1081326TXCENWLP_2026.pdf,https://www.wellpoint.com/find-care/?alphaprefix=3730,No,"CMS Marketplace PUF 2026 (Plan Attributes, Network, Service Area)",$100
2026,47501TX0030009-01,WellPoint,Wellpoint Essential Silver POS 4000 ($0 Virtual PCP + $0 Select Drugs + Incentives),standard,Silver,POS,Wellpoint Texas Essential and RX Choice Tiered Network,TXN002,"$4,000","$9,550",$9550 per person,,,Collin; Dallas; Denton; Ellis; Hunt; Johnson; Kaufman; Rockwall; Tarrant,https://sbc.wellpoint.com/dpsdeeplink/deepLink/WellpointEssentialSilverPOS40000VirtualPCP0SelectDrugsIncentives/8Y9R/English/DG166708945652.pdf,http://file.wellpoint.com/2026/1081326TXCENWLP_2026.pdf,https://www.wellpoint.com/find-care/?alphaprefix=3730,No,"CMS Marketplace PUF 2026 (Plan Attributes, Network, Service Area)","$4,000"
2026,47501TX0030009-04,WellPoint,Wellpoint Essential Silver POS 4000 ($0 Virtual PCP + $0 Select Drugs + Incentives),CSR 73%,Silver,POS,Wellpoint Texas Essential and RX Choice Tiered Network,TXN002,"$3,200","$7,100",$7100 per person,,,Collin; Dallas; Denton; Ellis; Hunt; Johnson; Kaufman; Rockwall; Tarrant,https://sbc.wellpoint.com/dpsdeeplink/deepLink/WellpointEssentialSilverPOS32000VirtualPCP0SelectDrugsIncentivesS04/8YAS/English/DG166708945936.pdf,http://file.wellpoint.com/2026/1081326TXCENWLP_2026.pdf,https://www.wellpoint.com/find-care/?alphaprefix=3730,No,"CMS Marketplace PUF 2026 (Plan Attributes, Network, Service Area)","$3,200"
2026,47501TX0030009-05,WellPoint,Wellpoint Essential Silver POS 4000 ($0 Virtual PCP + $0 Select Drugs + Incentives),CSR 87%,Silver,POS,Wellpoint Texas Essential and RX Choice Tiered Network,TXN002,$700,"$2,700",$2700 per person,,,Collin; Dallas; Denton; Ellis; Hunt; Johnson; Kaufman; Rockwall; Tarrant,https://sbc.wellpoint.com/dpsdeeplink/deepLink/WellpointEssentialSilverPOS7000VirtualPCP0SelectDrugsIncentivesS05/8YA6/English/DG166708945457.pdf,http://file.wellpoint.com/2026/1081326TXCENWLP_2026.pdf,https://www.wellpoint.com/find-care/?alphaprefix=3730,No,"CMS Marketplace PUF 2026 (Plan Attributes, Network, Service Area)",$700
2026,47501TX0030009-06,WellPoint,Wellpoint Essential Silver POS 4000 ($0 Virtual PCP + $0 Select Drugs + Incentives),CSR 94%,Silver,POS,Wellpoint Texas Essential and RX Choice Tiered Network,TXN002,$200,$900,$900 per person,,,Collin; Dallas; Denton; Ellis; Hunt; Johnson; Kaufman; Rockwall; Tarrant,https://sbc.wellpoint.com/dpsdeeplink/deepLink/WellpointEssentialSilverPOS2000VirtualPCP0SelectDrugsIncentivesS06/8YAG/English/DG166708945392.pdf,http://file.wellpoint.com/2026/1081326TXCENWLP_2026.pdf,https://www.wellpoint.com/find-care/?alphaprefix=3730,No,"CMS Marketplace PUF 2026 (Plan Attributes, Network, Service Area)",$200
2026,47501TX0040002-01,WellPoint,Wellpoint Essential Bronze 4000 HSA (+ Incentives),standard,Expanded Bronze,HMO,Wellpoint Texas Essential and RX Choice Tiered Network,TXN002,"$4,000","$8,450",$8450 per person,,,Collin; Dallas; Denton; Ellis; Hunt; Johnson; Kaufman; Rockwall; Tarrant,https://sbc.wellpoint.com/dpsdeeplink/deepLink/WellpointEssentialBronze4000HSAIncentives/8Y9B/English/DG166708944883.pdf,http://file.wellpoint.com/2026/1081326TXCENWLP_2026.pdf,https://www.wellpoint.com/find-care/?alphaprefix=3730,No,"CMS Marketplace PUF 2026 (Plan Attributes, Network, Service Area)","$4,000"
2026,47501TX0040003-01,WellPoint,Wellpoint Essential Bronze 6000 Adult Dental/Vision ($0 Virtual PCP+$0 Select Drugs),standard,Expanded Bronze,HMO,"Wellpoint Texas Essential, Dental Prime, and RX Choice Tiered Network",TXN003,"$6,000","$10,600",$10600 per person,,,Collin; Dallas; Denton; Ellis; Hunt; Johnson; Kaufman; Rockwall; Tarrant,https://sbc.wellpoint.com/dpsdeeplink/deepLink/WellpointEssentialBronze6000AdultDentalVision0VirtualPCP0SelectDrugs/8Y9K/English/DG166708945663.pdf,http://file.wellpoint.com/2026/1081326TXCENWLP_2026.pdf,https://www.wellpoint.com/find-care/?alphaprefix=3732,No,"CMS Marketplace PUF 2026 (Plan Attributes, Network, Service Area)","$6,000"
2026,47501TX0040004-01,WellPoint,Wellpoint Essential Bronze 6000 ($0 Virtual PCP + $0 Select Drugs + Incentives),standard,Expanded Bronze,HMO,Wellpoint Texas Essential and RX Choice Tiered Network,TXN002,"$6,000","$10,600",$10600 per person,,,Collin; Dallas; Denton; Ellis; Hunt; Johnson; Kaufman; Rockwall; Tarrant,https://sbc.wellpoint.com/dpsdeeplink/deepLink/WellpointEssentialBronze60000VirtualPCP0SelectDrugsIncentives/8Y7Z/English/DG166708945699.pdf,http://file.wellpoint.com/2026/1081326TXCENWLP_2026.pdf,https://www.wellpoint.com/find-care/?alphaprefix=3730,No,"CMS Marketplace PUF 2026 (Plan Attributes, Network, Service Area)","$6,000"
2026,47501TX0040005-01,WellPoint,Wellpoint Essential Bronze 7500 Standard ($0 Virtual PCP + $0 Select Drugs + Incentives),standard,Expanded Bronze,HMO,Wellpoint Texas Essential and Pharmacy Base Network,TXN001,"$7,500","$10,000",$10000 per person,,,Collin; Dallas; Denton; Ellis; Hunt; Johnson; Kaufman; Rockwall; Tarrant,https://sbc.wellpoint.com/dpsdeeplink/deepLink/WellpointEssentialBronze7500Standard0VirtualPCP0SelectDrugsIncentives/8Y7L/English/DG166708945631.pdf,http://file.wellpoint.com/2026/1081326TXCENWLP_2026.pdf,https://www.wellpoint.com/find-care/?alphaprefix=3730,No,"CMS Marketplace PUF 2026 (Plan Attributes, Network, Service Area)","$7,500"
2026,47501TX0040006-01,WellPoint,Wellpoint Essential Catastrophic (+ Incentives),standard,Catastrophic,HMO,Wellpoint Texas Essential and RX Choice Tiered Network,TXN002,"$10,600","$10,600",$10600 per person,,,Collin; Dallas; Denton; Ellis; Hunt; Johnson; Kaufman; Rockwall; Tarrant,https://sbc.wellpoint.com/dpsdeeplink/deepLink/WellpointEssentialCatastrophicIncentives/8Y91/English/DG166708945620.pdf,http://file.wellpoint.com/2026/1081326TXCENWLP_2026.pdf,https://www.wellpoint.com/find-care/?alphaprefix=3730,No,"CMS Marketplace PUF 2026 (Plan Attributes, Network, Service Area)","$10,600"
2026,47501TX0040007-01,WellPoint,Wellpoint Essential Gold 1500 ($0 Virtual PCP + $0 Select Drugs + Incentives),standard,Gold,HMO,Wellpoint Texas Essential and RX Choice Tiered Network,TXN002,"$1,500","$5,000",$5000 per person,,,Collin; Dallas; Denton; Ellis; Hunt; Johnson; Kaufman; Rockwall; Tarrant,https://sbc.wellpoint.com/dpsdeeplink/deepLink/WellpointEssentialGold15000VirtualPCP0SelectDrugsIncentives/8Y8R/English/DG166708945696.pdf,http://file.wellpoint.com/2026/1081326TXCENWLP_2026.pdf,https://www.wellpoint.com/find-care/?alphaprefix=3730,No,"CMS Marketplace PUF 2026 (Plan Attributes, Network, Service Area)","$1,500"
2026,47501TX0040008-01,WellPoint,Wellpoint Essential Gold 2000 Standard ($0 Virtual PCP + $0 Select Drugs + Incentives),standard,Gold,HMO,Wellpoint Texas Essential and Pharmacy Base Network,TXN001,"$2,000","$8,200",$8200 per person,,,Collin; Dallas; Denton; Ellis; Hunt; Johnson; Kaufman; Rockwall; Tarrant,https://sbc.wellpoint.com/dpsdeeplink/deepLink/WellpointEssentialGold2000Standard0VirtualPCP0SelectDrugsIncentives/8Y7U/English/DG166708945297.pdf,http://file.wellpoint.com/2026/1081326TXCENWLP_2026.pdf,https://www.wellpoint.com/find-care/?alphaprefix=3730,No,"CMS Marketplace PUF 2026 (Plan Attributes, Network, Service Area)","$2,000"
2026,47501TX0040009-01,WellPoint,Wellpoint Essential Gold 800 ($0 Virtual PCP + $0 Select Drugs + Incentives),standard,Gold,HMO,Wellpoint Texas Essential and RX Choice Tiered Network,TXN002,$800,"$9,000",$9000 per person,,,Collin; Dallas; Denton; Ellis; Hunt; Johnson; Kaufman; Rockwall; Tarrant,https://sbc.wellpoint.com/dpsdeeplink/deepLink/WellpointEssentialGold8000VirtualPCP0SelectDrugsIncentives/8YAL/English/DG166708945816.pdf,http://file.wellpoint.com/2026/1081326TXCENWLP_2026.pdf,https://www.wellpoint.com/find-care/?alphaprefix=3730,No,"CMS Marketplace PUF 2026 (Plan Attributes, Network, Service Area)",$800
2026,47501TX0040010-01,WellPoint,Wellpoint Essential Silver 3500 Adult Dental/Vision ($0 Virtual PCP + $0 Select Drugs + Incentives),standard,Silver,HMO,"Wellpoint Texas Essential, Dental Prime, and RX Choice Tiered Network",TXN003,"$3,500","$9,950",$9950 per person,,,Collin; Dallas; Denton; Ellis; Hunt; Johnson; Kaufman; Rockwall; Tarrant,https://sbc.wellpoint.com/dpsdeeplink/deepLink/WellpointEssentialSilver3500AdultDentalVision0VirtualPCP0SelectDrugsIncentives/8Y8N/English/DG166708944861.pdf,http://file.wellpoint.com/2026/1081326TXCENWLP_2026.pdf,https://www.wellpoint.com/find-care/?alphaprefix=3732,No,"CMS Marketplace PUF 2026 (Plan Attributes, Network, Service Area)","$3,500"
2026,47501TX0040010-04,WellPoint,Wellpoint Essential Silver 3500 Adult Dental/Vision ($0 Virtual PCP + $0 Select Drugs + Incentives),CSR 73%,Silver,HMO,"Wellpoint Texas Essential, Dental Prime, and RX Choice Tiered Network",TXN003,"$2,800","$7,250",$7250 per person,,,Collin; Dallas; Denton; Ellis; Hunt; Johnson; Kaufman; Rockwall; Tarrant,https://sbc.wellpoint.com/dpsdeeplink/deepLink/WellpointEssentialSilver2800AdultDentalVision0VirtualPCP0SelectDrugsIncentivesS04/8Y9X/English/DG166708945503.pdf,http://file.wellpoint.com/2026/1081326TXCENWLP_2026.pdf,https://www.wellpoint.com/find-care/?alphaprefix=3732,No,"CMS Marketplace PUF 2026 (Plan Attributes, Network, Service Area)","$2,800"
2026,47501TX0040010-05,WellPoint,Wellpoint Essential Silver 3500 Adult Dental/Vision ($0 Virtual PCP + $0 Select Drugs + Incentives),CSR 87%,Silver,HMO,"Wellpoint Texas Essential, Dental Prime, and RX Choice Tiered Network",TXN003,$600,"$2,800",$2800 per person,,,Collin; Dallas; Denton; Ellis; Hunt; Johnson; Kaufman; Rockwall; Tarrant,https://sbc.wellpoint.com/dpsdeeplink/deepLink/WellpointEssentialSilver600AdultDentalVision0VirtualPCP0SelectDrugsS05/8Y9D/English/DG166708945476.pdf,http://file.wellpoint.com/2026/1081326TXCENWLP_2026.pdf,https://www.wellpoint.com/find-care/?alphaprefix=3732,No,"CMS Marketplace PUF 2026 (Plan Attributes, Network, Service Area)",$600
2026,47501TX0040010-06,WellPoint,Wellpoint Essential Silver 3500 Adult Dental/Vision ($0 Virtual PCP + $0 Select Drugs + Incentives),CSR 94%,Silver,HMO,"Wellpoint Texas Essential, Dental Prime, and RX Choice Tiered Network",TXN003,$50,"$1,050",$1050 per person,,,Collin; Dallas; Denton; Ellis; Hunt; Johnson; Kaufman; Rockwall; Tarrant,https://sbc.wellpoint.com/dpsdeeplink/deepLink/WellpointEssentialSilver50AdultDentalVision0VirtualPCP0SelectDrugsS06/8YAE/English/DG166708945615.pdf,http://file.wellpoint.com/2026/1081326TXCENWLP_2026.pdf,https://www.wellpoint.com/find-care/?alphaprefix=3732,No,"CMS Marketplace PUF 2026 (Plan Attributes, Network, Service Area)",$50
2026,47501TX0040011-01,WellPoint,Wellpoint Essential Silver 1850 ($0 Virtual PCP + $0 Select Drugs + Incentives),standard,Silver,HMO,Wellpoint Texas Essential and RX Choice Tiered Network,TXN002,"$1,850","$9,100",$9100 per person,,,Collin; Dallas; Denton; Ellis; Hunt; Johnson; Kaufman; Rockwall; Tarrant,https://sbc.wellpoint.com/dpsdeeplink/deepLink/WellpointEssentialSilver18500VirtualPCP0SelectDrugsIncentives/8YA9/English/DG166708945814.pdf,http://file.wellpoint.com/2026/1081326TXCENWLP_2026.pdf,https://www.wellpoint.com/find-care/?alphaprefix=3730,No,"CMS Marketplace PUF 2026 (Plan Attributes, Network, Service Area)","$1,850"
2026,47501TX0040011-04,WellPoint,Wellpoint Essential Silver 1850 ($0 Virtual PCP + $0 Select Drugs + Incentives),CSR 73%,Silver,HMO,Wellpoint Texas Essential and RX Choice Tiered Network,TXN002,"$1,500","$7,200",$7200 per person,,,Collin; Dallas; Denton; Ellis; Hunt; Johnson; Kaufman; Rockwall; Tarrant,https://sbc.wellpoint.com/dpsdeeplink/deepLink/WellpointEssentialSilver15000VirtualPCP0SelectDrugsIncentivesS04/8YA1/English/DG166708945929.pdf,http://file.wellpoint.com/2026/1081326TXCENWLP_2026.pdf,https://www.wellpoint.com/find-care/?alphaprefix=3730,No,"CMS Marketplace PUF 2026 (Plan Attributes, Network, Service Area)","$1,500"
2026,47501TX0040011-05,WellPoint,Wellpoint Essential Silver 1850 ($0 Virtual PCP + $0 Select Drugs + Incentives),CSR 87%,Silver,HMO,Wellpoint Texas Essential and RX Choice Tiered Network,TXN002,$300,"$3,050",$3050 per person,,,Collin; Dallas; Denton; Ellis; Hunt; Johnson; Kaufman; Rockwall; Tarrant,https://sbc.wellpoint.com/dpsdeeplink/deepLink/WellpointEssentialSilver3000VirtualPCP0SelectDrugsIncentivesS05/8Y7T/English/DG166708946076.pdf,http://file.wellpoint.com/2026/1081326TXCENWLP_2026.pdf,https://www.wellpoint.com/find-care/?alphaprefix=3730,No,"CMS Marketplace PUF 2026 (Plan Attributes, Network, Service Area)",$300
2026,47501TX0040011-06,WellPoint,Wellpoint Essential Silver 1850 ($0 Virtual PCP + $0 Select Drugs + Incentives),CSR 94%,Silver,HMO,Wellpoint Texas Essential and RX Choice Tiered Network,TXN002,$0,"$1,100",$1100 per person,,,Collin; Dallas; Denton; Ellis; Hunt; Johnson; Kaufman; Rockwall; Tarrant,https://sbc.wellpoint.com/dpsdeeplink/deepLink/WellpointEssentialSilver0VirtualPCP0SelectDrugsIncentivesS06/8Y8J/English/DG166708945657.pdf,http://file.wellpoint.com/2026/1081326TXCENWLP_2026.pdf,https://www.wellpoint.com/find-care/?alphaprefix=3730,No,"CMS Marketplace PUF 2026 (Plan Attributes, Network, Service Area)",$0
2026,47501TX0040012-01,WellPoint,Wellpoint Essential Silver 3500 ($0 Virtual PCP + $0 Select Drugs + Incentives),standard,Silver,HMO,Wellpoint Texas Essential and RX Choice Tiered Network,TXN002,"$3,500","$9,950",$9950 per person,,,Collin; Dallas; Denton; Ellis; Hunt; Johnson; Kaufman; Rockwall; Tarrant,https://sbc.wellpoint.com/dpsdeeplink/deepLink/WellpointEssentialSilver35000VirtualPCP0SelectDrugsIncentives/8Y8Q/English/DG166708945661.pdf,http://file.wellpoint.com/2026/1081326TXCENWLP_2026.pdf,https://www.wellpoint.com/find-care/?alphaprefix=3730,No,"CMS Marketplace PUF 2026 (Plan Attributes, Network, Service Area)","$3,500"
2026,47501TX0040012-04,WellPoint,Wellpoint Essential Silver 3500 ($0 Virtual PCP + $0 Select Drugs + Incentives),CSR 73%,Silver,HMO,Wellpoint Texas Essential and RX Choice Tiered Network,TXN002,"$2,800","$7,250",$7250 per person,,,Collin; Dallas; Denton; Ellis; Hunt; Johnson; Kaufman; Rockwall; Tarrant,https://sbc.wellpoint.com/dpsdeeplink/deepLink/WellpointEssentialSilver28000VirtualPCP0SelectDrugsIncentivesS04/8Y7P/English/DG166708945473.pdf,http://file.wellpoint.com/2026/1081326TXCENWLP_2026.pdf,https://www.wellpoint.com/find-care/?alphaprefix=3730,No,"CMS Marketplace PUF 2026 (Plan Attributes, Network, Service Area)","$2,800"
2026,47501TX0040012-05,WellPoint,Wellpoint Essential Silver 3500 ($0 Virtual PCP + $0 Select Drugs + Incentives),CSR 87%,Silver,HMO,Wellpoint Texas Essential and RX Choice Tiered Network,TXN002,$600,"$2,800",$2800 per person,,,Collin; Dallas; Denton; Ellis; Hunt; Johnson; Kaufman; Rockwall; Tarrant,https://sbc.wellpoint.com/dpsdeeplink/deepLink/WellpointEssentialSilver6000VirtualPCP0SelectDrugsIncentivesS05/8Y8W/English/DG166708945982.pdf,http://file.wellpoint.com/2026/1081326TXCENWLP_2026.pdf,https://www.wellpoint.com/find-care/?alphaprefix=3730,No,"CMS Marketplace PUF 2026 (Plan Attributes, Network, Service Area)",$600
2026,47501TX0040012-06,WellPoint,Wellpoint Essential Silver 3500 ($0 Virtual PCP + $0 Select Drugs + Incentives),CSR 94%,Silver,HMO,Wellpoint Texas Essential and RX Choice Tiered Network,TXN002,$50,"$1,050",$1050 per person,,,Collin; Dallas; Denton; Ellis; Hunt; Johnson; Kaufman; Rockwall; Tarrant,https://sbc.wellpoint.com/dpsdeeplink/deepLink/WellpointEssentialSilver500VirtualPCP0SelectDrugsIncentivesS06/8Y8H/English/DG166708946065.pdf,http://file.wellpoint.com/2026/1081326TXCENWLP_2026.pdf,https://www.wellpoint.com/find-care/?alphaprefix=3730,No,"CMS Marketplace PUF 2026 (Plan Attributes, Network, Service Area)",$50
2026,47501TX0040013-01,WellPoint,Wellpoint Essential Silver 6000 Standard ($0 Virtual PCP + $0 Select Drugs + Incentives),standard,Silver,HMO,Wellpoint Texas Essential and Pharmacy Base Network,TXN001,"$6,000","$8,900",$8900 per person,,,Collin; Dallas; Denton; Ellis; Hunt; Johnson; Kaufman; Rockwall; Tarrant,https://sbc.wellpoint.com/dpsdeeplink/deepLink/WellpointEssentialSilver6000Standard0VirtualPCP0SelectDrugsIncentives/8Y7K/English/DG166708945299.pdf,http://file.wellpoint.com/2026/1081326TXCENWLP_2026.pdf,https://www.wellpoint.com/find-care/?alphaprefix=3730,No,"CMS Marketplace PUF 2026 (Plan Attributes, Network, Service Area)","$6,000"
2026,47501TX0040013-04,WellPoint,Wellpoint Essential Silver 6000 Standard ($0 Virtual PCP + $0 Select Drugs + Incentives),CSR 73%,Silver,HMO,Wellpoint Texas Essential and Pharmacy Base Network,TXN001,"$3,000","$7,400",$7400 per person,,,Collin; Dallas; Denton; Ellis; Hunt; Johnson; Kaufman; Rockwall; Tarrant,https://sbc.wellpoint.com/dpsdeeplink/deepLink/WellpointEssentialSilver3000Standard0VirtualPCP0SelectDrugsIncentivesS04/8Y8X/English/DG166708946064.pdf,http://file.wellpoint.com/2026/1081326TXCENWLP_2026.pdf,https://www.wellpoint.com/find-care/?alphaprefix=3730,No,"CMS Marketplace PUF 2026 (Plan Attributes, Network, Service Area)","$3,000"
2026,47501TX0040013-05,WellPoint,Wellpoint Essential Silver 6000 Standard ($0 Virtual PCP + $0 Select Drugs + Incentives),CSR 87%,Silver,HMO,Wellpoint Texas Essential and Pharmacy Base Network,TXN001,$700,"$3,300",$3300 per person,,,Collin; Dallas; Denton; Ellis; Hunt; Johnson; Kaufman; Rockwall; Tarrant,https://sbc.wellpoint.com/dpsdeeplink/deepLink/WellpointEssentialSilver700Standard0VirtualPCP0SelectDrugsIncentivesS05/8Y87/English/DG166708945966.pdf,http://file.wellpoint.com/2026/1081326TXCENWLP_2026.pdf,https://www.wellpoint.com/find-care/?alphaprefix=3730,No,"CMS Marketplace PUF 2026 (Plan Attributes, Network, Service Area)",$700
2026,47501TX0040013-06,WellPoint,Wellpoint Essential Silver 6000 Standard ($0 Virtual PCP + $0 Select Drugs + Incentives),CSR 94%,Silver,HMO,Wellpoint Texas Essential and Pharmacy Base Network,TXN001,$0,"$2,200",$2200 per person,,,Collin; Dallas; Denton; Ellis; Hunt; Johnson; Kaufman; Rockwall; Tarrant,https://sbc.wellpoint.com/dpsdeeplink/deepLink/WellpointEssentialSilverStandard0VirtualPCP0SelectDrugsIncentivesS06/8Y7R/English/DG166708945447.pdf,http://file.wellpoint.com/2026/1081326TXCENWLP_2026.pdf,https://www.wellpoint.com/find-care/?alphaprefix=3730,No,"CMS Marketplace PUF 2026 (Plan Attributes, Network, Service Area)",$0
2026,76589TX0010015-01,Cigna Healthcare,Connect Bronze DFW 6000 Indiv Med Deductible,standard,Expanded Bronze,HMO,Texas Connect Network,TXN001,"$6,000","$10,600",$10600 per person,,,Collin; Dallas; Ellis; Hunt; Johnson; Kaufman; Rockwall; Tarrant,https://www.cigna.com/static/www-cigna-com/docs/ifp/m-26-sbc-tx-b-76589tx0010015-00-01.pdf,https://www.cigna.com/static/www-cigna-com/docs/ifp/m-26-pb-tx-971310-planbrochure.pdf,https://www.cigna.com/ifp-providers,No,"CMS Marketplace PUF 2026 (Plan Attributes, Network, Service Area)","$6,000"
2026,76589TX0010016-01,Cigna Healthcare,Connect myDiabetesCare Bronze DFW,standard,Expanded Bronze,HMO,Texas Connect Network,TXN001,"$6,500","$10,600",$10600 per person,,,Collin; Dallas; Ellis; Hunt; Johnson; Kaufman; Rockwall; Tarrant,https://www.cigna.com/static/www-cigna-com/docs/ifp/m-26-sbc-tx-b-76589tx0010016-00-01.pdf,https://www.cigna.com/static/www-cigna-com/docs/ifp/m-26-pb-tx-971310-planbrochure.pdf,https://www.cigna.com/ifp-providers,No,"CMS Marketplace PUF 2026 (Plan Attributes, Network, Service Area)","$6,500"
2026,76589TX0010018-01,Cigna Healthcare,Connect Bronze DFW 8500 Indiv Med Deductible,standard,Expanded Bronze,HMO,Texas Connect Network,TXN001,"$8,500","$10,600",$10600 per person,,,Collin; Dallas; Ellis; Hunt; Johnson; Kaufman; Rockwall; Tarrant,https://www.cigna.com/static/www-cigna-com/docs/ifp/m-26-sbc-tx-b-76589tx0010018-00-01.pdf,https://www.cigna.com/static/www-cigna-com/docs/ifp/m-26-pb-tx-971310-planbrochure.pdf,https://www.cigna.com/ifp-providers,No,"CMS Marketplace PUF 2026 (Plan Attributes, Network, Service Area)","$8,500"
2026,76589TX0010021-01,Cigna Healthcare,Connect Silver DFW 4000 Indiv Med Deductible,standard,Silver,HMO,Texas Connect Network,TXN001,"$4,000","$9,900",$9900 per person,,,Collin; Dallas; Ellis; Hunt; Johnson; Kaufman; Rockwall; Tarrant,https://www.cigna.com/static/www-cigna-com/docs/ifp/m-26-sbc-tx-s-76589tx0010021-00-01.pdf,https://www.cigna.com/static/www-cigna-com/docs/ifp/m-26-pb-tx-971310-planbrochure.pdf,https://www.cigna.com/ifp-providers,No,"CMS Marketplace PUF 2026 (Plan Attributes, Network, Service Area)","$4,000"
2026,76589TX0010021-04,Cigna Healthcare,Connect Silver DFW 4000 Indiv Med Deductible,CSR 73%,Silver,HMO,Texas Connect Network,TXN001,"$3,300","$8,100",$8100 per person,,,Collin; Dallas; Ellis; Hunt; Johnson; Kaufman; Rockwall; Tarrant,https://www.cigna.com/static/www-cigna-com/docs/ifp/m-26-sbc-tx-s-76589tx0010021-04.pdf,https://www.cigna.com/static/www-cigna-com/docs/ifp/m-26-pb-tx-971310-planbrochure.pdf,https://www.cigna.com/ifp-providers,No,"CMS Marketplace PUF 2026 (Plan Attributes, Network, Service Area)","$3,300"
2026,76589TX0010021-05,Cigna Healthcare,Connect Silver DFW 4000 Indiv Med Deductible,CSR 87%,Silver,HMO,Texas Connect Network,TXN001,$325,"$3,025",$3025 per person,,,Collin; Dallas; Ellis; Hunt; Johnson; Kaufman; Rockwall; Tarrant,https://www.cigna.com/static/www-cigna-com/docs/ifp/m-26-sbc-tx-s-76589tx0010021-05.pdf,https://www.cigna.com/static/www-cigna-com/docs/ifp/m-26-pb-tx-971310-planbrochure.pdf,https://www.cigna.com/ifp-providers,No,"CMS Marketplace PUF 2026 (Plan Attributes, Network, Service Area)",$325
2026,76589TX0010021-06,Cigna Healthcare,Connect Silver DFW 4000 Indiv Med Deductible,CSR 94%,Silver,HMO,Texas Connect Network,TXN001,$0,"$1,550",$1550 per person,,,Collin; Dallas; Ellis; Hunt; Johnson; Kaufman; Rockwall; Tarrant,https://www.cigna.com/static/www-cigna-com/docs/ifp/m-26-sbc-tx-s-76589tx0010021-06.pdf,https://www.cigna.com/static/www-cigna-com/docs/ifp/m-26-pb-tx-971310-planbrochure.pdf,https://www.cigna.com/ifp-providers,No,"CMS Marketplace PUF 2026 (Plan Attributes, Network, Service Area)",$0
2026,76589TX0010024-01,Cigna Healthcare,Connect Silver DFW 3000 Indiv Med Deductible,standard,Silver,HMO,Texas Connect Network,TXN001,,"$9,900",$9900 per person,"$3,000",,Collin; Dallas; Ellis; Hunt; Johnson; Kaufman; Rockwall; Tarrant,https://www.cigna.com/static/www-cigna-com/docs/ifp/m-26-sbc-tx-s-76589tx0010024-00-01.pdf,https://www.cigna.com/static/www-cigna-com/docs/ifp/m-26-pb-tx-971310-planbrochure.pdf,https://www.cigna.com/ifp-providers,No,"CMS Marketplace PUF 2026 (Plan Attributes, Network, Service Area)","$3,000"
2026,76589TX0010024-04,Cigna Healthcare,Connect Silver DFW 3000 Indiv Med Deductible,CSR 73%,Silver,HMO,Texas Connect Network,TXN001,,"$8,000",$8000 per person,"$3,000",,Collin; Dallas; Ellis; Hunt; Johnson; Kaufman; Rockwall; Tarrant,https://www.cigna.com/static/www-cigna-com/docs/ifp/m-26-sbc-tx-s-76589tx0010024-04.pdf,https://www.cigna.com/static/www-cigna-com/docs/ifp/m-26-pb-tx-971310-planbrochure.pdf,https://www.cigna.com/ifp-providers,No,"CMS Marketplace PUF 2026 (Plan Attributes, Network, Service Area)","$3,000"
2026,76589TX0010024-05,Cigna Healthcare,Connect Silver DFW 3000 Indiv Med Deductible,CSR 87%,Silver,HMO,Texas Connect Network,TXN001,,"$3,000",$3000 per person,$150,,Collin; Dallas; Ellis; Hunt; Johnson; Kaufman; Rockwall; Tarrant,https://www.cigna.com/static/www-cigna-com/docs/ifp/m-26-sbc-tx-s-76589tx0010024-05.pdf,https://www.cigna.com/static/www-cigna-com/docs/ifp/m-26-pb-tx-971310-planbrochure.pdf,https://www.cigna.com/ifp-providers,No,"CMS Marketplace PUF 2026 (Plan Attributes, Network, Service Area)",$150
2026,76589TX0010024-06,Cigna Healthcare,Connect Silver DFW 3000 Indiv Med Deductible,CSR 94%,Silver,HMO,Texas Connect Network,TXN001,,"$1,500",$1500 per person,$0,,Collin; Dallas; Ellis; Hunt; Johnson; Kaufman; Rockwall; Tarrant,https://www.cigna.com/static/www-cigna-com/docs/ifp/m-26-sbc-tx-s-76589tx0010024-06.pdf,https://www.cigna.com/static/www-cigna-com/docs/ifp/m-26-pb-tx-971310-planbrochure.pdf,https://www.cigna.com/ifp-providers,No,"CMS Marketplace PUF 2026 (Plan Attributes, Network, Service Area)",$0
2026,76589TX0010025-01,Cigna Healthcare,Connect Gold DFW 2800 Indiv Med Deductible,standard,Gold,HMO,Texas Connect Network,TXN001,"$2,800","$7,375",$7375 per person,,,Collin; Dallas; Ellis; Hunt; Johnson; Kaufman; Rockwall; Tarrant,https://www.cigna.com/static/www-cigna-com/docs/ifp/m-26-sbc-tx-g-76589tx0010025-00-01.pdf,https://www.cigna.com/static/www-cigna-com/docs/ifp/m-26-pb-tx-971310-planbrochure.pdf,https://www.cigna.com/ifp-providers,No,"CMS Marketplace PUF 2026 (Plan Attributes, Network, Service Area)","$2,800"
2026,76589TX0010026-01,Cigna Healthcare,Connect myDiabetesCare Gold DFW,standard,Gold,HMO,Texas Connect Network,TXN001,"$2,500","$8,250",$8250 per person,,,Collin; Dallas; Ellis; Hunt; Johnson; Kaufman; Rockwall; Tarrant,https://www.cigna.com/static/www-cigna-com/docs/ifp/m-26-sbc-tx-g-76589tx0010026-00-01.pdf,https://www.cigna.com/static/www-cigna-com/docs/ifp/m-26-pb-tx-971310-planbrochure.pdf,https://www.cigna.com/ifp-providers,No,"CMS Marketplace PUF 2026 (Plan Attributes, Network, Service Area)","$2,500"
2026,76589TX0010029-01,Cigna Healthcare,Connect Bronze DFW CMS Standard,standard,Expanded Bronze,HMO,Texas Connect Network,TXN001,"$7,500","$10,000",$10000 per person,,,Collin; Dallas; Ellis; Hunt; Johnson; Kaufman; Rockwall; Tarrant,https://www.cigna.com/static/www-cigna-com/docs/ifp/m-26-sbc-tx-b-76589tx0010029-00-01.pdf,https://www.cigna.com/static/www-cigna-com/docs/ifp/m-26-pb-tx-971310-planbrochure.pdf,https://www.cigna.com/ifp-providers,No,"CMS Marketplace PUF 2026 (Plan Attributes, Network, Service Area)","$7,500"
2026,76589TX0010030-01,Cigna Healthcare,Connect Silver DFW CMS Standard,standard,Silver,HMO,Texas Connect Network,TXN001,"$6,000","$8,900",$8900 per person,,,Collin; Dallas; Ellis; Hunt; Johnson; Kaufman; Rockwall; Tarrant,https://www.cigna.com/static/www-cigna-com/docs/ifp/m-26-sbc-tx-s-76589tx0010030-00-01.pdf,https://www.cigna.com/static/www-cigna-com/docs/ifp/m-26-pb-tx-971310-planbrochure.pdf,https://www.cigna.com/ifp-providers,No,"CMS Marketplace PUF 2026 (Plan Attributes, Network, Service Area)","$6,000"
2026,76589TX0010030-04,Cigna Healthcare,Connect Silver DFW CMS Standard,CSR 73%,Silver,HMO,Texas Connect Network,TXN001,"$3,000","$7,400",$7400 per person,,,Collin; Dallas; Ellis; Hunt; Johnson; Kaufman; Rockwall; Tarrant,https://www.cigna.com/static/www-cigna-com/docs/ifp/m-26-sbc-tx-s-76589tx0010030-04.pdf,https://www.cigna.com/static/www-cigna-com/docs/ifp/m-26-pb-tx-971310-planbrochure.pdf,https://www.cigna.com/ifp-providers,No,"CMS Marketplace PUF 2026 (Plan Attributes, Network, Service Area)","$3,000"
2026,76589TX0010030-05,Cigna Healthcare,Connect Silver DFW CMS Standard,CSR 87%,Silver,HMO,Texas Connect Network,TXN001,$700,"$3,300",$3300 per person,,,Collin; Dallas; Ellis; Hunt; Johnson; Kaufman; Rockwall; Tarrant,https://www.cigna.com/static/www-cigna-com/docs/ifp/m-26-sbc-tx-s-76589tx0010030-05.pdf,https://www.cigna.com/static/www-cigna-com/docs/ifp/m-26-pb-tx-971310-planbrochure.pdf,https://www.cigna.com/ifp-providers,No,"CMS Marketplace PUF 2026 (Plan Attributes, Network, Service Area)",$700
2026,76589TX0010030-06,Cigna Healthcare,Connect Silver DFW CMS Standard,CSR 94%,Silver,HMO,Texas Connect Network,TXN001,$0,"$2,200",$2200 per person,,,Collin; Dallas; Ellis; Hunt; Johnson; Kaufman; Rockwall; Tarrant,https://www.cigna.com/static/www-cigna-com/docs/ifp/m-26-sbc-tx-s-76589tx0010030-06.pdf,https://www.cigna.com/static/www-cigna-com/docs/ifp/m-26-pb-tx-971310-planbrochure.pdf,https://www.cigna.com/ifp-providers,No,"CMS Marketplace PUF 2026 (Plan Attributes, Network, Service Area)",$0
2026,76589TX0010031-01,Cigna Healthcare,Connect Gold DFW CMS Standard,standard,Gold,HMO,Texas Connect Network,TXN001,"$2,000","$8,200",$8200 per person,,,Collin; Dallas; Ellis; Hunt; Johnson; Kaufman; Rockwall; Tarrant,https://www.cigna.com/static/www-cigna-com/docs/ifp/m-26-sbc-tx-g-76589tx0010031-00-01.pdf,https://www.cigna.com/static/www-cigna-com/docs/ifp/m-26-pb-tx-971310-planbrochure.pdf,https://www.cigna.com/ifp-providers,No,"CMS Marketplace PUF 2026 (Plan Attributes, Network, Service Area)","$2,000"
2026,76589TX0010035-01,Cigna Healthcare,Connect Gold DFW 1400 Indiv Med Deductible,standard,Gold,HMO,Texas Connect Network,TXN001,"$1,400","$9,100",$9100 per person,,,Collin; Dallas; Ellis; Hunt; Johnson; Kaufman; Rockwall; Tarrant,https://www.cigna.com/static/www-cigna-com/docs/ifp/m-26-sbc-tx-g-76589tx0010035-00-01.pdf,https://www.cigna.com/static/www-cigna-com/docs/ifp/m-26-pb-tx-971310-planbrochure.pdf,https://www.cigna.com/ifp-providers,No,"CMS Marketplace PUF 2026 (Plan Attributes, Network, Service Area)","$1,400"
2026,87226TX0060009-01,Ambetter from Superior HealthPlan,Focused VALUE Silver,standard,Silver,HMO,Value,TXN001,"$6,300","$8,400",$8400 per person,,,Collin; Dallas; Denton; Rockwall; Tarrant,https://api.centene.com/SBC/2026/87226TX0060009-01.pdf,https://amb.et/mktbrochure/TX,https://www.ambetterhealth.com/en/tx/findadoc,Yes,"CMS Marketplace PUF 2026 (Plan Attributes, Network, Service Area)","$6,300"
2026,87226TX0060009-04,Ambetter from Superior HealthPlan,Focused VALUE Silver,CSR 73%,Silver,HMO,Value,TXN001,"$5,150","$7,200",$7200 per person,,,Collin; Dallas; Denton; Rockwall; Tarrant,https://api.centene.com/SBC/2026/87226TX0060009-04.pdf,https://amb.et/mktbrochure/TX,https://www.ambetterhealth.com/en/tx/findadoc,Yes,"CMS Marketplace PUF 2026 (Plan Attributes, Network, Service Area)","$5,150"
2026,87226TX0060009-05,Ambetter from Superior HealthPlan,Focused VALUE Silver,CSR 87%,Silver,HMO,Value,TXN001,$0,"$3,350",$3350 per person,,,Collin; Dallas; Denton; Rockwall; Tarrant,https://api.centene.com/SBC/2026/87226TX0060009-05.pdf,https://amb.et/mktbrochure/TX,https://www.ambetterhealth.com/en/tx/findadoc,Yes,"CMS Marketplace PUF 2026 (Plan Attributes, Network, Service Area)",$0
2026,87226TX0060009-06,Ambetter from Superior HealthPlan,Focused VALUE Silver,CSR 94%,Silver,HMO,Value,TXN001,$0,"$1,500",$1500 per person,,,Collin; Dallas; Denton; Rockwall; Tarrant,https://api.centene.com/SBC/2026/87226TX0060009-06.pdf,https://amb.et/mktbrochure/TX,https://www.ambetterhealth.com/en/tx/findadoc,Yes,"CMS Marketplace PUF 2026 (Plan Attributes, Network, Service Area)",$0
2026,87226TX0060011-01,Ambetter from Superior HealthPlan,Standard Silver VALUE,standard,Silver,HMO,Value,TXN001,"$6,000","$8,900",$8900 per person,,,Collin; Dallas; Denton; Rockwall; Tarrant,https://api.centene.com/SBC/2026/87226TX0060011-01.pdf,https://amb.et/mktbrochure/TX,https://www.ambetterhealth.com/en/tx/findadoc,Yes,"CMS Marketplace PUF 2026 (Plan Attributes, Network, Service Area)","$6,000"
2026,87226TX0060011-04,Ambetter from Superior HealthPlan,Standard Silver VALUE,CSR 73%,Silver,HMO,Value,TXN001,"$3,000","$7,400",$7400 per person,,,Collin; Dallas; Denton; Rockwall; Tarrant,https://api.centene.com/SBC/2026/87226TX0060011-04.pdf,https://amb.et/mktbrochure/TX,https://www.ambetterhealth.com/en/tx/findadoc,Yes,"CMS Marketplace PUF 2026 (Plan Attributes, Network, Service Area)","$3,000"
2026,87226TX0060011-05,Ambetter from Superior HealthPlan,Standard Silver VALUE,CSR 87%,Silver,HMO,Value,TXN001,$700,"$3,300",$3300 per person,,,Collin; Dallas; Denton; Rockwall; Tarrant,https://api.centene.com/SBC/2026/87226TX0060011-05.pdf,https://amb.et/mktbrochure/TX,https://www.ambetterhealth.com/en/tx/findadoc,Yes,"CMS Marketplace PUF 2026 (Plan Attributes, Network, Service Area)",$700
2026,87226TX0060011-06,Ambetter from Superior HealthPlan,Standard Silver VALUE,CSR 94%,Silver,HMO,Value,TXN001,$0,"$2,200",$2200 per person,,,Collin; Dallas; Denton; Rockwall; Tarrant,https://api.centene.com/SBC/2026/87226TX0060011-06.pdf,https://amb.et/mktbrochure/TX,https://www.ambetterhealth.com/en/tx/findadoc,Yes,"CMS Marketplace PUF 2026 (Plan Attributes, Network, Service Area)",$0
2026,87226TX0060012-01,Ambetter from Superior HealthPlan,Standard Gold VALUE,standard,Gold,HMO,Value,TXN001,"$2,000","$8,200",$8200 per person,,,Collin; Dallas; Denton; Rockwall; Tarrant,https://api.centene.com/SBC/2026/87226TX0060012-01.pdf,https://amb.et/mktbrochure/TX,https://www.ambetterhealth.com/en/tx/findadoc,Yes,"CMS Marketplace PUF 2026 (Plan Attributes, Network, Service Area)","$2,000"
2026,87226TX0060013-01,Ambetter from Superior HealthPlan,Complete VALUE Gold,standard,Gold,HMO,Value,TXN001,"$1,450","$7,500",$7500 per person,,,Collin; Dallas; Denton; Rockwall; Tarrant,https://api.centene.com/SBC/2026/87226TX0060013-01.pdf,https://amb.et/mktbrochure/TX,https://www.ambetterhealth.com/en/tx/findadoc,Yes,"CMS Marketplace PUF 2026 (Plan Attributes, Network, Service Area)","$1,450"
2026,87226TX0130002-01,Ambetter from Superior HealthPlan,Standard Silver VALUE + Vision + Adult Dental,standard,Silver,HMO,Value,TXN001,"$6,000","$8,900",$8900 per person,,,Collin; Dallas; Denton; Rockwall; Tarrant,https://api.centene.com/SBC/2026/87226TX0130002-01.pdf,https://amb.et/mktbrochure/TX,https://www.ambetterhealth.com/en/tx/findadoc,Yes,"CMS Marketplace PUF 2026 (Plan Attributes, Network, Service Area)","$6,000"
2026,87226TX0130002-04,Ambetter from Superior HealthPlan,Standard Silver VALUE + Vision + Adult Dental,CSR 73%,Silver,HMO,Value,TXN001,"$3,000","$7,400",$7400 per person,,,Collin; Dallas; Denton; Rockwall; Tarrant,https://api.centene.com/SBC/2026/87226TX0130002-04.pdf,https://amb.et/mktbrochure/TX,https://www.ambetterhealth.com/en/tx/findadoc,Yes,"CMS Marketplace PUF 2026 (Plan Attributes, Network, Service Area)","$3,000"
2026,87226TX0130002-05,Ambetter from Superior HealthPlan,Standard Silver VALUE + Vision + Adult Dental,CSR 87%,Silver,HMO,Value,TXN001,$700,"$3,300",$3300 per person,,,Collin; Dallas; Denton; Rockwall; Tarrant,https://api.centene.com/SBC/2026/87226TX0130002-05.pdf,https://amb.et/mktbrochure/TX,https://www.ambetterhealth.com/en/tx/findadoc,Yes,"CMS Marketplace PUF 2026 (Plan Attributes, Network, Service Area)",$700
2026,87226TX0130002-06,Ambetter from Superior HealthPlan,Standard Silver VALUE + Vision + Adult Dental,CSR 94%,Silver,HMO,Value,TXN001,$0,"$2,200",$2200 per person,,,Collin; Dallas; Denton; Rockwall; Tarrant,https://api.centene.com/SBC/2026/87226TX0130002-06.pdf,https://amb.et/mktbrochure/TX,https://www.ambetterhealth.com/en/tx/findadoc,Yes,"CMS Marketplace PUF 2026 (Plan Attributes, Network, Service Area)",$0
2026,87226TX0130003-01,Ambetter from Superior HealthPlan,Focused VALUE Silver + Vision + Adult Dental,standard,Silver,HMO,Value,TXN001,"$6,300","$8,400",$8400 per person,,,Collin; Dallas; Denton; Rockwall; Tarrant,https://api.centene.com/SBC/2026/87226TX0130003-01.pdf,https://amb.et/mktbrochure/TX,https://www.ambetterhealth.com/en/tx/findadoc,Yes,"CMS Marketplace PUF 2026 (Plan Attributes, Network, Service Area)","$6,300"
2026,87226TX0130003-04,Ambetter from Superior HealthPlan,Focused VALUE Silver + Vision + Adult Dental,CSR 73%,Silver,HMO,Value,TXN001,"$5,150","$7,200",$7200 per person,,,Collin; Dallas; Denton; Rockwall; Tarrant,https://api.centene.com/SBC/2026/87226TX0130003-04.pdf,https://amb.et/mktbrochure/TX,https://www.ambetterhealth.com/en/tx/findadoc,Yes,"CMS Marketplace PUF 2026 (Plan Attributes, Network, Service Area)","$5,150"
2026,87226TX0130003-05,Ambetter from Superior HealthPlan,Focused VALUE Silver + Vision + Adult Dental,CSR 87%,Silver,HMO,Value,TXN001,$0,"$3,350",$3350 per person,,,Collin; Dallas; Denton; Rockwall; Tarrant,https://api.centene.com/SBC/2026/87226TX0130003-05.pdf,https://amb.et/mktbrochure/TX,https://www.ambetterhealth.com/en/tx/findadoc,Yes,"CMS Marketplace PUF 2026 (Plan Attributes, Network, Service Area)",$0
2026,87226TX0130003-06,Ambetter from Superior HealthPlan,Focused VALUE Silver + Vision + Adult Dental,CSR 94%,Silver,HMO,Value,TXN001,$0,"$1,500",$1500 per person,,,Collin; Dallas; Denton; Rockwall; Tarrant,https://api.centene.com/SBC/2026/87226TX0130003-06.pdf,https://amb.et/mktbrochure/TX,https://www.ambetterhealth.com/en/tx/findadoc,Yes,"CMS Marketplace PUF 2026 (Plan Attributes, Network, Service Area)",$0
