npi,name,facility_type,taxonomy_code,address,city,zip5,phone,name_raw,enumeration_type
1649512294,Ambulatory Surgical Institute of Dallas LLC,ASC,261QA1903X,17051 Dallas Parkway,Addison,75001,469-916-0521,AMBULATORY SURGICAL INSTITUTE OF DALLAS LLC,Organization
1194564674,"Clearway Surgery Center of Addison, LLC",ASC,261QA1903X,17051 N. Dallas Pkwy Suite 150,Addison,75001,855-527-7246,"CLEARWAY SURGERY CENTER OF ADDISON, LLC",Organization
1356051213,"Dallas Joint and Spine Center, LLC",ASC,261QA1903X,17051 Dallas Pkwy Ste 100,Addison,75001,817-846-5815,"DALLAS JOINT AND SPINE CENTER, LLC",Organization
1962802546,"Hazelwood Endoscopy Center, LLC",ASC,261QA1903X,15305 Dallas Pkwy,Addison,75001,972-763-3893,"HAZELWOOD ENDOSCOPY CENTER, LLC",Organization
1346774858,"Superior Anesthesia Management, LLC.",ASC,261QA1903X,17051 Dallas Pkwy,Addison,75001,972-234-4740,"SUPERIOR ANESTHESIA MANAGEMENT, LLC.",Organization
1033564414,"Texas Center for Interventional Surgery, LLC",ASC,261QA1903X,4450 Sojourn Dr,Addison,75001,972-733-0014,"TEXAS CENTER FOR INTERVENTIONAL SURGERY, LLC",Organization
1598502809,Allen Surgical Center LLC,ASC,261QA1903X,1111 Raintree Cir Ste 190,Allen,75013,972-999-1659,ALLEN SURGICAL CENTER LLC,Organization
1972045243,"Cardiovascular Center of Texas, LLC",ASC,261QA1903X,1125 Raintree Cir,Allen,75013,468-898-8400,"CARDIOVASCULAR CENTER OF TEXAS, LLC",Organization
1639850415,"Medical City Surgery Center of Allen, LLC",ASC,261QA1903X,1125 Raintree Cir Ste 200,Allen,75013,469-898-8402,"MEDICAL CITY SURGERY CENTER OF ALLEN, LLC",Organization
1104644574,Northaven Surgery Center LLC,ASC,261QA1903X,2023 W McDermott Dr Ste 240,Allen,75013,972-330-2696,NORTHAVEN SURGERY CENTER LLC,Organization
1457682841,Pain Care of North Texas,ASC,261QA1903X,1111 Raintree Cir,Allen,75013,214-509-9530,PAIN CARE OF NORTH TEXAS,Organization
1942299441,"Pain Care of North Texas, LLC",ASC,261QA1903X,1111 Raintree Cir,Allen,75013,214-509-9530,"PAIN CARE OF NORTH TEXAS, LLC",Organization
1457968430,"Park Ventura Endoscopy Center, LLC",ASC,261QA1903X,981 State Highway 121 Ste 2100,Allen,75013,214-383-8210,"PARK VENTURA ENDOSCOPY CENTER, LLC",Organization
1538838081,Texas General Surgery Center LLC,ASC,261QA1903X,2023 W McDermott Dr Ste 240,Allen,75013,972-330-2696,TEXAS GENERAL SURGERY CENTER LLC,Organization
1881124550,"Texas Health Spine Surgery Center Allen, LLC",ASC,261QA1903X,1120 Raintree Circle,Allen,75013,817-442-9300,"TEXAS HEALTH SPINE SURGERY CENTER ALLEN, LLC",Organization
1205390085,Twin Creeks Surgery Center LLC,ASC,261QA1903X,2023 W McDermott Dr Ste 240,Allen,75013,972-330-2696,TWIN CREEKS SURGERY CENTER LLC,Organization
1811290430,"AMH Cath Labs, LLC",ASC,261QA1903X,811 Wright Street,Arlington,76012,817-960-3500,"AMH CATH LABS, LLC",Organization
1396700407,"Arlington Surgery Center, LLC",ASC,261QA1903X,918 N Davis Dr,Arlington,76012,817-860-9933,"ARLINGTON SURGERY CENTER, LLC",Organization
1396722112,"Arlington Surgicare Partners, Ltd",ASC,261QA1903X,2400 Matlock Rd,Arlington,76015,817-860-6800,"ARLINGTON SURGICARE PARTNERS, LTD",Organization
1376591156,"Central Park Surgery Center, LLC",ASC,261QA1903X,411 Central Park Dr,Arlington,76014,817-784-8300,"CENTRAL PARK SURGERY CENTER, LLC",Organization
1366493090,Columbia Medical Center of Arlington Subsidiary LP,ASC,261QA1903X,3301 Matlock Rd,Arlington,76015,817-465-3241,COLUMBIA MEDICAL CENTER OF ARLINGTON SUBSIDIARY LP,Organization
1841295425,"Cross Timbers Surgery Center, LLC",ASC,261QA1903X,1001 N Waldrop Dr,Arlington,76012,817-265-4844,"CROSS TIMBERS SURGERY CENTER, LLC",Organization
1053547026,Jnp Surgical Associates PA,ASC,261QA1903X,515 W Mayfield Rd Ste 311,Arlington,76014,817-419-9200,JNP SURGICAL ASSOCIATES PA,Organization
1255493318,"Metropolitian Pain Center, LLC",ASC,261QA1903X,603 Matlock Centre Cir,Arlington,76015,972-479-1115,"METROPOLITIAN PAIN CENTER, LLC",Organization
1902844426,"South Arlington Surgical Providers, LLC",ASC,261QA1903X,350 E Interstate 20 Ste 200,Arlington,76018,817-784-6771,"SOUTH ARLINGTON SURGICAL PROVIDERS, LLC",Organization
1104947357,Tarrant County Surgery Center LP,ASC,261QA1903X,3501 Matlock Road,Arlington,76015,817-375-9370,TARRANT COUNTY SURGERY CENTER LP,Organization
1396901542,Texas Health Arlington Memorial Hospital,ASC,261QA1903X,800 W Randol Mill Rd,Arlington,76012,817-548-6100,TEXAS HEALTH ARLINGTON MEMORIAL HOSPITAL,Organization
1346868890,UPNT Surgery LLC,ASC,261QA1903X,2400 Matlock Rd,Arlington,76015,817-710-8154,UPNT SURGERY LLC,Organization
1154454205,Texas Health Harris Methodist Hospital Azle,ASC,261QA1903X,108 Denver Trl,Azle,76020,817-250-2565,TEXAS HEALTH HARRIS METHODIST HOSPITAL AZLE,Organization
1912139056,Allied Center for Special Surgery DFW LLC,ASC,261QA1903X,1605 Airport Freeway,Bedford,76021,817-267-2300,ALLIED CENTER FOR SPECIAL SURGERY DFW LLC,Organization
1164381331,Bedford Surgery Center LLC,ASC,261QA1903X,1600 Central Dr Ste 180,Bedford,76022,817-705-6517,BEDFORD SURGERY CENTER LLC,Organization
1043361587,"Center for Assisted Reproduction Laboratory and Surgery Center, INC.",ASC,261QA1903X,1701 Park Place Ave,Bedford,76022,817-540-1157,"CENTER FOR ASSISTED REPRODUCTION LABORATORY AND SURGERY CENTER, INC.",Organization
1902875438,Central Park Endoscopy Center LLC,ASC,261QA1903X,1600 Central Dr Ste 300,Bedford,76022,817-318-0235,CENTRAL PARK ENDOSCOPY CENTER LLC,Organization
1558780130,"Elite Orthopedic and Spine Surgery Center, LLC",ASC,261QA1903X,1605 Airport Fwy,Bedford,76021,713-877-0600,"ELITE ORTHOPEDIC AND SPINE SURGERY CENTER, LLC",Organization
1346004306,Icare Health Surgical Suites LLC,ASC,261QA1903X,1604 Hospital Pkwy Ste 201,Bedford,76022,682-688-2020,ICARE HEALTH SURGICAL SUITES LLC,Organization
1356798854,"Mid Cities ASC, LP",ASC,261QA1903X,1305 Airport Fwy,Bedford,76021,682-305-1112,"MID CITIES ASC, LP",Organization
1154454460,Texas Health Harris Methodist Hospital Hurst-Euless-Bedford,ASC,261QA1903X,1600 Hospital Pkwy,Bedford,76022,817-685-4011,TEXAS HEALTH HARRIS METHODIST HOSPITAL HURST-EULESS-BEDFORD,Organization
1245768209,"Texas Health Surgery Center Bedford, LLC",ASC,261QA1903X,1605 Airport Fwy Ste 100,Bedford,76021,682-503-8940,"TEXAS HEALTH SURGERY CENTER BEDFORD, LLC",Organization
1306802418,"Huguley Surgery Center, LLP",ASC,261QA1903X,12001 South Freeway,Burleson,76028,817-615-4400,"HUGULEY SURGERY CENTER, LLP",Organization
1447207857,Southwest Endoscopy & Surgery Center,ASC,261QA1903X,701 E. Rendon Crowley Rd.,Burleson,76028,817-293-9292,SOUTHWEST ENDOSCOPY & SURGERY CENTER,Organization
1649494170,Southwest Endoscopy and Surgery Center,ASC,261QA1903X,701 E Rendon Crowley Rd,Burleson,76028,817-293-9292,SOUTHWEST ENDOSCOPY AND SURGERY CENTER,Organization
1588190904,"Texas Health Huguley Surgery Center, LLC",ASC,261QA1903X,12001 South Fwy,Burleson,76028,817-615-4400,"TEXAS HEALTH HUGULEY SURGERY CENTER, LLC",Organization
1932024510,Advanced Eye Surgical Partners LLC,ASC,261QA1903X,1601 W Hebron Pkwy Ste 220,Carrollton,75010,800-375-4555,ADVANCED EYE SURGICAL PARTNERS LLC,Organization
1134663677,"Castle Hills Surgicare, LLC",ASC,261QA1903X,4221 Medical Pkwy,Carrollton,75010,972-939-2121,"CASTLE HILLS SURGICARE, LLC",Organization
1538579313,Eye Surgery Center of North Dallas,ASC,261QA1903X,3100 E. Trinity Mills Rd,Carrollton,75006,972-380-2020,EYE SURGERY CENTER OF NORTH DALLAS,Organization
1780683490,Metrocrest Surgery Center LP,ASC,261QA1903X,4780 N Josey Ln,Carrollton,75010,972-395-0440,METROCREST SURGERY CENTER LP,Organization
1164619508,"Trinity Mc, LLC",ASC,261QA1903X,4343 N Josey Ln,Carrollton,75010,972-492-1010,"TRINITY MC, LLC",Organization
1750415220,Texas Health Harris Methodist Hospital Cleburne,ASC,261QA1903X,201 Walls Dr,Cleburne,76033,817-556-4294,TEXAS HEALTH HARRIS METHODIST HOSPITAL CLEBURNE,Organization
1558124230,Cedarwood Surgical Center LLC,ASC,261QA1903X,920 S Belt Line Rd Ste 250,Coppell,75019,972-435-4070,CEDARWOOD SURGICAL CENTER LLC,Organization
1619429289,"Coppell Surgery Center, LLC",ASC,261QA1903X,731 Plaza Road,Coppell,75019,469-774-3081,"COPPELL SURGERY CENTER, LLC",Organization
1578360657,Golden Oak Surgical Center LLC,ASC,261QA1903X,920 S Belt Line Rd Ste 250,Coppell,75019,972-435-4070,GOLDEN OAK SURGICAL CENTER LLC,Organization
1285021196,Integrity Wellness Center LLC,ASC,261QA1903X,920 S Belt Line Rd Ste 250,Coppell,75019,972-435-4070,INTEGRITY WELLNESS CENTER LLC,Organization
1891987210,Access Dallas Surgery Center PA,ASC,261QA1903X,5920 Forest Park Rd,Dallas,75235,214-350-2400,ACCESS DALLAS SURGERY CENTER PA,Organization
1285764563,Aco Surgical Associates PA,ASC,261QA1903X,5920 Forest Park Rd,Dallas,75235,214-350-2400,ACO SURGICAL ASSOCIATES PA,Organization
1477753382,Adl Surgical Associates PA,ASC,261QA1903X,5920 Forest Park Rd,Dallas,75235,214-350-2400,ADL SURGICAL ASSOCIATES PA,Organization
1538081195,"Advancedcare Surgery Center of Dallas, L.L.C.",ASC,261QA1903X,11411 E Northwest Hwy Ste 220,Dallas,75218,972-782-9090,"ADVANCEDCARE SURGERY CENTER OF DALLAS, L.L.C.",Organization
1417187550,Affinity Healthcare Systems INC,ASC,261QA1903X,13601 Preston Rd,Dallas,75240,972-702-9310,AFFINITY HEALTHCARE SYSTEMS INC,Organization
1407986789,Agr Surgical Associates,ASC,261QA1903X,5920 Forest Park Rd,Dallas,75235,214-350-2400,AGR SURGICAL ASSOCIATES,Organization
1225168552,Ajax Sports Medicine Surgical Center PA,ASC,261QA1903X,5920 Forest Park Rd,Dallas,75235,214-350-2400,AJAX SPORTS MEDICINE SURGICAL CENTER PA,Organization
1194986604,"Ambulatory Health Systems, LLC",ASC,261QA1903X,8409 Pickwick Ln Ste 238,Dallas,75225,214-725-2566,"AMBULATORY HEALTH SYSTEMS, LLC",Organization
1538240825,Ambulatory Surgery Center of North Dallas,ASC,261QA1903X,8305 Walnut Hill Ln,Dallas,75231,214-363-2575,AMBULATORY SURGERY CENTER OF NORTH DALLAS,Organization
1386774644,Ay Foot & Ankle Surgical Associates PA,ASC,261QA1903X,5920 Forest Park Rd,Dallas,75235,214-350-2400,AY FOOT & ANKLE SURGICAL ASSOCIATES PA,Organization
1750347472,"Baylor Surgicare at North Dallas, LLC",ASC,261QA1903X,12230 Coit Rd,Dallas,75251,469-374-6400,"BAYLOR SURGICARE AT NORTH DALLAS, LLC",Organization
1740223429,Bent Tree Surgery Center,ASC,261QA1903X,17110 Dallas Pkwy,Dallas,75248,972-380-7090,BENT TREE SURGERY CENTER,Organization
1871623058,Cal Surgery Center PA,ASC,261QA1903X,5920 Forest Park Rd,Dallas,75235,214-350-2400,CAL SURGERY CENTER PA,Organization
1619123718,"Cedar Hill Avenue Anaesthesia Association, P.A.",ASC,261QA1903X,1419 Cedar Hill Ave,Dallas,75208,214-943-4244,"CEDAR HILL AVENUE ANAESTHESIA ASSOCIATION, P.A.",Organization
1073999801,"Central Dallas Surgery Center, LLC",ASC,261QA1903X,5920 Forest Park Rd,Dallas,75235,214-350-2400,"CENTRAL DALLAS SURGERY CENTER, LLC",Organization
1952585770,Cman Surgical Associates,ASC,261QA1903X,5920 Forest Park Rd,Dallas,75235,214-350-2400,CMAN SURGICAL ASSOCIATES,Organization
1053365387,Columbia Hospital at Medical City Dallas Subsidiary LP,ASC,261QA1903X,7777 Forest Ln,Dallas,75230,469-420-7602,COLUMBIA HOSPITAL AT MEDICAL CITY DALLAS SUBSIDIARY LP,Organization
1710179130,"Cpg Surgical Associates, PA",ASC,261QA1903X,5920 Forest Park Rd,Dallas,75235,214-350-2400,"CPG SURGICAL ASSOCIATES, PA",Organization
1366809055,DFW Childrens Surgery Center LLC,ASC,261QA1903X,5744 LBJ Fwy,Dallas,75240,214-613-5110,DFW CHILDRENS SURGERY CENTER LLC,Organization
1316770530,DFW Surgical Partners-North Dallas LLC,ASC,261QA1903X,17177 Preston Rd # 180,Dallas,75248,214-810-7408,DFW SURGICAL PARTNERS-NORTH DALLAS LLC,Organization
1245759356,"Dallas ASC, LLC",ASC,261QA1903X,11970 N Central Expy Ste 610,Dallas,75243,469-232-9393,"DALLAS ASC, LLC",Organization
1265596787,Dallas Day Surgery Center,ASC,261QA1903X,411 No Washington,Dallas,75246,214-821-8613,DALLAS DAY SURGERY CENTER,Organization
1609043744,Dallas Day Surgery of Texas Ltd-North,ASC,261QA1903X,9101 N Central Expy,Dallas,75231,214-821-8613,DALLAS DAY SURGERY OF TEXAS LTD-NORTH,Organization
1518943679,"Dallas Endoscopy Center, Ltd",ASC,261QA1903X,3930 Crutcher St,Dallas,75246,214-520-8235,"DALLAS ENDOSCOPY CENTER, LTD",Organization
1295865483,Dallas Head and Neck Surgery,ASC,261QA1903X,5920 Forest Park Rd,Dallas,75235,214-350-2400,DALLAS HEAD AND NECK SURGERY,Organization
1053634030,Dallas Nephrology Associates,ASC,261QA1903X,3604 Live Oak St,Dallas,75204,214-826-4224,DALLAS NEPHROLOGY ASSOCIATES,Organization
1699759399,Dallas Ophthalmology Center INC,ASC,261QA1903X,4633 N Central Expy,Dallas,75205,215-520-7600,DALLAS OPHTHALMOLOGY CENTER INC,Organization
1588233738,Dallas Pain and Spine Institute,ASC,261QA1903X,3453 Saint Francis Ave Ste 125,Dallas,75228,972-999-1659,DALLAS PAIN AND SPINE INSTITUTE,Organization
1548374267,"Dallas Surgi Center, INC.",ASC,261QA1903X,8230 Walnut Hill Ln Ste 808,Dallas,75231,214-696-8828,"DALLAS SURGI CENTER, INC.",Organization
1811995913,"Dallas Surgical Partners, LLC",ASC,261QA1903X,4020 Junius St,Dallas,75246,972-961-1685,"DALLAS SURGICAL PARTNERS, LLC",Organization
1346248440,"Dallas Surgical Partners, LLC",ASC,261QA1903X,3930 Crutcher St,Dallas,75246,214-827-0760,"DALLAS SURGICAL PARTNERS, LLC",Organization
1609870336,"DeSoto Surgicare Partners, Ltd",ASC,261QA1903X,7992 W Virginia Dr,Dallas,75237,972-283-2400,"DESOTO SURGICARE PARTNERS, LTD",Organization
1427188721,Diamondback Surgical Associates PA,ASC,261QA1903X,5920 Forest Park Rd,Dallas,75235,214-350-2400,DIAMONDBACK SURGICAL ASSOCIATES PA,Organization
1053441303,Dpm Surgery Associates PA,ASC,261QA1903X,5920 Forest Park Rd,Dallas,75235,214-350-2400,DPM SURGERY ASSOCIATES PA,Organization
1750572988,"Duncanville Pain Partners, LLC",ASC,261QA1903X,7988 W Virginia Dr Ste 100,Dallas,75237,972-479-1115,"DUNCANVILLE PAIN PARTNERS, LLC",Organization
1326178690,Eia Surgical Group PA,ASC,261QA1903X,5920 Forest Park Rd,Dallas,75235,214-350-2400,EIA SURGICAL GROUP PA,Organization
1699819177,"Facility Operating Partnership,ltd",ASC,261QA1903X,9032 Harry Hines Blvd,Dallas,75235,214-231-2273,"FACILITY OPERATING PARTNERSHIP,LTD",Organization
1770207599,Faith Ambulatory Surgery Center,ASC,261QA1903X,8616 Greenville Ave Ste 101,Dallas,75243,972-999-1659,FAITH AMBULATORY SURGERY CENTER,Organization
1003946351,Foot & Ankle Reconstructive Center PA,ASC,261QA1903X,5920 Forest Park Rd,Dallas,75235,214-350-2400,FOOT & ANKLE RECONSTRUCTIVE CENTER PA,Organization
1306934724,Genecov Plastic Surgery Group,ASC,261QA1903X,7777 Forest Ln,Dallas,75230,972-566-6555,GENECOV PLASTIC SURGERY GROUP,Organization
1588629604,"Greenville Surgery Center, LLC",ASC,261QA1903X,7150 Greenville Ave Ste 200,Dallas,75231,214-891-0466,"GREENVILLE SURGERY CENTER, LLC",Organization
1588848303,Gvs Surgical Associates,ASC,261QA1903X,5920 Forest Park Rd,Dallas,75235,214-350-2400,GVS SURGICAL ASSOCIATES,Organization
1962504803,"Highland Park Plastic Surgery Center, LLC",ASC,261QA1903X,6110 Sherry Ln,Dallas,75225,214-363-4444,"HIGHLAND PARK PLASTIC SURGERY CENTER, LLC",Organization
1891655718,Hope Ambulatory Surgery Center LLC,ASC,261QA1903X,12606 Greenville Ave Ste 190,Dallas,75243,214-500-5755,HOPE AMBULATORY SURGERY CENTER LLC,Organization
1548452964,Hue Surgery Center,ASC,261QA1903X,5920 Forest Park Rd,Dallas,75235,214-350-2400,HUE SURGERY CENTER,Organization
1518344142,"Icon Professional Services, INC.",ASC,261QA1903X,11970 N Central Expy,Dallas,75243,469-248-0899,"ICON PROFESSIONAL SERVICES, INC.",Organization
1669711594,Iheart Amb-Surg Dmc LLC,ASC,261QA1903X,9 Medical Pkwy,Dallas,75234,214-244-9820,IHEART AMB-SURG DMC LLC,Organization
1700047560,Jab Surgical Associates,ASC,261QA1903X,5920 Forest Park Rd,Dallas,75235,214-350-2400,JAB SURGICAL ASSOCIATES,Organization
1154582914,Jaid Surgical Associates,ASC,261QA1903X,5920 Forest Park Rd,Dallas,75235,214-350-2400,JAID SURGICAL ASSOCIATES,Organization
1497885784,Jd Surgery Center INC,ASC,261QA1903X,5920 Forest Park Rd,Dallas,75235,214-350-2400,JD SURGERY CENTER INC,Organization
1962532200,Jhm Surgery Center,ASC,261QA1903X,5920 Forest Park Rd,Dallas,75235,214-350-2400,JHM SURGERY CENTER,Organization
1023207255,Jr Surgical Assoc,ASC,261QA1903X,5920 Forest Park Rd,Dallas,75235,214-350-2400,JR SURGICAL ASSOC,Organization
1164552444,Jw Surgical Associates,ASC,261QA1903X,5920 Forest Park Rd,Dallas,75235,214-350-2400,JW SURGICAL ASSOCIATES,Organization
1356503171,Jw Surgical Associates,ASC,261QA1903X,5920 Forest Park Rd,Dallas,75235,214-350-2400,JW SURGICAL ASSOCIATES,Organization
1912195611,Kd Surgical Associates PA,ASC,261QA1903X,5920 Forest Park Rd,Dallas,75235,214-350-2400,KD SURGICAL ASSOCIATES PA,Organization
1447442868,"Mb Surgery Associates, PA",ASC,261QA1903X,5920 Forest Park Rd,Dallas,75235,214-350-2400,"MB SURGERY ASSOCIATES, PA",Organization
1619995180,"Med City Dallas Outpatient Surgery Center, L.P.",ASC,261QA1903X,7777 Forest Ln,Dallas,75230,972-566-6171,"MED CITY DALLAS OUTPATIENT SURGERY CENTER, L.P.",Organization
1649931072,"Medical City Specialty Surgicenter of Dallas, LLC",ASC,261QA1903X,12228 N Central Expy Ste 100,Dallas,75243,469-751-5500,"MEDICAL CITY SPECIALTY SURGICENTER OF DALLAS, LLC",Organization
1285765453,Medtest Cost Control,ASC,261QA1903X,8345 Walnut Hill Ln,Dallas,75231,214-363-1073,MEDTEST COST CONTROL,Organization
1164937272,Mercy Ambulatory Surgery Center of Dallas,ASC,261QA1903X,12606 Greenville Ave,Dallas,75243,972-982-7887,MERCY AMBULATORY SURGERY CENTER OF DALLAS,Organization
1477615607,"Metro Ambulatory Procedure Center, LP",ASC,261QA1903X,17110 Dallas Pkwy Ste 125,Dallas,75248,972-479-1115,"METRO AMBULATORY PROCEDURE CENTER, LP",Organization
1356579924,Metro Surgical Associates,ASC,261QA1903X,5920 Forest Park Rd Ste 700,Dallas,75235,214-350-2400,METRO SURGICAL ASSOCIATES,Organization
1467458513,Metroplex Surgicare Partners Ltd,ASC,261QA1903X,14201 Dallas Pkwy,Dallas,75254,972-763-3859,METROPLEX SURGICARE PARTNERS LTD,Organization
1538476486,Microsurgery Institute,ASC,261QA1903X,5920 Forest Park Rd Ste 700,Dallas,75235,214-350-2400,MICROSURGERY INSTITUTE,Organization
1265097612,Minimally Invasive Surgery Institute LLC,ASC,261QA1903X,10400 N Central Expressway,Dallas,75231,972-884-4401,MINIMALLY INVASIVE SURGERY INSTITUTE LLC,Organization
1073822425,"Misi ASC Dallas, LLC",ASC,261QA1903X,10400 N Central Expy,Dallas,75231,972-884-4370,"MISI ASC DALLAS, LLC",Organization
1437664406,Montfort Surgical Center LLC,ASC,261QA1903X,5520 LBJ Fwy Ste 150,Dallas,75240,972-331-0718,MONTFORT SURGICAL CENTER LLC,Organization
1376707885,Moprem Surgical Associates PA,ASC,261QA1903X,5920 Forest Park Rd,Dallas,75235,214-350-2400,MOPREM SURGICAL ASSOCIATES PA,Organization
1083262091,"Mtv Ir Lab, LLC",ASC,261QA1903X,9101 N Central Expy Ste 520,Dallas,75231,469-458-9800,"MTV IR LAB, LLC",Organization
1538351952,Nddf Surgical Associates,ASC,261QA1903X,5920 Forest Park Rd,Dallas,75235,214-350-2400,NDDF SURGICAL ASSOCIATES,Organization
1548530843,Nirmal S Jayaseelan M D P A,ASC,261QA1903X,11970 N Central Expy,Dallas,75243,972-331-1111,NIRMAL S JAYASEELAN M D P A,Organization
1417136862,Nitla Surgical Associates PA,ASC,261QA1903X,5920 Forest Park Rd,Dallas,75235,214-350-2400,NITLA SURGICAL ASSOCIATES PA,Organization
1003978222,"North Dallas Comprehensive Pain Center, LLC",ASC,261QA1903X,17110 Dallas Pkwy Ste 125,Dallas,75248,972-479-1115,"NORTH DALLAS COMPREHENSIVE PAIN CENTER, LLC",Organization
1023316197,"North Dallas Surgical Center,llc",ASC,261QA1903X,17980 Dallas Parkway,Dallas,75287,817-556-8387,"NORTH DALLAS SURGICAL CENTER,LLC",Organization
1588993034,North Texas Surgery Center LLC,ASC,261QA1903X,2430 Victory Park Ln Apt 2401,Dallas,75219,972-438-4636,NORTH TEXAS SURGERY CENTER LLC,Organization
1508012857,"Northpark Surgery Suites, INC.",ASC,261QA1903X,9101 N Central Expy,Dallas,75231,214-442-0055,"NORTHPARK SURGERY SUITES, INC.",Organization
1396442067,Nspc Surgery Center of Texas LLC,ASC,261QA1903X,7150 Greenville Ave Ste 400,Dallas,75231,469-205-7297,NSPC SURGERY CENTER OF TEXAS LLC,Organization
1528481892,Nube Anesthesia PLLC,ASC,261QA1903X,4447 N Central Expy,Dallas,75205,214-707-3634,NUBE ANESTHESIA PLLC,Organization
1588794853,Oak Cliff Surgery PA,ASC,261QA1903X,5920 Forest Park Rd,Dallas,75235,214-350-2400,OAK CLIFF SURGERY PA,Organization
1821067554,Old Town Endoscopy Center LLC,ASC,261QA1903X,9500 N Central Expy Ste 200,Dallas,75231,214-739-9544,OLD TOWN ENDOSCOPY CENTER LLC,Organization
1023341740,"Ophthalmology Surgery Center of Dallas, LLC",ASC,261QA1903X,10740 N Central Expy,Dallas,75231,214-360-0000,"OPHTHALMOLOGY SURGERY CENTER OF DALLAS, LLC",Organization
1346405479,Otow V Surgery,ASC,261QA1903X,5920 Forest Park Rd,Dallas,75235,214-350-2400,OTOW V SURGERY,Organization
1558517672,"Paragon Ambulatory Health Resources, LLC",ASC,261QA1903X,5600 W Lovers Ln # 116-349,Dallas,75209,903-450-8704,"PARAGON AMBULATORY HEALTH RESOURCES, LLC",Organization
1811027154,Paramount Surgery Center,ASC,261QA1903X,5920 Forest Park Rd,Dallas,75235,214-350-2400,PARAMOUNT SURGERY CENTER,Organization
1184687626,"Park Central Surgical Center, Ltd",ASC,261QA1903X,12200 Park Central Dr,Dallas,75251,972-661-0505,"PARK CENTRAL SURGICAL CENTER, LTD",Organization
1366680985,Park Lane Surgery Center,ASC,261QA1903X,9301 N Central Expy,Dallas,75231,214-754-9001,PARK LANE SURGERY CENTER,Organization
1063920627,"Parkhill Pediatric Surgery Center, LLC",ASC,261QA1903X,7150 Greenville Ave,Dallas,75231,972-850-7675,"PARKHILL PEDIATRIC SURGERY CENTER, LLC",Organization
1265767180,Pelvic Specialty Surgery Suites LLC,ASC,261QA1903X,10501 N Central Expy,Dallas,75231,214-360-1535,PELVIC SPECIALTY SURGERY SUITES LLC,Organization
1356526164,Pgmb Surgical Assoiciates,ASC,261QA1903X,5920 Forest Park Rd,Dallas,75235,214-350-2400,PGMB SURGICAL ASSOICIATES,Organization
1811027097,Pkp Surgical Suites,ASC,261QA1903X,5920 Forest Park Rd,Dallas,75235,214-350-2400,PKP SURGICAL SUITES,Organization
1922742006,Planned Parenthood of Greater Taxes Surgical Health Services,ASC,261QA1903X,7989 W Virginia Dr,Dallas,75237,214-373-1868,PLANNED PARENTHOOD OF GREATER TAXES SURGICAL HEALTH SERVICES,Organization
1831441617,Planned Parenthood of Greater Texas Surgical Health Services,ASC,261QA1903X,7424 Greenville Ave,Dallas,75231,214-363-2004,PLANNED PARENTHOOD OF GREATER TEXAS SURGICAL HEALTH SERVICES,Organization
1215184460,Podiatric Mid City Surgical Associates,ASC,261QA1903X,5920 Forest Park Rd,Dallas,75235,214-350-2400,PODIATRIC MID CITY SURGICAL ASSOCIATES,Organization
1265562532,Pps Surgical Associates PA,ASC,261QA1903X,5920 Forest Park Rd,Dallas,75235,214-350-2400,PPS SURGICAL ASSOCIATES PA,Organization
1871529388,"Prg Dallas ASC, LLC",ASC,261QA1903X,11442 N. Central Expressway,Dallas,75243,214-754-0000,"PRG DALLAS ASC, LLC",Organization
1114996774,Redbird Square Endoscopy Center LLC,ASC,261QA1903X,3107 W Camp Wisdom Rd Ste 189,Dallas,75237,214-331-2922,REDBIRD SQUARE ENDOSCOPY CENTER LLC,Organization
1003874116,Refractive Precision Laser Center LP,ASC,261QA1903X,7150 Greenville Ave,Dallas,75231,241-890-9883,REFRACTIVE PRECISION LASER CENTER LP,Organization
1164614582,Rtp Surgical Associates,ASC,261QA1903X,5920 Forest Park Rd,Dallas,75235,214-350-2400,RTP SURGICAL ASSOCIATES,Organization
1043491244,Sierra Surgery Center,ASC,261QA1903X,5468 La Sierra Dr Ste 100,Dallas,75231,214-368-4970,SIERRA SURGERY CENTER,Organization
1790815165,Southwest Professional Surgical Associates,ASC,261QA1903X,5920 Forest Park Rd,Dallas,75235,214-350-2400,SOUTHWEST PROFESSIONAL SURGICAL ASSOCIATES,Organization
1346576790,Southwestern Women's Surgery Center,ASC,261QA1903X,8616 Greenville Ave,Dallas,75243,214-742-9310,SOUTHWESTERN WOMEN'S SURGERY CENTER,Organization
1356393490,Specialty Surgery Center of Dallas LLP,ASC,261QA1903X,7989 W Virginia Dr,Dallas,75237,972-296-3875,SPECIALTY SURGERY CENTER OF DALLAS LLP,Organization
1891825139,Superior Surgery Centers PA,ASC,261QA1903X,5920 Forest Park Rd,Dallas,75235,214-350-2400,SUPERIOR SURGERY CENTERS PA,Organization
1265562516,Supreme Surgical Associates PA,ASC,261QA1903X,5920 Forest Park Rd,Dallas,75235,214-350-2400,SUPREME SURGICAL ASSOCIATES PA,Organization
1245798826,"Surgcenter of Greater Dallas, LLC.",ASC,261QA1903X,11411 E Northwest Hwy Ste 220,Dallas,75218,469-563-8932,"SURGCENTER OF GREATER DALLAS, LLC.",Organization
1003978115,"Surgery Center of Garland, LLC",ASC,261QA1903X,12610 E Northwest Highway,Dallas,75228,972-681-7723,"SURGERY CENTER OF GARLAND, LLC",Organization
1578679726,"Surgeyecare, INC.",ASC,261QA1903X,5421 La Sierra Dr,Dallas,75231,214-361-1443,"SURGEYECARE, INC.",Organization
1386877439,Surgistar LP,ASC,261QA1903X,8315 Walnut Hill Ln,Dallas,75231,214-363-9946,SURGISTAR LP,Organization
1235257130,Swiss Avenue Surgicenter Management LLC,ASC,261QA1903X,4103 Swiss Ave Ste B,Dallas,75204,214-821-2001,SWISS AVENUE SURGICENTER MANAGEMENT LLC,Organization
1295887727,Texas Health Presbyterian Hospital Dallas,ASC,261QA1903X,8200 Walnut Hill Ln,Dallas,75231,214-345-5634,TEXAS HEALTH PRESBYTERIAN HOSPITAL DALLAS,Organization
1902850506,"Texas Health Surgery Center Preston Plaza, LLC",ASC,261QA1903X,17950 Preston Rd,Dallas,75252,972-267-5400,"TEXAS HEALTH SURGERY CENTER PRESTON PLAZA, LLC",Organization
1669514287,"The Hair, Laser and Liposuction Center of Dallas",ASC,261QA1903X,6750 Hillcrest Plaza Dr,Dallas,75230,972-934-9808,"THE HAIR, LASER AND LIPOSUCTION CENTER OF DALLAS",Organization
1932259231,The Palladium for Surgery Dallas Ltd,ASC,261QA1903X,5920 Forest Park Rd,Dallas,75235,214-350-2400,THE PALLADIUM FOR SURGERY DALLAS LTD,Organization
1710994801,The Surgery Center of Dallas,ASC,261QA1903X,9032 Harry Hines Blvd,Dallas,75235,214-231-2273,THE SURGERY CENTER OF DALLAS,Organization
1881854313,"Tollroad Spine Institute Pain Center, LLC",ASC,261QA1903X,17110 Dallas Pkwy Ste 125,Dallas,75248,972-479-1115,"TOLLROAD SPINE INSTITUTE PAIN CENTER, LLC",Organization
1306078787,Triad Pain Consultants,ASC,261QA1903X,5920 Forest Park Rd Ste 700,Dallas,75235,214-632-5184,TRIAD PAIN CONSULTANTS,Organization
1326826553,Trinity Medical Center,ASC,261QA1903X,1190 N Haskell Ave,Dallas,75204,214-281-8687,TRINITY MEDICAL CENTER,Organization
1841460169,"Trinity Mills Pain Center, LLC",ASC,261QA1903X,17110 Dallas Pkwy Ste 125,Dallas,75248,972-479-1115,"TRINITY MILLS PAIN CENTER, LLC",Organization
1205826310,"US Vascular Access Center of Dallas,llc",ASC,261QA1903X,3604 Live Oak St,Dallas,75204,214-826-4224,"US VASCULAR ACCESS CENTER OF DALLAS,LLC",Organization
1720362502,UT Southwestern Medical Center,ASC,261QA1903X,5303 Harry Hines Blvd,Dallas,75390,214-645-2300,UT SOUTHWESTERN MEDICAL CENTER,Organization
1437289816,Ucb Surgical Associates,ASC,261QA1903X,5920 Forest Park Rd,Dallas,75235,214-350-2400,UCB SURGICAL ASSOCIATES,Organization
1255523676,Vital Pain Consultants,ASC,261QA1903X,5920 Forest Park Rd,Dallas,75235,214-350-2400,VITAL PAIN CONSULTANTS,Organization
1750568838,"Vivere Health Dallas, LLC",ASC,261QA1903X,12606 Greenville Ave,Dallas,75243,866-475-4100,"VIVERE HEALTH DALLAS, LLC",Organization
1700838190,"Walnut Hill Surgery Center, LLC",ASC,261QA1903X,5494 Glen Lakes Dr,Dallas,75231,214-692-6220,"WALNUT HILL SURGERY CENTER, LLC",Organization
1851421291,"Whittenburg Bone & Joint Clinic, P A",ASC,261QA1903X,5920 Forest Park Rd,Dallas,75235,214-350-2400,"WHITTENBURG BONE & JOINT CLINIC, P A",Organization
1154566578,"Women's Specialty Surgery Center of Dallas, LLC",ASC,261QA1903X,8230 Walnut Hill Lane,Dallas,75231,214-345-6747,"WOMEN'S SPECIALTY SURGERY CENTER OF DALLAS, LLC",Organization
1215989975,Columbia Medical Center of Denton Subsidiary LP,ASC,261QA1903X,3535 S I-35 E,Denton,76210,469-420-7602,COLUMBIA MEDICAL CENTER OF DENTON SUBSIDIARY LP,Organization
1598912115,"Denton Pain Management Center, LLC",ASC,261QA1903X,3201 Colorado Blvd,Denton,76210,954-835-0005,"DENTON PAIN MANAGEMENT CENTER, LLC",Organization
1952364499,"Denton Regional Ambulatory Surgery Center, L.P.",ASC,261QA1903X,3316 Colorado Blvd,Denton,76210,940-349-5500,"DENTON REGIONAL AMBULATORY SURGERY CENTER, L.P.",Organization
1720020472,Denton Surgery Center LLC,ASC,261QA1903X,2515 Scripture St,Denton,76201,940-383-7100,DENTON SURGERY CENTER LLC,Organization
1548238140,Denton Surgicare Partners Ltd,ASC,261QA1903X,350 S I-35 E,Denton,76205,940-323-1393,DENTON SURGICARE PARTNERS LTD,Organization
1982607446,"Denton Surgicare Partners, Ltd.",ASC,261QA1903X,350 S Interstate 35 E,Denton,76205,940-323-1393,"DENTON SURGICARE PARTNERS, LTD.",Organization
1992135354,"Iheart ASC Denton, LLC",ASC,261QA1903X,3304 Colorado Blvd,Denton,76210,214-244-9820,"IHEART ASC DENTON, LLC",Organization
1194326785,Texas Partners Center LLC,ASC,261QA1903X,3304 Colorado Blvd Ste 203,Denton,76210,972-476-1828,TEXAS PARTNERS CENTER LLC,Organization
1194264036,"Advanced Surgical Center, LLC",ASC,261QA1903X,1018 E Wheatland Rd,Duncanville,75116,972-646-1159,"ADVANCED SURGICAL CENTER, LLC",Organization
1871803999,Baylor Surgicare at Duncanville LLC,ASC,261QA1903X,1018 E Wheatland Rd,Duncanville,75116,972-296-6912,BAYLOR SURGICARE AT DUNCANVILLE LLC,Organization
1780014258,"Iheart ASC South Dallas, LLC",ASC,261QA1903X,1018 E Wheatland Rd,Duncanville,75116,214-915-8967,"IHEART ASC SOUTH DALLAS, LLC",Organization
1194727289,"Surgery Center of Duncanville, LP",ASC,261QA1903X,1018 E Wheatland Rd,Duncanville,75116,972-296-6912,"SURGERY CENTER OF DUNCANVILLE, LP",Organization
1235994120,Advancedcare Surgery Center PLLC,ASC,261QA1903X,2200 Physicians Blvd Ste A,Ennis,75119,972-782-9090,ADVANCEDCARE SURGERY CENTER PLLC,Organization
1972941714,"Legent Outpatient Surgery Euless, LLC",ASC,261QA1903X,461 Westpark Way,Euless,76040,817-553-3627,"LEGENT OUTPATIENT SURGERY EULESS, LLC",Organization
1982514741,"Flower Mound Endoscopy Center, LLC",ASC,261QA1903X,3101 Churchill Dr Ste 115,Flower Mound,75022,410-290-6677,"FLOWER MOUND ENDOSCOPY CENTER, LLC",Organization
1316359532,"Lone Star Endoscopy Center, LLC",ASC,261QA1903X,1001 Surrey Ln,Flower Mound,75022,214-513-6300,"LONE STAR ENDOSCOPY CENTER, LLC",Organization
1285976183,Texas Health Flower Mound Orthopedic Surgery Center LLC,ASC,261QA1903X,5000 Long Prairie Rd,Flower Mound,75028,972-420-1776,TEXAS HEALTH FLOWER MOUND ORTHOPEDIC SURGERY CENTER LLC,Organization
1124908058,Texas Innovative Surgery Center LLC,ASC,261QA1903X,870 International Pkwy Ste 200b,Flower Mound,75022,214-513-0620,TEXAS INNOVATIVE SURGERY CENTER LLC,Organization
1679238356,Allegiance Surgery Center LLC,ASC,261QA1903X,1106 Alston Ave Ste 100,Fort Worth,76104,817-332-0660,ALLEGIANCE SURGERY CENTER LLC,Organization
1275536328,"Bellaire Outpatient Surgery Center, LLP",ASC,261QA1903X,7200 Oakmont Boulevard,Fort Worth,76132,817-732-3300,"BELLAIRE OUTPATIENT SURGERY CENTER, LLP",Organization
1659378800,Cityview Surgery Center LLC,ASC,261QA1903X,6551 Harris Pkwy,Fort Worth,76132,817-346-3800,CITYVIEW SURGERY CENTER LLC,Organization
1720059785,Cook Children's Medical Center,ASC,261QA1903X,1500 Cooper St,Fort Worth,76104,682-885-1514,COOK CHILDREN'S MEDICAL CENTER,Organization
1538046735,Davac LLC,ASC,261QA1903X,919 Travis Ave,Fort Worth,76104,817-810-0700,DAVAC LLC,Organization
1346751682,"Dru Riddle Anesthesia, PLLC",ASC,261QA1903X,2800 W Bowie St,Fort Worth,76109,817-734-7980,"DRU RIDDLE ANESTHESIA, PLLC",Organization
1952820680,"Emerald Laine, PLLC",ASC,261QA1903X,3836 Arundel Ave,Fort Worth,76109,817-637-5438,"EMERALD LAINE, PLLC",Organization
1174258107,"FW Specialty Surgicare, LLC",ASC,261QA1903X,2001 Cooper St,Fort Worth,76104,817-339-6991,"FW SPECIALTY SURGICARE, LLC",Organization
1538104724,"Fort Worth Endoscopy Centers, LLC",ASC,261QA1903X,6445 Harris Pkwy Ste 150,Fort Worth,76132,817-423-2888,"FORT WORTH ENDOSCOPY CENTERS, LLC",Organization
1104883784,"Fort Worth Endoscopy Centers, LLC",ASC,261QA1903X,900 West Magnolia Ave,Fort Worth,76104,817-332-6500,"FORT WORTH ENDOSCOPY CENTERS, LLC",Organization
1750844049,Fort Worth Surgical Center LP,ASC,261QA1903X,6949 Bryant Irvin Road,Fort Worth,76132,817-332-1818,FORT WORTH SURGICAL CENTER LP,Organization
1144827114,Gulfstream Surgical Fort Worth LLC,ASC,261QA1903X,975 Haskell St,Fort Worth,76107,214-695-6273,GULFSTREAM SURGICAL FORT WORTH LLC,Organization
1962143636,Integrated Surgery Center LLC,ASC,261QA1903X,1201 Summit Ave Ste 400,Fort Worth,76102,817-332-6092,INTEGRATED SURGERY CENTER LLC,Organization
1164017778,"Medical City Surgery Center of Alliance, LLC",ASC,261QA1903X,8900 Medical City Way,Fort Worth,76177,817-898-6610,"MEDICAL CITY SURGERY CENTER OF ALLIANCE, LLC",Organization
1023071560,"Medical Plaza Ambulatory Surgery Center Associates, L.P.",ASC,261QA1903X,909 9th Ave,Fort Worth,76104,817-339-2300,"MEDICAL PLAZA AMBULATORY SURGERY CENTER ASSOCIATES, L.P.",Organization
1114952686,North Richland Hills Endoscopy Center LLC,ASC,261QA1903X,9569 Harmon Rd,Fort Worth,76177,469-713-5052,NORTH RICHLAND HILLS ENDOSCOPY CENTER LLC,Organization
1275421158,"Northstar Vascular Surgery Center of Texas, LLC",ASC,261QA1903X,5901 S. Hulen,Fort Worth,76132,817-714-8262,"NORTHSTAR VASCULAR SURGERY CENTER OF TEXAS, LLC",Organization
1023017068,"Orthopedic Surgery Pavilion, LP",ASC,261QA1903X,2001 Cooper St,Fort Worth,76104,817-877-1291,"ORTHOPEDIC SURGERY PAVILION, LP",Organization
1407557556,"PPG Special Procedures, LLC",ASC,261QA1903X,500 Lipscomb St,Fort Worth,76104,817-870-2616,"PPG SPECIAL PROCEDURES, LLC",Organization
1740780956,"PSN FW Holdco, LLC",ASC,261QA1903X,975 Haskell Street,Fort Worth,76107,817-945-8000,"PSN FW HOLDCO, LLC",Organization
1093120859,"Park Hill Surgery Center, LLC",ASC,261QA1903X,3455 Locke Ave,Fort Worth,76107,817-585-1900,"PARK HILL SURGERY CENTER, LLC",Organization
1992901847,Physicians Surgical Center of Ft. Worth LLP,ASC,261QA1903X,2001 Cooper St,Fort Worth,76104,817-529-2620,PHYSICIANS SURGICAL CENTER OF FT. WORTH LLP,Organization
1578530226,Physicians Surgical Center of Ft. Worth LLP,ASC,261QA1903X,750 12th Ave,Fort Worth,76104,817-529-2620,PHYSICIANS SURGICAL CENTER OF FT. WORTH LLP,Organization
1033399803,"Physicians Surgical Center of Ft. Worth, L.L.P",ASC,261QA1903X,975 Haskell St,Fort Worth,76107,817-570-0200,"PHYSICIANS SURGICAL CENTER OF FT. WORTH, L.L.P",Organization
1962050492,"Precision Ambulatory Surgery Center, LLC",ASC,261QA1903X,9439 North Beach Street,Fort Worth,76244,817-442-2020,"PRECISION AMBULATORY SURGERY CENTER, LLC",Organization
1902850571,SDM ASC LLC,ASC,261QA1903X,6311 Southwest Blvd,Fort Worth,76132,817-738-3390,SDM ASC LLC,Organization
1609831700,Surgical Caregivers of Fort Worth LLC,ASC,261QA1903X,2001 W Rosedale St,Fort Worth,76104,817-877-4777,SURGICAL CAREGIVERS OF FORT WORTH LLC,Organization
1316115249,"Tarrant County Ambulatory Pain Procedure Center, LLC",ASC,261QA1903X,914 Lipscomb St,Fort Worth,76104,817-348-8600,"TARRANT COUNTY AMBULATORY PAIN PROCEDURE CENTER, LLC",Organization
1083853659,Tarrant County Surgical Center LLC,ASC,261QA1903X,914 Lipscomb St,Fort Worth,76104,817-348-8600,TARRANT COUNTY SURGICAL CENTER LLC,Organization
1538292990,Texas Health Harris Methodist Hospital Fort Worth,ASC,261QA1903X,1301 Pennsylvania Ave,Fort Worth,76104,817-882-2000,TEXAS HEALTH HARRIS METHODIST HOSPITAL FORT WORTH,Organization
1730212879,Texas Health Harris Methodist Hospital Southwest Fort Worth,ASC,261QA1903X,6100 Harris Pkwy,Fort Worth,76132,817-433-6565,TEXAS HEALTH HARRIS METHODIST HOSPITAL SOUTHWEST FORT WORTH,Organization
1508367194,"Texas Health Orthopedic Surgery Center Alliance, LLC",ASC,261QA1903X,9848 N Beach St,Fort Worth,76244,682-312-6464,"TEXAS HEALTH ORTHOPEDIC SURGERY CENTER ALLIANCE, LLC",Organization
1851650428,Texas Health Outpatient Surgery Center Alliance,ASC,261QA1903X,10840 Texas Health Trl,Fort Worth,76244,682-212-5100,TEXAS HEALTH OUTPATIENT SURGERY CENTER ALLIANCE,Organization
1770145351,Texas Health Spine Surgery Center Alliance LLC,ASC,261QA1903X,10900 Founders Way,Fort Worth,76244,817-442-9300,TEXAS HEALTH SPINE SURGERY CENTER ALLIANCE LLC,Organization
1104341254,"Texas Health Surgery Center Alliance, LLC",ASC,261QA1903X,10840 Texas Health Trl Ste 100,Fort Worth,76244,877-410-6290,"TEXAS HEALTH SURGERY CENTER ALLIANCE, LLC",Organization
1720603079,"Texas Health Surgery Center Chisholm Trail, LLC",ASC,261QA1903X,5900 Altamesa Blvd,Fort Worth,76132,850-543-1002,"TEXAS HEALTH SURGERY CENTER CHISHOLM TRAIL, LLC",Organization
1235752643,"Texas Health Surgery Center Southwest Fort Worth, LLC",ASC,261QA1903X,6317 Harris Pkwy Ste 200,Fort Worth,76132,214-402-8581,"TEXAS HEALTH SURGERY CENTER SOUTHWEST FORT WORTH, LLC",Organization
1437278843,The Clinic for Special Surgery,ASC,261QA1903X,900 12th Ave,Fort Worth,76104,817-335-5633,THE CLINIC FOR SPECIAL SURGERY,Organization
1851250658,Trinity Surgical Group,ASC,261QA1903X,5075 Edwards Ranch Rd,Fort Worth,76109,817-292-4200,TRINITY SURGICAL GROUP,Organization
1700994290,Urological Surgery Center LLC,ASC,261QA1903X,418 S Henderson St,Fort Worth,76104,817-870-9165,UROLOGICAL SURGERY CENTER LLC,Organization
1629381967,West Magnolia Surgery Center,ASC,261QA1903X,1200 W Magnolia Ave,Fort Worth,76104,817-870-4833,WEST MAGNOLIA SURGERY CENTER,Organization
1649793613,"Baylor Surgicare at Blue Star, LLC",ASC,261QA1903X,3800 Gaylord Parkway,Frisco,75034,972-668-5911,"BAYLOR SURGICARE AT BLUE STAR, LLC",Organization
1437636636,"CCRM DFW, LLC",ASC,261QA1903X,8380 Warren Pkwy Ste 201,Frisco,75034,972-377-2625,"CCRM DFW, LLC",Organization
1639146541,"Centennial ASC, LLC",ASC,261QA1903X,4401 Coit Rd,Frisco,75035,214-619-0120,"CENTENNIAL ASC, LLC",Organization
1619291192,"Dallas IVF Surgery Center, LLC",ASC,261QA1903X,2840 Legacy Drive,Frisco,75034,214-297-0022,"DALLAS IVF SURGERY CENTER, LLC",Organization
1578107454,Frisco ASC LLC,ASC,261QA1903X,5616 Warren Pkwy Ste 100,Frisco,75034,214-817-4226,FRISCO ASC LLC,Organization
1083038186,"Frisco Ambulatory Surgery Center, LLC",ASC,261QA1903X,5616 Warren Pkwy,Frisco,75034,972-712-4800,"FRISCO AMBULATORY SURGERY CENTER, LLC",Organization
1326911298,"Frisco Eye Institute, LLC",ASC,261QA1903X,5450 Pga Parkway,Frisco,75034,615-234-5954,"FRISCO EYE INSTITUTE, LLC",Organization
1366716813,"Frisco Pain Center, LLC",ASC,261QA1903X,7589 Preston Rd Ste 900,Frisco,75034,214-705-7749,"FRISCO PAIN CENTER, LLC",Organization
1528789906,Frisco Surgical Center LLC,ASC,261QA1903X,5616 Warren Pkwy Ste 100,Frisco,75034,214-817-4226,FRISCO SURGICAL CENTER LLC,Organization
1053835983,Group Surgical Partners Integrated LLC,ASC,261QA1903X,8350 Dallas Pkwy Ste 100,Frisco,75034,469-287-8500,GROUP SURGICAL PARTNERS INTEGRATED LLC,Organization
1699806018,Legacy Surgery Center of Frisco LP,ASC,261QA1903X,5616 Warren Parkway,Frisco,75034,972-712-4800,LEGACY SURGERY CENTER OF FRISCO LP,Organization
1417534207,"Medical City Surgery Center of Frisco, LLC",ASC,261QA1903X,5575 Frisco Square Blvd Ste 100,Frisco,75034,972-324-0200,"MEDICAL CITY SURGERY CENTER OF FRISCO, LLC",Organization
1306255013,Metamorpheon,ASC,261QA1903X,"8350 Dallas Parkway, Suite 100",Frisco,75034,469-213-8310,METAMORPHEON,Organization
1871924027,"Preston Surgery Center, LLC",ASC,261QA1903X,7589 Preston Rd,Frisco,75034,214-387-4100,"PRESTON SURGERY CENTER, LLC",Organization
1396023172,Starwood Surgery INC.,ASC,261QA1903X,6898 Lebanon Rd,Frisco,75034,214-227-2457,STARWOOD SURGERY INC.,Organization
1225574098,"Stonebriar Surgery Center, LLC",ASC,261QA1903X,8380 Warren Pkwy,Frisco,75034,972-377-2625,"STONEBRIAR SURGERY CENTER, LLC",Organization
1033589742,Select Ambulatory Surgery Center of Ft Worth LLC,ASC,261QA1903X,2001 Cooper St,Ft Worth,76104,817-334-0990,SELECT AMBULATORY SURGERY CENTER OF FT WORTH LLC,Organization
1952531634,Carrollton Surgery Center PA,ASC,261QA1903X,1001 Palm Desert Dr,Garland,75044,214-403-0682,CARROLLTON SURGERY CENTER PA,Organization
1396742029,"Garland Surgicare Partners, Ltd.",ASC,261QA1903X,530 Clara Barton Blvd,Garland,75042,972-494-2400,"GARLAND SURGICARE PARTNERS, LTD.",Organization
1124083076,North Garland Surgery Center LLP,ASC,261QA1903X,7150 N George Bush Hwy,Garland,75044,214-703-1800,NORTH GARLAND SURGERY CENTER LLP,Organization
1740561018,"Children 1st Grand Prairie, LLC",ASC,261QA1903X,3055 Bardin Rd # 400,Grand Prairie,75052,972-279-1200,"CHILDREN 1ST GRAND PRAIRIE, LLC",Organization
1568408201,Medical Village Surgery Center INC.,ASC,261QA1903X,2507 Medical Row Ste 101,Grand Prairie,75051,917-463-8580,MEDICAL VILLAGE SURGERY CENTER INC.,Organization
1942156138,"Methodist Surgery Center - TMI, LLC",ASC,261QA1903X,3811 Double Oak Avenue,Grand Prairie,76065,469-903-6330,"METHODIST SURGERY CENTER - TMI, LLC",Organization
1669433736,Metroplex Ambulatory Surgical Center,ASC,261QA1903X,2717 Osler Dr,Grand Prairie,75051,972-641-6751,METROPLEX AMBULATORY SURGICAL CENTER,Organization
1679804355,Lonestar Ambulatory Surgical Center,ASC,261QA1903X,2201 Westgate Plz,Grapevine,76051,817-410-2030,LONESTAR AMBULATORY SURGICAL CENTER,Organization
1912195330,"Midcities Pain Center, LLC",ASC,261QA1903X,1600 W Northwest Hwy,Grapevine,76051,817-488-9991,"MIDCITIES PAIN CENTER, LLC",Organization
1588154181,Nextmed Surgical Institute of Excellence LLC,ASC,261QA1903X,1601 Lancaster Dr Ste 170,Grapevine,76051,520-258-0307,NEXTMED SURGICAL INSTITUTE OF EXCELLENCE LLC,Organization
1891788584,Rockwall Ambulatory Surgery Center LLP,ASC,261QA1903X,6435 S FM 549,Heath,75032,972-722-9003,ROCKWALL AMBULATORY SURGERY CENTER LLP,Organization
1083121495,"Cook Children's Surgery Center, LLC",ASC,261QA1903X,6316 Precinct Line Rd Ste B,Hurst,76054,817-605-2950,"COOK CHILDREN'S SURGERY CENTER, LLC",Organization
1609206614,"Hurst Ambulatory Surgery Center, LLC",ASC,261QA1903X,1717 Precinct Line Rd,Hurst,76054,817-369-3995,"HURST AMBULATORY SURGERY CENTER, LLC",Organization
1316991938,"Surgical and Diagnostic Center, L.P.",ASC,261QA1903X,729 Bedford-Euless Road West,Hurst,76053,817-282-1001,"SURGICAL AND DIAGNOSTIC CENTER, L.P.",Organization
1750468583,"Texas Eye Surgery Center, LLC",ASC,261QA1903X,1872 Norwood Dr,Hurst,76054,817-554-0200,"TEXAS EYE SURGERY CENTER, LLC",Organization
1861869869,Blue Star Surgery Center LLC,ASC,261QA1903X,2120 N Macarthur Blvd Ste 200,Irving,75061,972-438-5232,BLUE STAR SURGERY CENTER LLC,Organization
1548213739,Columbia Medical Center of Las Colinas INC,ASC,261QA1903X,6800 N Macarthur Blvd,Irving,75039,972-969-2084,COLUMBIA MEDICAL CENTER OF LAS COLINAS INC,Organization
1083299747,Irving Specialists Surgical Center LLC,ASC,261QA1903X,6121 N Highway 161 Ste 100,Irving,75038,478-330-5747,IRVING SPECIALISTS SURGICAL CENTER LLC,Organization
1780665653,"Irving Surgery Center, Ltd.",ASC,261QA1903X,1430 N Macarthur Blvd,Irving,75061,972-445-1088,"IRVING SURGERY CENTER, LTD.",Organization
1174954168,Las Colinas Oral Surgery Center,ASC,261QA1903X,2727 N. O'connor Rd,Irving,75062,972-594-7414,LAS COLINAS ORAL SURGERY CENTER,Organization
1851408389,"Macarthur Surgery Center, L.P.",ASC,261QA1903X,2120 Macarthur Blvd,Irving,75061,972-438-5232,"MACARTHUR SURGERY CENTER, L.P.",Organization
1700705985,Sphere Surgery Center LLC,ASC,261QA1903X,4441 W Airport Fwy Ste 215,Irving,75062,469-913-6136,SPHERE SURGERY CENTER LLC,Organization
1508871211,"Texas Digestive Disease Center, Ltd",ASC,261QA1903X,701 Tuscan,Irving,75039,214-442-1900,"TEXAS DIGESTIVE DISEASE CENTER, LTD",Organization
1013227248,"Tuscan Surgery Center at Las Colinas, LLC",ASC,261QA1903X,701 Tuscan Dr,Irving,75039,214-442-1900,"TUSCAN SURGERY CENTER AT LAS COLINAS, LLC",Organization
1689498982,Tylock-George Cosmetic PA,ASC,261QA1903X,3100 N Macarthur Blvd,Irving,75062,972-258-6400,TYLOCK-GEORGE COSMETIC PA,Organization
1437552643,"Bear Creek Surgery Center, LLC",ASC,261QA1903X,100 Bourland Rd,Keller,76248,214-607-2426,"BEAR CREEK SURGERY CENTER, LLC",Organization
1336459353,Lone Star Endoscopy Center LLC,ASC,261QA1903X,180 Bear Creek Pkwy,Keller,76248,817-337-3671,LONE STAR ENDOSCOPY CENTER LLC,Organization
1306804612,"Lone Star Endoscopy, LLP",ASC,261QA1903X,180 Bear Creek Pkwy,Keller,76248,817-337-3671,"LONE STAR ENDOSCOPY, LLP",Organization
1396559951,"Methodist Surgery Center - Keller, LLC",ASC,261QA1903X,1220 Keller Pkwy,Keller,76248,682-593-1133,"METHODIST SURGERY CENTER - KELLER, LLC",Organization
1801174206,"R. Craig Saunders, M.D. P.A.",ASC,261QA1903X,8865 Davis Blvd Ste A,Keller,76248,817-267-0463,"R. CRAIG SAUNDERS, M.D. P.A.",Organization
1376901082,Chapel Creek Surgery Center LLC,ASC,261QA1903X,591 W Main St,Lewisville,75057,972-385-9898,CHAPEL CREEK SURGERY CENTER LLC,Organization
1023069739,Columbia Medical Center of Lewisville Subsidiary LP,ASC,261QA1903X,500 W Main St,Lewisville,75057,469-420-7602,COLUMBIA MEDICAL CENTER OF LEWISVILLE SUBSIDIARY LP,Organization
1154972172,"Dallas Procedure Center, LLC",ASC,261QA1903X,1854 Lakepointe Dr,Lewisville,75057,214-306-4116,"DALLAS PROCEDURE CENTER, LLC",Organization
1942690342,Fidelity Surgical Suites LLC,ASC,261QA1903X,591 W Main St,Lewisville,75057,972-743-2126,FIDELITY SURGICAL SUITES LLC,Organization
1306920509,"Lewisville Surgery Center, LLC",ASC,261QA1903X,591 W Main St,Lewisville,75057,972-420-0023,"LEWISVILLE SURGERY CENTER, LLC",Organization
1326042300,"Lewisville Surgicare Partners, Ltd",ASC,261QA1903X,1854 Lakepointe Dr,Lewisville,75057,972-315-1401,"LEWISVILLE SURGICARE PARTNERS, LTD",Organization
1942606918,Texas Partners in Surgery LLC,ASC,261QA1903X,591 W Main St,Lewisville,75057,972-385-9898,TEXAS PARTNERS IN SURGERY LLC,Organization
1760874671,Tps Lewisville Surgery Center LLC,ASC,261QA1903X,591 W Main St,Lewisville,75057,972-743-2126,TPS LEWISVILLE SURGERY CENTER LLC,Organization
1992037352,"Baylor Surgicare at Mansfield, LLC",ASC,261QA1903X,280 Regency Pkwy,Mansfield,76063,817-453-2744,"BAYLOR SURGICARE AT MANSFIELD, LLC",Organization
1366047433,"Mansfield Endoscopy Center, LLC",ASC,261QA1903X,647 N Miller Rd,Mansfield,76063,817-893-2381,"MANSFIELD ENDOSCOPY CENTER, LLC",Organization
1790945145,Mansfield Surgical Plaza LLC,ASC,261QA1903X,280 Regency Pkwy,Mansfield,76063,817-453-2744,MANSFIELD SURGICAL PLAZA LLC,Organization
1700419678,"Methodist Mansfield Ambulatory Surgery Center, LLC",ASC,261QA1903X,252 Matlock Rd Ste 430,Mansfield,76063,817-242-3600,"METHODIST MANSFIELD AMBULATORY SURGERY CENTER, LLC",Organization
1578979902,Paragon Plastic Surgery & Med Spa LLC.,ASC,261QA1903X,1101 Matlock Rd,Mansfield,76063,817-473-2120,PARAGON PLASTIC SURGERY & MED SPA LLC.,Organization
1861931263,"Bbi Craig Ranch Surgery Center, LLC",ASC,261QA1903X,6045 Alma Rd Ste 100,McKinney,75070,855-224-4357,"BBI CRAIG RANCH SURGERY CENTER, LLC",Organization
1770537730,Columbia Medical Center of McKinney Subsidiary LP,ASC,261QA1903X,4500 Medical Center Dr,McKinney,75069,972-547-8000,COLUMBIA MEDICAL CENTER OF MCKINNEY SUBSIDIARY LP,Organization
1205881935,Heritage Eye Center Lc,ASC,261QA1903X,1501-B Redbud Blvd,McKinney,75069,972-548-0771,HERITAGE EYE CENTER LC,Organization
1396555660,Maus Pain Management PLLC,ASC,261QA1903X,1505 Harroun Ave Ste 1,McKinney,75069,214-390-7697,MAUS PAIN MANAGEMENT PLLC,Organization
1215775218,"McKinney Center of Surgical Arts, LLC",ASC,261QA1903X,1505 Harroun Ave,McKinney,75069,469-972-0777,"MCKINNEY CENTER OF SURGICAL ARTS, LLC",Organization
1881620995,"McKinney Surgery Center, LP",ASC,261QA1903X,8080 SH 121,McKinney,75070,214-547-2700,"MCKINNEY SURGERY CENTER, LP",Organization
1609814508,Outpatient Orthopaedic Associates Surgery Center LLC,ASC,261QA1903X,1505 Harroun Street,McKinney,75069,972-562-5745,OUTPATIENT ORTHOPAEDIC ASSOCIATES SURGERY CENTER LLC,Organization
1760826713,Proassit,ASC,261QA1903X,2150 S Central Expy # 75070,McKinney,75070,972-363-8200,PROASSIT,Organization
1295446672,Progressive Health Surgery Center LLC,ASC,261QA1903X,1505 Harroun Ave Ste 1,McKinney,75069,972-914-2929,PROGRESSIVE HEALTH SURGERY CENTER LLC,Organization
1003322371,Progressive Health Surgery Center LLC,ASC,261QA1903X,1505 Harroun Ave Ste 1,McKinney,75069,972-792-0204,PROGRESSIVE HEALTH SURGERY CENTER LLC,Organization
1215871900,"Stridecare ASC McKinney, LLC",ASC,261QA1903X,6800 Weiskopf Ave Ste 101,McKinney,75070,469-839-3411,"STRIDECARE ASC MCKINNEY, LLC",Organization
1386983260,Texas Health Craig Ranch Surgery Center LLC,ASC,261QA1903X,8080 State Highway 121,McKinney,75070,214-547-2700,TEXAS HEALTH CRAIG RANCH SURGERY CENTER LLC,Organization
1366013914,"The Laser Surgery Center, LLC",ASC,261QA1903X,2600 W University Dr Ste 200,McKinney,75071,214-360-1108,"THE LASER SURGERY CENTER, LLC",Organization
1558926931,"Wellness Ambulatory Surgery Center, LLC",ASC,261QA1903X,2719 Virginia Pkwy,McKinney,75071,940-535-4910,"WELLNESS AMBULATORY SURGERY CENTER, LLC",Organization
1649233180,"West Park Surgery Center, L.P.",ASC,261QA1903X,4510 Medical Center Dr,McKinney,75069,972-547-1580,"WEST PARK SURGERY CENTER, L.P.",Organization
1972878726,"Wilson Creek Surgical Center, LLC",ASC,261QA1903X,8855 Synergy Dr,McKinney,75070,972-632-3800,"WILSON CREEK SURGICAL CENTER, LLC",Organization
1548584485,"Children 1st Dental & Surgery Center, LLC",ASC,261QA1903X,2690 N Galloway Ave,Mesquite,75150,972-279-1200,"CHILDREN 1ST DENTAL & SURGERY CENTER, LLC",Organization
1457823122,Complete Surgery Mesquite LLC,ASC,261QA1903X,3400 IH 30 Ste 300,Mesquite,75150,214-310-7776,COMPLETE SURGERY MESQUITE LLC,Organization
1407137763,"Dental ASC, LLC",ASC,261QA1903X,2690 N Galloway Ave,Mesquite,75150,972-279-1200,"DENTAL ASC, LLC",Organization
1114864600,McS Dallas Surgery Center LLC,ASC,261QA1903X,3400 IH 30 Ste 300,Mesquite,75150,469-730-0510,MCS DALLAS SURGERY CENTER LLC,Organization
1528253523,Mesquite TX Endoscopy ASC LLC,ASC,261QA1903X,2704 N Galloway Ave,Mesquite,75150,972-270-3590,MESQUITE TX ENDOSCOPY ASC LLC,Organization
1386602860,National Surgicare JV1 Ltd,ASC,261QA1903X,2690 N Galloway Ave,Mesquite,75150,979-279-8100,NATIONAL SURGICARE JV1 LTD,Organization
1528377678,North Texas Team Care Surgery Center LLC,ASC,261QA1903X,3865 Childress Avenue,Mesquite,75150,972-681-7246,NORTH TEXAS TEAM CARE SURGERY CENTER LLC,Organization
1154375475,Columbia North Hills Hospital Subsidiary LP,ASC,261QA1903X,4401 Booth Calloway Rd,North Richland Hills,76180,469-420-7602,COLUMBIA NORTH HILLS HOSPITAL SUBSIDIARY LP,Organization
1972310027,"NRH Procedure and Access Center, LLC",ASC,261QA1903X,8609 Airport Fwy Ste 200,North Richland Hills,76180,432-428-0155,"NRH PROCEDURE AND ACCESS CENTER, LLC",Organization
1316501638,"Advanta Health Care, INC.",ASC,261QA1903X,4100 Mapleshade Ln,Plano,75093,346-267-7214,"ADVANTA HEALTH CARE, INC.",Organization
1942420328,"Ambulatory Procedure Center,llc",ASC,261QA1903X,6300 W Parker Rd,Plano,75093,214-361-0016,"AMBULATORY PROCEDURE CENTER,LLC",Organization
1376194431,Ascent Surgery Center LLC,ASC,261QA1903X,6957 W Plano Pkwy Ste 1000,Plano,75093,469-986-3700,ASCENT SURGERY CENTER LLC,Organization
1518002633,Associated Arthroscopy Institute,ASC,261QA1903X,4031 W Plano Pkwy Ste 100,Plano,75093,972-985-1072,ASSOCIATED ARTHROSCOPY INSTITUTE,Organization
1760912554,"Baylor Surgicare at Baylor Plano, LLC",ASC,261QA1903X,4825 Alliance,Plano,75093,469-367-0700,"BAYLOR SURGICARE AT BAYLOR PLANO, LLC",Organization
1609179415,"Baylor Surgicare at Plano Parkway, LLC",ASC,261QA1903X,4031 W Plano Pkwy,Plano,75093,972-985-1072,"BAYLOR SURGICARE AT PLANO PARKWAY, LLC",Organization
1962681130,"Baylor Surgicare at Plano, LLC",ASC,261QA1903X,1701 Ohio Dr,Plano,75093,214-291-3000,"BAYLOR SURGICARE AT PLANO, LLC",Organization
1417304171,"Collin County ASC, LP",ASC,261QA1903X,5085 W Park Blvd,Plano,75093,713-812-7586,"COLLIN COUNTY ASC, LP",Organization
1588618557,Columbia Medical Center of Plano Subsidiary LP,ASC,261QA1903X,3901 W 15th St,Plano,75075,972-596-6800,COLUMBIA MEDICAL CENTER OF PLANO SUBSIDIARY LP,Organization
1497797005,Dallas Nephrology Associates,ASC,261QA1903X,4401 Tradition Trl,Plano,75093,214-579-6600,DALLAS NEPHROLOGY ASSOCIATES,Organization
1992721591,Day Surgery Center of North Texas Ltd,ASC,261QA1903X,1701 Ohio Dr,Plano,75093,214-291-3000,DAY SURGERY CENTER OF NORTH TEXAS LTD,Organization
1679387344,Elite Surgery Center,ASC,261QA1903X,3670 State Highway 121,Plano,75025,469-947-3956,ELITE SURGERY CENTER,Organization
1295790327,"Endoscopy of Plano, LP",ASC,261QA1903X,1600 Coit Rd,Plano,75075,972-612-9771,"ENDOSCOPY OF PLANO, LP",Organization
1306303136,"Frisco First Surgicenter, LLC",ASC,261QA1903X,8740 Ohio Dr Ste B-1,Plano,75024,972-943-6220,"FRISCO FIRST SURGICENTER, LLC",Organization
1255000329,"Gleneagles Surgery Center, LLC",ASC,261QA1903X,2633 Dallas Pkwy Ste 100,Plano,75093,972-403-7733,"GLENEAGLES SURGERY CENTER, LLC",Organization
1669624508,Greenville Ave Surgical Partners Ltd,ASC,261QA1903X,4108 W 15th St,Plano,75093,972-596-8000,GREENVILLE AVE SURGICAL PARTNERS LTD,Organization
1417362831,J. Graff Surgery Center INC,ASC,261QA1903X,2633 Dallas Pkwy,Plano,75093,972-403-7733,J. GRAFF SURGERY CENTER INC,Organization
1295054344,Las Colinas Holdings LLC,ASC,261QA1903X,6957 W Plano Pkwy Ste 2000,Plano,75093,972-271-2327,LAS COLINAS HOLDINGS LLC,Organization
1518486091,"Legacy Trail Surgery Center, LLC",ASC,261QA1903X,7211 Preston Rd Ste 2100,Plano,75024,469-488-1000,"LEGACY TRAIL SURGERY CENTER, LLC",Organization
1043430788,Lone Star Surgical Center LLP,ASC,261QA1903X,3060 Communications Pkwy,Plano,75093,972-312-0607,LONE STAR SURGICAL CENTER LLP,Organization
1235789041,"Mapleshade Surgery Center, LLC",ASC,261QA1903X,960 Ohio Dr,Plano,75093,281-309-8370,"MAPLESHADE SURGERY CENTER, LLC",Organization
1295154490,Noble Med-Surgical Consultants LLC,ASC,261QA1903X,6201 K Ave Ste 100,Plano,75074,214-227-0668,NOBLE MED-SURGICAL CONSULTANTS LLC,Organization
1043708019,Oak Point Surgical Suites LLC,ASC,261QA1903X,2201 K Ave Ste B-100,Plano,75074,469-409-1091,OAK POINT SURGICAL SUITES LLC,Organization
1922438472,"Park Ambulatory Surgery Center, LLC",ASC,261QA1903X,5055 W Park Blvd Ste 800,Plano,75093,214-299-7010,"PARK AMBULATORY SURGERY CENTER, LLC",Organization
1497724942,"Park Ventura Endoscopy Center, LLC",ASC,261QA1903X,3500 Preston Rd Ste 200,Plano,75093,972-985-2300,"PARK VENTURA ENDOSCOPY CENTER, LLC",Organization
1649870304,"Parkhill Surgery Center Plano, LLC",ASC,261QA1903X,7000 W Plano Pkwy,Plano,75093,972-808-7674,"PARKHILL SURGERY CENTER PLANO, LLC",Organization
1568427151,"Plano Ambulatory Surgery Associates, LP",ASC,261QA1903X,4005 West 15th St,Plano,75093,972-519-1100,"PLANO AMBULATORY SURGERY ASSOCIATES, LP",Organization
1811458243,Plano Center for Surgical Arts LLC,ASC,261QA1903X,5316 W Plano Pkwy,Plano,75093,214-390-7697,PLANO CENTER FOR SURGICAL ARTS LLC,Organization
1346512852,Plano Endoscopy Partners Ltd,ASC,261QA1903X,6405 W. Parker Rd,Plano,75093,972-473-9292,PLANO ENDOSCOPY PARTNERS LTD,Organization
1568227973,Plano Eye Care Surgery Center PLLC,ASC,261QA1903X,5280 Towne Square Dr,Plano,75024,214-380-2020,PLANO EYE CARE SURGERY CENTER PLLC,Organization
1134516404,Plano Texas Plastic Surgery Center,ASC,261QA1903X,5880 Ashmill Dr,Plano,75024,972-378-3870,PLANO TEXAS PLASTIC SURGERY CENTER,Organization
1326771965,"Premier Center of Surgical Arts, LLC",ASC,261QA1903X,5316 W Plano Pkwy,Plano,75093,972-713-0112,"PREMIER CENTER OF SURGICAL ARTS, LLC",Organization
1225225154,Prestonwood Surgery Center LLC,ASC,261QA1903X,6957 W Plano Pkwy,Plano,75093,972-820-9033,PRESTONWOOD SURGERY CENTER LLC,Organization
1518289099,Prosper Healthcare System LLC,ASC,261QA1903X,6957 W Plano Pkwy,Plano,75093,214-435-1386,PROSPER HEALTHCARE SYSTEM LLC,Organization
1609932557,Robert D. Wilcox MD PA,ASC,261QA1903X,5316 West Plano Parkway,Plano,75093,972-620-1700,ROBERT D. WILCOX MD PA,Organization
1770610560,"Ronald M. Friedman, M.D., P.A.",ASC,261QA1903X,6124 W Parker Rd,Plano,75093,469-467-0100,"RONALD M. FRIEDMAN, M.D., P.A.",Organization
1316799067,Soleil Surgery Center LLC,ASC,261QA1903X,2201 K Ave Ste B100,Plano,75074,214-931-6133,SOLEIL SURGERY CENTER LLC,Organization
1487882189,Summit Surgery Center,ASC,261QA1903X,3801 W 15th St,Plano,75075,561-368-7118,SUMMIT SURGERY CENTER,Organization
1609893379,Summit Surgery Center LP,ASC,261QA1903X,3801 W 15th St,Plano,75075,972-543-2468,SUMMIT SURGERY CENTER LP,Organization
1245657840,Surgcenter of Plano LLC,ASC,261QA1903X,6101 Windhaven Parkway,Plano,75093,469-209-7054,SURGCENTER OF PLANO LLC,Organization
1093295545,Surgery Center 121 LLC,ASC,261QA1903X,9955 Gillespie Drive Suite 200,Plano,75025,972-403-1110,SURGERY CENTER 121 LLC,Organization
1811299829,Surgery Center of Texas LP,ASC,261QA1903X,6020 W Plano Pkwy,Plano,75093,972-543-2477,SURGERY CENTER OF TEXAS LP,Organization
1649587338,Texas Clinic Surgery Center LLC,ASC,261QA1903X,6957 W Plano Pkwy Ste 2000,Plano,75093,972-820-9033,TEXAS CLINIC SURGERY CENTER LLC,Organization
1023420577,"Texas Endoscopy Centers, LLC",ASC,261QA1903X,6405 W Parker Rd,Plano,75093,972-473-9292,"TEXAS ENDOSCOPY CENTERS, LLC",Organization
1902218456,"Texas Endoscopy Centers, LLC",ASC,261QA1903X,8080 Independence Pkwy,Plano,75025,972-908-3000,"TEXAS ENDOSCOPY CENTERS, LLC",Organization
1255182945,Texas Eye Surgical Services Management LLC,ASC,261QA1903X,4108 W 15th St Ste 200,Plano,75093,972-379-3937,TEXAS EYE SURGICAL SERVICES MANAGEMENT LLC,Organization
1003059650,"West Plano Surgery Center 2, LLC",ASC,261QA1903X,6124 W Parker Rd,Plano,75093,469-467-0100,"WEST PLANO SURGERY CENTER 2, LLC",Organization
1356542419,"Windhaven Surgery Center, LLC",ASC,261QA1903X,6160 Windhaven Pkwy,Plano,75093,214-707-0985,"WINDHAVEN SURGERY CENTER, LLC",Organization
1104234608,Andrea Nemit LLC,ASC,261QA1903X,2600 Glen Haven Ct,Prosper,75078,469-525-8490,ANDREA NEMIT LLC,Organization
1801847728,Center for Pediatric Surgery Ltd,ASC,261QA1903X,4200 W University Dr Ste 110,Prosper,75078,972-300-0215,CENTER FOR PEDIATRIC SURGERY LTD,Organization
1962568725,Breckenridge Surgery Center LP,ASC,261QA1903X,3201 E President George Bush Hwy,Richardson,75082,972-470-5859,BRECKENRIDGE SURGERY CENTER LP,Organization
1093723900,Carter Real Estate Properties INC,ASC,261QA1903X,375 Municipal Dr,Richardson,75080,972-918-9400,CARTER REAL ESTATE PROPERTIES INC,Organization
1922825322,"Methodist Surgery Center - Richardson, LLC",ASC,261QA1903X,3001 E President George Bush Hwy Ste 150,Richardson,75082,214-838-0406,"METHODIST SURGERY CENTER - RICHARDSON, LLC",Organization
1669007134,"Peak Health Surgicare, LLC",ASC,261QA1903X,610 N Coit Rd Ste 2100,Richardson,75080,972-954-3588,"PEAK HEALTH SURGICARE, LLC",Organization
1609963768,Surgery Center of Richardson Physicians Partnership LP,ASC,261QA1903X,610 N Coit Rd,Richardson,75080,972-331-9500,SURGERY CENTER OF RICHARDSON PHYSICIANS PARTNERSHIP LP,Organization
1760874606,Surgical Assisting,ASC,261QA1903X,3301 Northstar Rd Apt 637,Richardson,75082,972-835-2160,SURGICAL ASSISTING,Organization
1669830345,Hormonal Health and Wellness Centers,ASC,261QA1903X,1207 Arista Dr,Rockwall,75032,469-402-1877,HORMONAL HEALTH AND WELLNESS CENTERS,Organization
1073694550,Rockwall Ambulatory Surgery Center LLP,ASC,261QA1903X,825 W Yellowjacket Lane,Rockwall,75087,972-772-6166,ROCKWALL AMBULATORY SURGERY CENTER LLP,Organization
1992761936,Rockwall Surgery Center LLP,ASC,261QA1903X,825 Yellow Jacket Ln,Rockwall,75087,972-772-6166,ROCKWALL SURGERY CENTER LLP,Organization
1801309612,"Texas Health Surgery Center Rockwall, LLC",ASC,261QA1903X,3144 Horizon Road,Rockwall,75032,813-310-1121,"TEXAS HEALTH SURGERY CENTER ROCKWALL, LLC",Organization
1184877219,"Thr/Stt Rockwall ASC, LLC",ASC,261QA1903X,3140 Horizon Rd Ste 100,Rockwall,75032,817-442-9300,"THR/STT ROCKWALL ASC, LLC",Organization
1881829026,Lakeside Spine Center,ASC,261QA1903X,8301 Lakeview Pkwy,Rowlett,75088,972-276-6300,LAKESIDE SPINE CENTER,Organization
1912503665,"Axis Surgery Center, LLC",ASC,261QA1903X,1110 E State Highway 114 Ste 150,Southlake,76092,714-766-5882,"AXIS SURGERY CENTER, LLC",Organization
1780604694,Clearview Surgery Center INC,ASC,261QA1903X,1980 E State Hwy 114,Southlake,76092,817-329-2700,CLEARVIEW SURGERY CENTER INC,Organization
1083229173,Grace Ambulatory Surgery Center,ASC,261QA1903X,470 E State Highway 114,Southlake,76092,214-450-9926,GRACE AMBULATORY SURGERY CENTER,Organization
1295702942,Grapevine Surgicare Partners Ltd,ASC,261QA1903X,905 E Southlake Blvd,Southlake,76092,817-410-4300,GRAPEVINE SURGICARE PARTNERS LTD,Organization
1154844553,"Lone Star Endoscopy Center, LLC",ASC,261QA1903X,515 S Nolen Dr,Southlake,76092,817-912-1999,"LONE STAR ENDOSCOPY CENTER, LLC",Organization
1144970807,"Medical City Surgery Center Southlake, LLC",ASC,261QA1903X,2815 W Southlake Blvd Ste 100,Southlake,76092,817-431-3200,"MEDICAL CITY SURGERY CENTER SOUTHLAKE, LLC",Organization
1649660168,"Miller Mac Group, LLC",ASC,261QA1903X,300 S Nolen Dr Ste 160,Southlake,76092,214-618-5600,"MILLER MAC GROUP, LLC",Organization
1992451389,NRH Pain Management Group LLC,ASC,261QA1903X,3075 W Southlake Blvd,Southlake,76092,817-310-1065,NRH PAIN MANAGEMENT GROUP LLC,Organization
1235509993,Pediatric Ambulatory Surgery Center Southlake,ASC,261QA1903X,470 E State Highway 114,Southlake,76092,817-730-5437,PEDIATRIC AMBULATORY SURGERY CENTER SOUTHLAKE,Organization
1033643747,"Select ASC Developers of Southlake, LLC",ASC,261QA1903X,3065 W Southlake Blvd,Southlake,76092,972-234-4740,"SELECT ASC DEVELOPERS OF SOUTHLAKE, LLC",Organization
1013218601,"Southlake Surgery Center, LLC",ASC,261QA1903X,521 W Southlake Blvd,Southlake,76092,817-328-2100,"SOUTHLAKE SURGERY CENTER, LLC",Organization
1073840971,"Surgical and Endoscopy Center of Southlake, LLC",ASC,261QA1903X,820 Deer Hollow Blvd,Southlake,76092,817-748-0820,"SURGICAL AND ENDOSCOPY CENTER OF SOUTHLAKE, LLC",Organization
1104623826,Surgicore LLC,ASC,261QA1903X,300 S Nolen Dr Ste 160,Southlake,76092,941-380-6513,SURGICORE LLC,Organization
1851759534,Terri Suresh ACNP PLLC,ASC,261QA1903X,620 N Kimball Ave,Southlake,76092,817-328-8376,TERRI SURESH ACNP PLLC,Organization
1982716106,"Thr/Stt Southlake ASC, LLC",ASC,261QA1903X,290 Miron Dr,Southlake,76092,817-442-9300,"THR/STT SOUTHLAKE ASC, LLC",Organization
1376942987,Virtuoso Surgery Center,ASC,261QA1903X,415 E Southlake Blvd Ste 202,Southlake,76092,817-416-8080,VIRTUOSO SURGERY CENTER,Organization
1821471640,Watermere Surgery Center LLC,ASC,261QA1903X,2815 W Southlake Blvd Ste 100,Southlake,76092,817-431-3200,WATERMERE SURGERY CENTER LLC,Organization
1487371431,Baylor Scott & White Surgicare Waxahachie LLC,ASC,261QA1903X,1434 W US Highway 287 Byp Ste 100,Waxahachie,75165,833-364-1210,BAYLOR SCOTT & WHITE SURGICARE WAXAHACHIE LLC,Organization
1588116743,"First Colony Surgery Center, LLC",ASC,261QA1903X,600 Ferris Avenue,Waxahachie,75165,972-636-5727,"FIRST COLONY SURGERY CENTER, LLC",Organization
1891674255,Baylor Scott & White Surgicare at Weatherford LLC,ASC,261QA1903X,1719 Martin Drive,Weatherford,76086,817-476-2919,BAYLOR SCOTT & WHITE SURGICARE AT WEATHERFORD LLC,Organization
1326088832,"Idc Operations, LP",ASC,261QA1903X,905 E. Eureka St,Weatherford,76086,817-598-8100,"IDC OPERATIONS, LP",Organization
1023338142,"Metdalspi, LLC",Hospital,282N00000X,17101 Dallas Parkway,Addison,75001,469-248-3900,"METDALSPI, LLC",Organization
1891187167,Conklin First Assist,Hospital,282N00000X,1807 Briarcliff Dr,Allen,75013,972-904-6376,CONKLIN FIRST ASSIST,Organization
1548291883,Texas Health Presbyterian Hospital Allen,Hospital,282N00000X,1105 Central Expresseway N.,Allen,75013,972-747-6197,TEXAS HEALTH PRESBYTERIAN HOSPITAL ALLEN,Organization
1316597156,"Acute Care Transitions, LLP",Hospital,282N00000X,2000 E Lamar Blvd Ste 600,Arlington,76006,817-496-9700,"ACUTE CARE TRANSITIONS, LLP",Organization
1346570710,"Arlington Orthopedic and Spine Hospital, LLC",Hospital,282N00000X,707 Highlander Blvd,Arlington,76015,817-583-7100,"ARLINGTON ORTHOPEDIC AND SPINE HOSPITAL, LLC",Organization
1134172406,Columbia Medical Center of Arlington Subsidiary LP,Hospital,282N00000X,3301 Matlock Rd,Arlington,76015,817-465-3241,COLUMBIA MEDICAL CENTER OF ARLINGTON SUBSIDIARY LP,Organization
1376993857,Primecare Emergency Center - Arlington LLC,Hospital,282N00000X,5912 S Cooper St Ste 110,Arlington,76017,682-323-8899,PRIMECARE EMERGENCY CENTER - ARLINGTON LLC,Organization
1922344167,Texas Health Arlington Memorial,Hospital,282N00000X,612 E Lamar Blvd,Arlington,76011,817-741-1489,TEXAS HEALTH ARLINGTON MEMORIAL,Organization
1174533343,Texas Health Arlington Memorial Hospital,Hospital,282N00000X,800 W Randol Mill Rd,Arlington,76012,817-548-6100,TEXAS HEALTH ARLINGTON MEMORIAL HOSPITAL,Organization
1659352987,"USMD Hospital at Arlington, LLC",Hospital,282N00000X,801 Interstate 20 W,Arlington,76017,817-472-3400,"USMD HOSPITAL AT ARLINGTON, LLC",Organization
1740305119,Texas Health Harris Methodist Hospital Azle,Hospital,282N00000X,108 Denver Trl,Azle,76020,817-250-2565,TEXAS HEALTH HARRIS METHODIST HOSPITAL AZLE,Organization
1932117983,Texas Health Harris Methodist Hospital Azle,Hospital,282N00000X,108 Denver Trl,Azle,76020,817-444-8780,TEXAS HEALTH HARRIS METHODIST HOSPITAL AZLE,Organization
1508899204,Texas Health Harris Methodist Hospital Azle,Hospital,282N00000X,108 Denver Trl,Azle,76020,817-444-8780,TEXAS HEALTH HARRIS METHODIST HOSPITAL AZLE,Organization
1467590851,Harris Methodist HEB,Hospital,282N00000X,1600 Hospital Pkwy,Bedford,76022,817-685-4000,HARRIS METHODIST HEB,Organization
1790801140,Harris Methodist HEB,Hospital,282N00000X,1600 Hospital Pkwy,Bedford,76022,817-685-4011,HARRIS METHODIST HEB,Organization
1750509998,Harris Methodist Hospital HEB,Hospital,282N00000X,1600 Hospital Pkwy,Bedford,76022,817-685-4000,HARRIS METHODIST HOSPITAL HEB,Organization
1104845015,Texas Health Harris Methodist Hospital Hurst-Euless-Bedford,Hospital,282N00000X,1600 Hospital Pkwy,Bedford,76022,817-685-4011,TEXAS HEALTH HARRIS METHODIST HOSPITAL HURST-EULESS-BEDFORD,Organization
1295745362,Texas Health Harris Methodist Hospital Hurst-Euless-Bedford,Hospital,282N00000X,1600 Hospital Pkwy,Bedford,76022,817-685-4011,TEXAS HEALTH HARRIS METHODIST HOSPITAL HURST-EULESS-BEDFORD,Organization
1790161560,Debra Tahmahkera,Hospital,282N00000X,1555 Broad Valley Dr,Burleson,76028,817-929-6050,DEBRA TAHMAHKERA,Organization
1679903967,"EBD BEMC Burleson, LLC",Hospital,282N00000X,12500 South Fwy,Burleson,76028,214-294-6250,"EBD BEMC BURLESON, LLC",Organization
1962789537,"Jana Picton RN, FNP",Hospital,282N00000X,11797 South Fwy Ste 338,Burleson,76028,817-568-3274,"JANA PICTON RN, FNP",Organization
1558270082,"Texas Health Huguley, INC",Hospital,282N00000X,12001 South Fwy Ste 100,Burleson,76028,817-293-9110,"TEXAS HEALTH HUGULEY, INC",Organization
1538078993,"Texas Health Huguley, INC",Hospital,282N00000X,215 Old Highway 1187,Burleson,76028,817-568-5934,"TEXAS HEALTH HUGULEY, INC",Organization
1992614333,"Texas Health Huguley, INC",Hospital,282N00000X,12001 South Fwy Ste 301,Burleson,76028,817-293-9110,"TEXAS HEALTH HUGULEY, INC",Organization
1932018017,"Texas Health Huguley, INC",Hospital,282N00000X,667 NE Alsbury Blvd,Burleson,76028,817-447-2165,"TEXAS HEALTH HUGULEY, INC",Organization
1033120423,"Texas Health Huguley, INC.",Hospital,282N00000X,11801 South Fwy,Burleson,76028,817-551-2740,"TEXAS HEALTH HUGULEY, INC.",Organization
1184990012,"Texas Health Huguley, INC.",Hospital,282N00000X,11801 South Fwy,Burleson,76028,817-293-9110,"TEXAS HEALTH HUGULEY, INC.",Organization
1316505043,Ethicus Hospital DFW LLC,Hospital,282N00000X,1401 E Trinity Mills Rd,Carrollton,75006,469-289-6109,ETHICUS HOSPITAL DFW LLC,Organization
1336533595,First Texas Hospital Carrollton LLC,Hospital,282N00000X,1401 E. Trinity Mills Rd,Carrollton,75006,972-810-0700,FIRST TEXAS HOSPITAL CARROLLTON LLC,Organization
1184262800,Sana Healthcare Carrollton,Hospital,282N00000X,4343 N Josey Ln,Carrollton,75010,972-492-1010,SANA HEALTHCARE CARROLLTON,Organization
1902839707,"Tenet Healthsystem Hospitals Dallas, INC.",Hospital,282N00000X,4343 N Josey Ln,Carrollton,75010,972-492-1010,"TENET HEALTHSYSTEM HOSPITALS DALLAS, INC.",Organization
1073294740,Methodist Hospitals of Dallas,Hospital,282N00000X,1500 S Dallas Pkwy,Celina,75009,214-947-4180,METHODIST HOSPITALS OF DALLAS,Organization
1396778064,Texas Health Harris Methodist Hospital Cleburne,Hospital,282N00000X,201 Walls Dr,Cleburne,76033,817-556-7799,TEXAS HEALTH HARRIS METHODIST HOSPITAL CLEBURNE,Organization
1104735331,"Texas Health Huguley, INC",Hospital,282N00000X,1014 N Nolan River Rd Unit A,Cleburne,76033,817-641-8617,"TEXAS HEALTH HUGULEY, INC",Organization
1225153695,Walls Regional Hospital,Hospital,282N00000X,201 Walls Dr,Cleburne,76033,817-556-4294,WALLS REGIONAL HOSPITAL,Organization
1427624709,"Healthcare Hl Emergency Services, LLC",Hospital,282N00000X,720 N Denton Tap Rd Ste 100,Coppell,75019,214-469-2500,"HEALTHCARE HL EMERGENCY SERVICES, LLC",Organization
1144274226,Navarro Hospital LP,Hospital,282N00000X,3201 W Highway 22,Corsicana,75110,903-654-6800,NAVARRO HOSPITAL LP,Organization
1235711748,Advanced Dallas Hospital & Clinics LLC,Hospital,282N00000X,7502 Greenville Ave,Dallas,75231,713-790-1666,ADVANCED DALLAS HOSPITAL & CLINICS LLC,Organization
1881017531,"Anesthesia Consultants of Dallas, LLP",Hospital,282N00000X,1441 N Beckley Ave,Dallas,75203,214-947-8181,"ANESTHESIA CONSULTANTS OF DALLAS, LLP",Organization
1073054250,Baylor College of Medicine,Hospital,282N00000X,6504 Barkwood Ln,Dallas,75248,214-801-5677,BAYLOR COLLEGE OF MEDICINE,Organization
1053319798,Baylor Specialty Health Centers,Hospital,282NC2000X,3301 Swiss Ave,Dallas,75204,214-820-9743,BAYLOR SPECIALTY HEALTH CENTERS,Organization
1942348354,Baylor University Medical Center,Hospital,282N00000X,3500 Gaston Ave,Dallas,75246,214-820-1934,BAYLOR UNIVERSITY MEDICAL CENTER,Organization
1447597240,Baylor University Medical Center,Hospital,282N00000X,3500 Gaston Ave,Dallas,75246,214-820-6202,BAYLOR UNIVERSITY MEDICAL CENTER,Organization
1447250253,Baylor University Medical Center,Hospital,282N00000X,3500 Gaston Ave,Dallas,75246,214-820-0111,BAYLOR UNIVERSITY MEDICAL CENTER,Organization
1598138919,"Bt East Dallas Jv, LLP",Hospital,282N00000X,9440 Poppy Dr,Dallas,75218,214-324-6100,"BT EAST DALLAS JV, LLP",Organization
1194743013,Children's Health System of Texas,Hospital,282NC2000X,1935 Medical District Dr,Dallas,75235,214-456-1900,CHILDREN'S HEALTH SYSTEM OF TEXAS,Organization
1003912197,Children's Medical Center,Hospital,282NC2000X,1935 Motor St,Dallas,75235,214-456-6660,CHILDREN'S MEDICAL CENTER,Organization
1700183860,Children's Medical Center Dallas,Hospital,282NC2000X,1935 Medical District Dr,Dallas,75235,214-456-7354,CHILDREN'S MEDICAL CENTER DALLAS,Organization
1346306719,Children's Medical Center of Dallas,Hospital,282NC2000X,1935 Motor St,Dallas,75235,214-456-2550,CHILDREN'S MEDICAL CENTER OF DALLAS,Organization
1851458038,Childrens Medical Center Dallas,Hospital,282NC2000X,1935 Motor St,Dallas,75235,214-456-5614,CHILDRENS MEDICAL CENTER DALLAS,Organization
1861683146,Childrens Medical Center of Dallas,Hospital,282NC2000X,1935 Motor St,Dallas,75235,214-456-8000,CHILDRENS MEDICAL CENTER OF DALLAS,Organization
1689628984,Columbia Hospital at Medical City Dallas Subsidiary LP,Hospital,282N00000X,7777 Forest Ln,Dallas,75230,972-566-7000,COLUMBIA HOSPITAL AT MEDICAL CITY DALLAS SUBSIDIARY LP,Organization
1851599245,Columbia Hospital at Medical City Dallas Subsidiary LP,Hospital,282N00000X,7777 Forest Ln,Dallas,75230,469-420-7602,COLUMBIA HOSPITAL AT MEDICAL CITY DALLAS SUBSIDIARY LP,Organization
1023180502,Columbia Hospital at Medical City Dallas Subsidiary LP,Hospital,282N00000X,7777 Forest Ln,Dallas,75230,972-566-7000,COLUMBIA HOSPITAL AT MEDICAL CITY DALLAS SUBSIDIARY LP,Organization
1487851655,"Critical Access Healthcare, LLC",Hospital,282NR1301X,7557 Rambler Rd,Dallas,75231,214-365-2103,"CRITICAL ACCESS HEALTHCARE, LLC",Organization
1215178264,Dallas County Hospital Dist.,Hospital,282N00000X,2900 McKinnon St Apt 1605,Dallas,75201,972-413-6600,DALLAS COUNTY HOSPITAL DIST.,Organization
1932123247,Dallas County Hospital District,Hospital,282N00000X,5200 Harry Hines Blvd,Dallas,75235,214-590-8006,DALLAS COUNTY HOSPITAL DISTRICT,Organization
1356691489,Dallas Emergency Physicians,Hospital,282N00000X,11042 Wallbrook Dr.,Dallas,75238,469-877-0336,DALLAS EMERGENCY PHYSICIANS,Organization
1356538839,Dallas Medical Center LLC,Hospital,282N00000X,7 Medical Pkwy,Dallas,75234,972-888-7001,DALLAS MEDICAL CENTER LLC,Organization
1861690364,Dallas Medical Center LLC,Hospital,282N00000X,7 Medical Parkway,Dallas,75234,972-247-1000,DALLAS MEDICAL CENTER LLC,Organization
1770014771,Dallas Pulmonary Associates Critical Care,Hospital,282NC0060X,221 W Colorado Blvd,Dallas,75208,214-960-5681,DALLAS PULMONARY ASSOCIATES CRITICAL CARE,Organization
1104296391,Dallas VA Medical Center,Hospital,282N00000X,4500 S Lancaster Rd,Dallas,75216,214-857-0365,DALLAS VA MEDICAL CENTER,Organization
1174572416,Dallas VAMC,Hospital,282N00000X,4500 S Lancaster Rd,Dallas,75216,615-355-3451,DALLAS VAMC,Organization
1003087412,Dallas Veterans Administration Medical Center,Hospital,282N00000X,4500 S Lancaster Rd,Dallas,75216,214-857-0130,DALLAS VETERANS ADMINISTRATION MEDICAL CENTER,Organization
1770634115,Dallas Veterans Affairs Medical Center,Hospital,282N00000X,1401 W Jefferson Blvd,Dallas,75208,214-415-3804,DALLAS VETERANS AFFAIRS MEDICAL CENTER,Organization
1679847628,Defense Finance,Hospital,282NC0060X,4500 S Lancaster Rd,Dallas,75216,214-857-1660,DEFENSE FINANCE,Organization
1124484290,Delta Healthcare Providers,Hospital,282N00000X,1755 Wittington Pl,Dallas,75234,866-221-5405,DELTA HEALTHCARE PROVIDERS,Organization
1336396274,Denton Regional Medical Ceneer,Hospital,282NR1301X,1333 Skiles St,Dallas,75204,214-529-5266,DENTON REGIONAL MEDICAL CENEER,Organization
1295982882,Denton Regional Medical Center,Hospital,282N00000X,1333 Skiles St,Dallas,75204,214-823-6964,DENTON REGIONAL MEDICAL CENTER,Organization
1376969741,Dufek Massif Hospital Corporation,Hospital,282N00000X,2929 S Hampton Rd,Dallas,75224,214-623-4400,DUFEK MASSIF HOSPITAL CORPORATION,Organization
1659543429,Forest Park Medical Center LLC,Hospital,282N00000X,11990 N Central Expy,Dallas,75243,469-624-5752,FOREST PARK MEDICAL CENTER LLC,Organization
1467805887,"George P. Shropulos, M.D.",Hospital,282N00000X,4634 Rockaway Dr,Dallas,75214,214-534-3942,"GEORGE P. SHROPULOS, M.D.",Organization
1093956070,Lthm Dallas - Operations LLC,Hospital,282N00000X,2929 S Hampton Rd,Dallas,75224,214-623-4400,LTHM DALLAS - OPERATIONS LLC,Organization
1225383524,Methodist Hospital,Hospital,282N00000X,1441 N Beckley Ave,Dallas,75203,214-947-8181,METHODIST HOSPITAL,Organization
1275592131,Methodist Hospitals of Dallas,Hospital,282N00000X,3500 W Wheatland Rd,Dallas,75237,214-947-7777,METHODIST HOSPITALS OF DALLAS,Organization
1528027786,Methodist Hospitals of Dallas,Hospital,282N00000X,1441 N Beckley Ave,Dallas,75203,214-947-8181,METHODIST HOSPITALS OF DALLAS,Organization
1184911521,Methodist Hospitals of Dallas,Hospital,282N00000X,1441 N Beckley Ave,Dallas,75203,214-947-2315,METHODIST HOSPITALS OF DALLAS,Organization
1013066851,Methodist Hospitals of Dallas,Hospital,282N00000X,1441 N Beckley Ave,Dallas,75203,214-947-8181,METHODIST HOSPITALS OF DALLAS,Organization
1245638469,Minimally Invasive Interventional Associates,Hospital,282N00000X,10501 N Central Expy,Dallas,75231,214-382-3200,MINIMALLY INVASIVE INTERVENTIONAL ASSOCIATES,Organization
1386647717,"Msh Partners, LLC",Hospital,282N00000X,2727 E Lemmon Ave,Dallas,75204,214-443-3000,"MSH PARTNERS, LLC",Organization
1548236524,North Central Surgical Center L.L.P.,Hospital,282N00000X,9301 N Central Expressway,Dallas,75231,214-265-2810,NORTH CENTRAL SURGICAL CENTER L.L.P.,Organization
1073621306,North Texas Health Care System,Hospital,282N00000X,4500 S Lancaster Rd,Dallas,75216,214-742-8387,NORTH TEXAS HEALTH CARE SYSTEM,Organization
1033439732,Parkland Health and Hospital Systems,Hospital,282N00000X,5201 Harry Hines Blvd,Dallas,75235,214-786-4829,PARKLAND HEALTH AND HOSPITAL SYSTEMS,Organization
1710182217,Parkland Memorial Hospital-Dept of Orthopaedics,Hospital,282N00000X,5323 Harry Hines Blvd,Dallas,75390,214-648-4712,PARKLAND MEMORIAL HOSPITAL-DEPT OF ORTHOPAEDICS,Organization
1134596331,"Pediatric Acute Care Associates of N.tx, PLLC",Hospital,282NC2000X,7777 Forest Ln,Dallas,75230,972-566-8340,"PEDIATRIC ACUTE CARE ASSOCIATES OF N.TX, PLLC",Organization
1659374585,Pine Creek Medical Center LLC,Hospital,282N00000X,9032 Harry Hines Blvd,Dallas,75235,214-231-2273,PINE CREEK MEDICAL CENTER LLC,Organization
1083112023,"Pipeline East Dallas, LLC",Hospital,282N00000X,9440 Poppy Dr,Dallas,75218,214-324-6100,"PIPELINE EAST DALLAS, LLC",Organization
1326253923,Presbyterian Hospital of Dallas,Hospital,282N00000X,8200 Walnut Hill Lane,Dallas,75231,214-345-7413,PRESBYTERIAN HOSPITAL OF DALLAS,Organization
1831499250,Reaspiratory,Hospital,282N00000X,4500 S Lancaster Rd,Dallas,75216,214-857-1508,REASPIRATORY,Organization
1790971612,Renaissance Hospital Dallas,Hospital,282N00000X,2929 S Hampton Rd,Dallas,75224,214-623-4400,RENAISSANCE HOSPITAL DALLAS,Organization
1851382717,Renaissance Hospital Dallas,Hospital,282N00000X,2929 S. Hampton Road,Dallas,75224,214-623-4400,RENAISSANCE HOSPITAL DALLAS,Organization
1740580166,Respiratory,Hospital,282N00000X,4500 S Lancaster Rd,Dallas,75216,214-742-8387,RESPIRATORY,Organization
1659777357,"Rita Martinez, CRNFA, LLC",Hospital,282N00000X,7324 Gaston Ave,Dallas,75214,214-298-8743,"RITA MARTINEZ, CRNFA, LLC",Organization
1932015542,Saint Raphael Health LLC,Hospital,282N00000X,8111 Meadow Rd,Dallas,75231,469-329-3700,SAINT RAPHAEL HEALTH LLC,Organization
1508199621,"Serge Lartchenko M.D., PLLC",Hospital,282N00000X,2320 Hugo St,Dallas,75204,214-300-1364,"SERGE LARTCHENKO M.D., PLLC",Organization
1689606220,"Tenet Healthsystem Hospitals Dallas, INC.",Hospital,282N00000X,7 Medical Pkwy,Dallas,75234,972-247-1000,"TENET HEALTHSYSTEM HOSPITALS DALLAS, INC.",Organization
1699705426,Tenet Hospitals Limited,Hospital,282N00000X,9440 Poppy Dr,Dallas,75218,214-324-6100,TENET HOSPITALS LIMITED,Organization
1396779948,Texas Health Presbyterian Hospital Dallas,Hospital,282N00000X,8200 Walnut Hill Lane,Dallas,75231,214-345-5634,TEXAS HEALTH PRESBYTERIAN HOSPITAL DALLAS,Organization
1609855139,Texas Heart Hospital of the Southwest LLC,Hospital,282N00000X,621 N Hall St,Dallas,75226,214-820-0670,TEXAS HEART HOSPITAL OF THE SOUTHWEST LLC,Organization
1770788168,"Texas Institute for Surgery, LLP",Hospital,282N00000X,7115 Greenville Ave,Dallas,75231,214-647-5300,"TEXAS INSTITUTE FOR SURGERY, LLP",Organization
1245201656,"Texas Institute for Surgery, LLP",Hospital,282N00000X,7115 Greenville Ave,Dallas,75231,214-647-5359,"TEXAS INSTITUTE FOR SURGERY, LLP",Organization
1760681266,UT Southwestern,Hospital,282NC2000X,1935 Motor St,Dallas,75235,214-456-6660,UT SOUTHWESTERN,Organization
1245592997,UT Southwestern Medical Center,Hospital,282NC2000X,1935 Medical District Dr,Dallas,75235,214-456-1344,UT SOUTHWESTERN MEDICAL CENTER,Organization
1710159371,UT Southwestern Medical Center,Hospital,282N00000X,1801 Inwood Rd,Dallas,75390,214-648-9685,UT SOUTHWESTERN MEDICAL CENTER,Organization
1104102888,UT Southwestern Medical Center,Hospital,282N00000X,5161 Harry Hines Boulevard,Dallas,75390,214-648-7580,UT SOUTHWESTERN MEDICAL CENTER,Organization
1073651840,UT Southwestern Medical Center at Dallas,Hospital,282N00000X,5323 Harry Hines Blvd,Dallas,75390,214-648-7993,UT SOUTHWESTERN MEDICAL CENTER AT DALLAS,Organization
1821523648,University of Texas Southwestern,Hospital,282N00000X,UTSW Department of Psychiatry,Dallas,75390,214-648-7012,UNIVERSITY OF TEXAS SOUTHWESTERN,Organization
1285798918,University of Texas Southwestern Medical Center at Dallas,Hospital,282N00000X,6201 Harry Hines Blvd,Dallas,75390,214-633-4700,UNIVERSITY OF TEXAS SOUTHWESTERN MEDICAL CENTER AT DALLAS,Organization
1417010653,University of Texas Southwestern Medical Center at Dallas,Hospital,282N00000X,5151 Harry Hines Boulevard,Dallas,75390,214-590-3172,UNIVERSITY OF TEXAS SOUTHWESTERN MEDICAL CENTER AT DALLAS,Organization
1477807436,University of Texas Southwestern Medical Center at Dallas,Hospital,282N00000X,5323 Harry Hines Blvd,Dallas,75390,214-590-7252,UNIVERSITY OF TEXAS SOUTHWESTERN MEDICAL CENTER AT DALLAS,Organization
1760628978,University of Texas Southwestern Medical Center at Dallas,Hospital,282N00000X,Out Patient Building 6th Floor 1801 Inwood Rd,Dallas,75390,214-654-3858,UNIVERSITY OF TEXAS SOUTHWESTERN MEDICAL CENTER AT DALLAS,Organization
1538251160,VA Medical Center,Hospital,282N00000X,4500 S Lancaster Rd,Dallas,75216,214-857-4155,VA MEDICAL CENTER,Organization
1154439362,VA North Texas Health Care System,Hospital,282N00000X,4500 S Lancaster Rd,Dallas,75216,214-742-8387,VA NORTH TEXAS HEALTH CARE SYSTEM,Organization
1851303820,VA North Texas Health Care System,Hospital,282N00000X,4500 S Lancaster Rd,Dallas,75216,214-857-0142,VA NORTH TEXAS HEALTH CARE SYSTEM,Organization
1881880524,VA North Texas Health Care System,Hospital,282N00000X,4500 S Lancaster Rd,Dallas,75216,214-857-0363,VA NORTH TEXAS HEALTH CARE SYSTEM,Organization
1083056790,"Walnut Hill Physicians Hospital, LLC",Hospital,282N00000X,7502 Greenville Avenue,Dallas,75231,214-502-7077,"WALNUT HILL PHYSICIANS HOSPITAL, LLC",Organization
1437591153,West Coast University,Hospital,282N00000X,8435 N Stemmons Fwy,Dallas,75247,214-254-4606,WEST COAST UNIVERSITY,Organization
1538345350,Gulf States Ltac of Dallas South LLC,Hospital,282N00000X,2700 Walker Way,DeSoto,75115,225-906-4006,GULF STATES LTAC OF DALLAS SOUTH LLC,Organization
1821205840,Hospital,Hospital,282N00000X,605 Austin Dr,DeSoto,75115,972-230-0854,HOSPITAL,Organization
1306897277,Columbia Medical Center of Denton Subsidiary LP,Hospital,282N00000X,3535 S I-35 E,Denton,76210,940-384-3535,COLUMBIA MEDICAL CENTER OF DENTON SUBSIDIARY LP,Organization
1093185225,"North Texas Long Term Care , P.A.",Hospital,282N00000X,3105 Colorado Blvd,Denton,76210,940-383-3444,"NORTH TEXAS LONG TERM CARE , P.A.",Organization
1003883158,Texas Health Presbyterian Hospital Denton,Hospital,282N00000X,3000 North I 35,Denton,76201,940-898-7000,TEXAS HEALTH PRESBYTERIAN HOSPITAL DENTON,Organization
1669213831,Thhbp Management Company LLC,Hospital,282N00000X,2813 S Mayhill Rd,Denton,76208,940-565-8580,THHBP MANAGEMENT COMPANY LLC,Organization
1841637253,Thhbp Management Company LLC,Hospital,282N00000X,2801 S Mayhill Rd,Denton,76208,469-814-3278,THHBP MANAGEMENT COMPANY LLC,Organization
1194753590,Thhbp Management Company LLC,Hospital,282N00000X,2801 S Mayhill Rd,Denton,76208,940-220-0600,THHBP MANAGEMENT COMPANY LLC,Organization
1962712166,"Flower Mound Hospital Partners, LLC",Hospital,282N00000X,4400 Long Prairie Rd,Flower Mound,75028,972-419-6704,"FLOWER MOUND HOSPITAL PARTNERS, LLC",Organization
1902047376,"Flower Mound Hospital Partners, LLC",Hospital,282N00000X,4400 Long Prairie Road,Flower Mound,75028,972-419-6704,"FLOWER MOUND HOSPITAL PARTNERS, LLC",Organization
1669472387,Baylor All Saints Medical Center,Hospital,282N00000X,1400 8th Ave,Fort Worth,76104,817-922-1535,BAYLOR ALL SAINTS MEDICAL CENTER,Organization
1972640316,Baylor All Saints Medical Center,Hospital,282N00000X,1400 8th Ave,Fort Worth,76104,817-922-1957,BAYLOR ALL SAINTS MEDICAL CENTER,Organization
1659323772,Columbia Plaza Medical Center of Fort Worth Subsidiary LP,Hospital,282N00000X,900 8th Ave,Fort Worth,76104,817-336-2100,COLUMBIA PLAZA MEDICAL CENTER OF FORT WORTH SUBSIDIARY LP,Organization
1891765178,Cook Children's Medical Center,Hospital,282NC2000X,801 7th Ave,Fort Worth,76104,682-885-4000,COOK CHILDREN'S MEDICAL CENTER,Organization
1427682137,Decatur Hospital Authority,Hospital,282N00000X,3200 N Tarrant Pkwy,Fort Worth,76177,817-502-7300,DECATUR HOSPITAL AUTHORITY,Organization
1407229529,Decatur Hospital Authority,Hospital,282N00000X,3200 N Tarrant Pkwy,Fort Worth,76177,817-502-7300,DECATUR HOSPITAL AUTHORITY,Organization
1699288571,"Dr. I. V. Singh, PLLC",Hospital,282NC0060X,1301 Pennsylvania Ave,Fort Worth,76104,817-914-2963,"DR. I. V. SINGH, PLLC",Organization
1457278350,"EBD BEMC Burleson, LLC",Hospital,282N00000X,2952 Highway 114,Fort Worth,76177,713-929-2076,"EBD BEMC BURLESON, LLC",Organization
1275884165,Federal Bureau of Prisons,Hospital,282N00000X,"J Street, Bldg 3000",Fort Worth,76127,817-782-4001,FEDERAL BUREAU OF PRISONS,Organization
1831515550,"Forest Park Mecial Center at Fort Worth, LLC",Hospital,282N00000X,5400 Clearfork Main St,Fort Worth,76107,817-731-8585,"FOREST PARK MECIAL CENTER AT FORT WORTH, LLC",Organization
1144333691,"Fort Worth Osteopathc Hospital, INC.",Hospital,282N00000X,1000 Montgomery St,Fort Worth,76107,214-651-6508,"FORT WORTH OSTEOPATHC HOSPITAL, INC.",Organization
1952739179,"Fort Worth Surgicare Partners, Ltd",Hospital,282N00000X,750 12th Ave,Fort Worth,76104,817-334-5050,"FORT WORTH SURGICARE PARTNERS, LTD",Organization
1871599183,"Fort Worth Surgicare Partners, Ltd.",Hospital,282N00000X,1800 Park Place Ave,Fort Worth,76110,682-703-5600,"FORT WORTH SURGICARE PARTNERS, LTD.",Organization
1447376892,Harris Methodist Fort Worth,Hospital,282N00000X,1301 Pennsylvania Ave,Fort Worth,76104,817-882-3770,HARRIS METHODIST FORT WORTH,Organization
1598880940,Harris Methodist Southwest,Hospital,282N00000X,6100 Harris Pkwy,Fort Worth,76132,817-433-6565,HARRIS METHODIST SOUTHWEST,Organization
1366740177,Huguley Memorial Medical Center,Hospital,282N00000X,11801 South Freeway,Fort Worth,76115,817-293-9110,HUGULEY MEMORIAL MEDICAL CENTER,Organization
1215248265,JPS,Hospital,282N00000X,1500 S Main St,Fort Worth,76104,817-921-3431,JPS,Organization
1457509242,JPS Health,Hospital,282N00000X,1500 S Main St,Fort Worth,76104,817-921-3431,JPS HEALTH,Organization
1477799518,JPS Health,Hospital,282NC0060X,1500 S Main St,Fort Worth,76104,817-927-3887,JPS HEALTH,Organization
1184619082,JPS Physician Group INC,Hospital,282N00000X,1500 S Main St,Fort Worth,76104,817-852-8440,JPS PHYSICIAN GROUP INC,Organization
1487054789,John Peter Smith Hospital,Hospital,282NC0060X,1500 S Main St,Fort Worth,76104,817-702-3431,JOHN PETER SMITH HOSPITAL,Organization
1649681412,John Peter Smith Hospital,Hospital,282N00000X,1500 S Main St,Fort Worth,76104,817-927-1370,JOHN PETER SMITH HOSPITAL,Organization
1093088684,John Peter Smith Hospital Orthopedics,Hospital,282N00000X,1500 S Main St,Fort Worth,76104,817-927-1321,JOHN PETER SMITH HOSPITAL ORTHOPEDICS,Organization
1174258651,Junxion Med Staffing LLC,Hospital,282N00000X,2100 N Main St Ste 210,Fort Worth,76164,817-242-0300,JUNXION MED STAFFING LLC,Organization
1871911016,North Texas - MCA LLC,Hospital,282N00000X,3101 N Tarrant Pkwy,Fort Worth,76177,817-639-1100,NORTH TEXAS - MCA LLC,Organization
1427340728,Plaza Medical Center,Hospital,282N00000X,900 8th Ave,Fort Worth,76104,817-336-2100,PLAZA MEDICAL CENTER,Organization
1821322595,Prasanna K.n.kumar M.D. F.r.c.s. P.A.,Hospital,282N00000X,3813 Diamond Loch W,Fort Worth,76180,817-589-2517,PRASANNA K.N.KUMAR M.D. F.R.C.S. P.A.,Organization
1992753222,Tarrant County Hospital District,Hospital,282N00000X,1500 S Main St,Fort Worth,76104,817-927-1232,TARRANT COUNTY HOSPITAL DISTRICT,Organization
1215296884,Texas Health Harris Methodist Hospital Alliance,Hospital,282N00000X,10864 Texas Health Trl,Fort Worth,76244,682-212-2000,TEXAS HEALTH HARRIS METHODIST HOSPITAL ALLIANCE,Organization
1407866064,Texas Health Harris Methodist Hospital Fort Worth,Hospital,282N00000X,1301 Pennsylvania Ave,Fort Worth,76104,817-882-3770,TEXAS HEALTH HARRIS METHODIST HOSPITAL FORT WORTH,Organization
1336172105,Texas Health Harris Methodist Hospital Fort Worth,Hospital,282N00000X,1301 Pennsylvania Ave,Fort Worth,76104,817-882-3770,TEXAS HEALTH HARRIS METHODIST HOSPITAL FORT WORTH,Organization
1538177589,Texas Health Harris Methodist Hospital Southwest Fort Worth,Hospital,282N00000X,6100 Harris Pkwy,Fort Worth,76132,817-433-6565,TEXAS HEALTH HARRIS METHODIST HOSPITAL SOUTHWEST FORT WORTH,Organization
1417980202,Texas Health Harris Methodist Hospital Southwest Fort Worth,Hospital,282N00000X,6100 Harris Pkwy,Fort Worth,76132,817-433-6565,TEXAS HEALTH HARRIS METHODIST HOSPITAL SOUTHWEST FORT WORTH,Organization
1649189846,"Texas Health Huguley, INC",Hospital,282N00000X,5950 Bryant Irvin Rd Ste 100,Fort Worth,76132,817-294-4646,"TEXAS HEALTH HUGULEY, INC",Organization
1568656502,"USMD Hospital at Fort Worth, L.P.",Hospital,282N00000X,5900 Dirks Rd,Fort Worth,76132,817-433-9100,"USMD HOSPITAL AT FORT WORTH, L.P.",Organization
1003208091,"Victory Medical Center Fort Worth, LP",Hospital,282N00000X,600 South Main,Fort Worth,76104,281-863-2100,"VICTORY MEDICAL CENTER FORT WORTH, LP",Organization
1801826839,Baylor Scott & White Medical Center - Centennial,Hospital,282N00000X,12505 Lebanon Rd,Frisco,75035,972-963-3333,BAYLOR SCOTT & WHITE MEDICAL CENTER - CENTENNIAL,Organization
1851108765,Baylor Scott & White Medical Centers - Greater North Texas,Hospital,282N00000X,7600 Better Way,Frisco,75034,945-339-1000,BAYLOR SCOTT & WHITE MEDICAL CENTERS - GREATER NORTH TEXAS,Organization
1801162250,"Forest Park Medical Center at Frisco, LLC",Hospital,282N00000X,5500 Frisco Square Boulevard,Frisco,75034,214-618-0500,"FOREST PARK MEDICAL CENTER AT FRISCO, LLC",Organization
1922002674,Frisco Medical Center LLP,Hospital,282N00000X,5601 Warren Pkwy,Frisco,75034,214-407-5000,FRISCO MEDICAL CENTER LLP,Organization
1104381292,Texas Health Hospital Frisco,Hospital,282N00000X,12400 Dallas Pkwy,Frisco,75033,469-495-2000,TEXAS HEALTH HOSPITAL FRISCO,Organization
1386330298,Texas Healthcare Holding,Hospital,282N00000X,5018 Preston Road,Frisco,75034,214-548-0351,TEXAS HEALTHCARE HOLDING,Organization
1174795207,Affinity Hospital Dallas,Hospital,282N00000X,2696 W Walnut St,Garland,75042,972-487-2426,AFFINITY HOSPITAL DALLAS,Organization
1710007927,Bariatric Center of Dallas,Hospital,282N00000X,2696 W Walnut St,Garland,75042,972-270-4800,BARIATRIC CENTER OF DALLAS,Organization
1932729803,Dallas VAMC,Hospital,282N00000X,2300 Marie Curie Dr,Garland,75042,615-355-3451,DALLAS VAMC,Organization
1528081429,Vista Hospital of Dallas,Hospital,282N00000X,2696 W Walnut St,Garland,75042,713-378-3000,VISTA HOSPITAL OF DALLAS,Organization
1093979510,ZMK Management,Hospital,282N00000X,2696 W Walnut St,Garland,75042,972-566-2263,ZMK MANAGEMENT,Organization
1114998911,Granbury Hospital Corporation,Hospital,282N00000X,1310 Paluxy Rd,Granbury,76048,817-573-2273,GRANBURY HOSPITAL CORPORATION,Organization
1831629526,"EBD BEMC Burleson, LLC",Hospital,282N00000X,3095 Kingswood Blvd,Grand Prairie,75052,713-637-1146,"EBD BEMC BURLESON, LLC",Organization
1487366712,Grand Prairie Medical Center LLC,Hospital,282N00000X,2709 Hospital Blvd,Grand Prairie,75051,504-669-7496,GRAND PRAIRIE MEDICAL CENTER LLC,Organization
1245523372,Texas General Hospital LP,Hospital,282N00000X,2709 Hospital Blvd,Grand Prairie,75051,469-999-0000,TEXAS GENERAL HOSPITAL LP,Organization
1194327437,Innate Hospital LLC,Hospital,282N00000X,707 N Waldrip St,Grand Saline,75140,469-215-3494,INNATE HOSPITAL LLC,Organization
1720474919,Texas General Hospital - Vzrmc LP,Hospital,282N00000X,707 N Waldrip St,Grand Saline,75140,903-717-3300,TEXAS GENERAL HOSPITAL - VZRMC LP,Organization
1073511762,Baylor Regional Medical Center at Grapevine,Hospital,282N00000X,1650 W College St,Grapevine,76051,817-481-1588,BAYLOR REGIONAL MEDICAL CENTER AT GRAPEVINE,Organization
1699976852,"Ethicus Hospital-Grapevine, LP",Hospital,282N00000X,4201 William D Tate,Grapevine,76051,817-288-1314,"ETHICUS HOSPITAL-GRAPEVINE, LP",Organization
1750749313,"PSG Mid-Cities Medical Center, LLC",Hospital,282N00000X,1612 Hurst Town Center Dr,Hurst,76054,214-572-7131,"PSG MID-CITIES MEDICAL CENTER, LLC",Organization
1992700983,Baylor Medical Center at Irving,Hospital,282N00000X,1901 N Macarthur Blvd,Irving,75061,972-579-8104,BAYLOR MEDICAL CENTER AT IRVING,Organization
1881746030,Christus Health,Hospital,282N00000X,6363 N State Highway 161,Irving,75038,214-492-8500,CHRISTUS HEALTH,Organization
1902857766,Columbia Medical Center of Las Colinas INC,Hospital,282N00000X,6800 N Macarthur Blvd,Irving,75039,972-969-2084,COLUMBIA MEDICAL CENTER OF LAS COLINAS INC,Organization
1619295508,Columbia Medical Center of Las Colinas INC,Hospital,282N00000X,6800 N Macarthur Blvd,Irving,75039,972-969-2084,COLUMBIA MEDICAL CENTER OF LAS COLINAS INC,Organization
1669569984,Irving-Coppell Surgical Hospital LLP,Hospital,282N00000X,400 West I-635,Irving,75063,972-868-4000,IRVING-COPPELL SURGICAL HOSPITAL LLP,Organization
1124525860,Community Birth Group,Hospital,282N00000X,403 S Washington St,Kaufman,75142,800-341-8598,COMMUNITY BIRTH GROUP,Organization
1104976703,Texas Health Presbyterian Hospital Kaufman,Hospital,282N00000X,850 Ed Hall Drive,Kaufman,75142,972-932-7255,TEXAS HEALTH PRESBYTERIAN HOSPITAL KAUFMAN,Organization
1457382798,Texas Health Presbyterian Hospital Kaufman,Hospital,282N00000X,850 Ed Hall Drive,Kaufman,75142,972-932-7255,TEXAS HEALTH PRESBYTERIAN HOSPITAL KAUFMAN,Organization
1689002651,"EBD BEMC Burleson, LLC",Hospital,282N00000X,620 S Main St,Keller,76248,214-294-6100,"EBD BEMC BURLESON, LLC",Organization
1851632616,"Lancaster Regional Hospital, LP",Hospital,282N00000X,2600 W Pleasant Run Rd,Lancaster,75146,972-230-8888,"LANCASTER REGIONAL HOSPITAL, LP",Organization
1255384533,Columbia Medical Center of Lewisville Subsidiary LP,Hospital,282N00000X,500 W Main St,Lewisville,75057,972-420-1000,COLUMBIA MEDICAL CENTER OF LEWISVILLE SUBSIDIARY LP,Organization
1538528278,Ochsner Health Partners Hospital,Hospital,282N00000X,2941 Lake Vista Dr,Lewisville,75067,972-899-6666,OCHSNER HEALTH PARTNERS HOSPITAL,Organization
1235531385,Deo Bhati M.D.,Hospital,282NR1301X,3 Pond View Ct,Mansfield,76063,817-658-3032,DEO BHATI M.D.,Organization
1598196206,"EBD BEMC Burleson, LLC",Hospital,282N00000X,1776 Highway 287 N Ste 100,Mansfield,76063,,"EBD BEMC BURLESON, LLC",Organization
1629742341,ER of Texas Mansfield,Hospital,282N00000X,1710 US 287 Frontage Road,Mansfield,76063,214-548-0351,ER OF TEXAS MANSFIELD,Organization
1689629941,Methodist Hospitals of Dallas,Hospital,282N00000X,2700 E Broad St,Mansfield,76063,682-622-2000,METHODIST HOSPITALS OF DALLAS,Organization
1205753472,Rise Community Hospital DFW LLC,Hospital,282N00000X,1710 Highway 287 N Ste 300,Mansfield,76063,855-590-7473,RISE COMMUNITY HOSPITAL DFW LLC,Organization
1356960132,Texas Health Hospital Mansfield,Hospital,282N00000X,2300 Lone Star Rd,Mansfield,76063,682-385-7108,TEXAS HEALTH HOSPITAL MANSFIELD,Organization
1588573729,"Texas Health Huguley, INC",Hospital,282N00000X,2300 Lone Star Rd,Mansfield,76063,817-551-2706,"TEXAS HEALTH HUGULEY, INC",Organization
1073987822,"Amin Transitions MHT, LLC",Hospital,282N00000X,1575 Heritage Dr,McKinney,75069,844-633-4663,"AMIN TRANSITIONS MHT, LLC",Organization
1124305065,Baylor Scott & White Medical Centers - Greater North Texas,Hospital,282N00000X,5252 W University Dr,McKinney,75071,469-764-1000,BAYLOR SCOTT & WHITE MEDICAL CENTERS - GREATER NORTH TEXAS,Organization
1356674295,"CR Emergency Room, LLC",Hospital,282N00000X,6045 Alma Road,McKinney,75070,972-347-2525,"CR EMERGENCY ROOM, LLC",Organization
1437102639,Columbia Medical Center of McKinney Subsidiary LP,Hospital,282N00000X,4500 Medical Center Dr,McKinney,75069,972-547-8000,COLUMBIA MEDICAL CENTER OF MCKINNEY SUBSIDIARY LP,Organization
1497708598,Columbia Medical Center of McKinney Subsidiary LP,Hospital,282N00000X,4500 Medical Center Dr,McKinney,75069,972-547-8000,COLUMBIA MEDICAL CENTER OF MCKINNEY SUBSIDIARY LP,Organization
1184859043,Craig Ranch Hospital LLC,Hospital,282N00000X,6045 Alma Road,McKinney,75070,214-547-2700,CRAIG RANCH HOSPITAL LLC,Organization
1437522703,Frisco Transitions MHT,Hospital,282N00000X,1515 Heritage Dr,McKinney,75069,972-616-4932,FRISCO TRANSITIONS MHT,Organization
1407229727,Guerra Transitions MHT LLC,Hospital,282N00000X,1515 Heritage Dr,McKinney,75069,844-633-4663,GUERRA TRANSITIONS MHT LLC,Organization
1518330836,Mesquite Transitions MHT LLC,Hospital,282N00000X,1515 Heritage Dr,McKinney,75069,844-633-4663,MESQUITE TRANSITIONS MHT LLC,Organization
1952538431,Methodist McKinney Hospital LLC,Hospital,282N00000X,8000 W Eldorado Pkwy,McKinney,75070,972-569-2700,METHODIST MCKINNEY HOSPITAL LLC,Organization
1881068641,"Schnaiderman ACTT MHT, LLC",Hospital,282N00000X,1575 Heritage Dr,McKinney,75069,844-633-4663,"SCHNAIDERMAN ACTT MHT, LLC",Organization
1962880591,Sherinbabu,Hospital,282N00000X,1313 Salado Pass,McKinney,75070,469-258-1998,SHERINBABU,Organization
1164867198,"Victory Medical Center Craig Ranch, LP",Hospital,282N00000X,6045 Alma Rd,McKinney,75070,281-863-2100,"VICTORY MEDICAL CENTER CRAIG RANCH, LP",Organization
1558303636,HMA Mesquite Hospital INC,Hospital,282N00000X,1011 N Galloway Ave,Mesquite,75149,214-320-7787,HMA MESQUITE HOSPITAL INC,Organization
1851347835,HMA Mesquite Hospital INC,Hospital,282N00000X,1011 N Galloway Ave,Mesquite,75149,214-320-7787,HMA MESQUITE HOSPITAL INC,Organization
1154455657,"HMA Mesquite Hospital, INC.",Hospital,282N00000X,1011 N Galloway Ave,Mesquite,75149,772-581-6226,"HMA MESQUITE HOSPITAL, INC.",Organization
1295777324,Lone Star HMA L P,Hospital,282N00000X,1101 N Galloway Ave,Mesquite,75149,972-270-3300,LONE STAR HMA L P,Organization
1962527309,"Lone Star HMA, L.P.",Hospital,282N00000X,3500 Interstate Hwy 30,Mesquite,75150,772-581-6226,"LONE STAR HMA, L.P.",Organization
1790174860,Prime Healthcare Services Mesquite LLC,Hospital,282N00000X,1011 N Galloway Ave,Mesquite,75149,214-320-7000,PRIME HEALTHCARE SERVICES MESQUITE LLC,Organization
1487271375,Methodist Hospitals of Dallas,Hospital,282N00000X,1201 E US Hwy 287,Midlothian,76065,682-242-6004,METHODIST HOSPITALS OF DALLAS,Organization
1518911833,Columbia North Hills Hospital Subsidiary LP,Hospital,282N00000X,4401 Booth Calloway Rd,North Richland Hills,76180,817-255-1000,COLUMBIA NORTH HILLS HOSPITAL SUBSIDIARY LP,Organization
1497275853,Alexander Tran MD PA,Hospital,282N00000X,6200 W Parker Rd,Plano,75093,214-663-0005,ALEXANDER TRAN MD PA,Organization
1851227029,American Specialty Hospital INC.,Hospital,282N00000X,2301 Marsh Ln,Plano,75093,586-604-2356,AMERICAN SPECIALTY HOSPITAL INC.,Organization
1649273434,Baylor Regional Medical Center at Plano,Hospital,282N00000X,4700 Alliance Blvd,Plano,75093,469-814-2000,BAYLOR REGIONAL MEDICAL CENTER AT PLANO,Organization
1871137513,"Canyon Atlantic - Plano, LLC",Hospital,282N00000X,2301 Marsh Ln,Plano,75093,972-820-2600,"CANYON ATLANTIC - PLANO, LLC",Organization
1720480627,Children's Health System of Texas,Hospital,282NC2000X,7601 Preston Rd,Plano,75024,214-456-8804,CHILDREN'S HEALTH SYSTEM OF TEXAS,Organization
1699726406,Columbia Medical Center of Plano Subsidiary LP,Hospital,282N00000X,3901 W 15th St,Plano,75075,972-596-6800,COLUMBIA MEDICAL CENTER OF PLANO SUBSIDIARY LP,Organization
1396798518,Columbia Medical Center of Plano Subsidiary LP,Hospital,282N00000X,3901 W 15th St,Plano,75075,469-420-7602,COLUMBIA MEDICAL CENTER OF PLANO SUBSIDIARY LP,Organization
1003495664,"Healthcare Hl Emergency Services, LLC",Hospital,282N00000X,2000 Dallas Pkwy Ste 100,Plano,75093,214-469-2500,"HEALTHCARE HL EMERGENCY SERVICES, LLC",Organization
1316933609,"Physicians Medical Center, LLC",Hospital,282N00000X,6020 W Parker Rd,Plano,75093,972-403-2700,"PHYSICIANS MEDICAL CENTER, LLC",Organization
1982809257,"Physicians Medical Center, LLC",Hospital,282N00000X,6020 W Parker Rd,Plano,75093,972-403-2791,"PHYSICIANS MEDICAL CENTER, LLC",Organization
1689068355,Plano Specialty Hospital Operator LLC,Hospital,282N00000X,1621 Coit Rd,Plano,75075,972-596-7930,PLANO SPECIALTY HOSPITAL OPERATOR LLC,Organization
1205203775,Plano Surgical Hospital,Hospital,282N00000X,2301 Marsh Ln,Plano,75093,972-820-2600,PLANO SURGICAL HOSPITAL,Organization
1184057309,"Star Medical Center, LLC",Hospital,282N00000X,4100 Mapleshade Lane,Plano,75093,972-265-1050,"STAR MEDICAL CENTER, LLC",Organization
1609927748,Texas Health Presbyterian Hospital Plano,Hospital,282N00000X,6200 W Parker Rd,Plano,75093,972-981-8079,TEXAS HEALTH PRESBYTERIAN HOSPITAL PLANO,Organization
1770514077,Texas Health Presbyterian Hospital Plano,Hospital,282N00000X,6200 W Parker Rd,Plano,75093,972-981-8079,TEXAS HEALTH PRESBYTERIAN HOSPITAL PLANO,Organization
1962504340,"Texas Heart Hospital of the Southwest, LLC",Hospital,282N00000X,1100 Allied Dr,Plano,75093,469-814-3278,"TEXAS HEART HOSPITAL OF THE SOUTHWEST, LLC",Organization
1922384114,Victory Medical Center Plano LP,Hospital,282N00000X,2301 Marsh Lane,Plano,75093,281-863-2100,VICTORY MEDICAL CENTER PLANO LP,Organization
1215609896,Cook Childrens Medical Center - Prosper,Hospital,282NC2000X,4100 W University Dr,Prosper,75078,945-204-4100,COOK CHILDRENS MEDICAL CENTER - PROSPER,Organization
1639434541,Baylor University Medical Center,Hospital,282N00000X,540 Buckingham Rd,Richardson,75081,347-759-1096,BAYLOR UNIVERSITY MEDICAL CENTER,Organization
1932084027,Coralvita Holdco LLC,Hospital,282N00000X,401 W Campbell Rd Ste 300,Richardson,75080,469-329-7300,CORALVITA HOLDCO LLC,Organization
1467890111,Diane Kim Huynh,Hospital,282N00000X,2600 Clear Spgs Apt 207,Richardson,75082,972-375-8708,DIANE KIM HUYNH,Organization
1831645415,Eminent Medical Center Operating LLC,Hospital,282N00000X,1351 W. President George Bush Hwy.,Richardson,75080,817-466-9333,EMINENT MEDICAL CENTER OPERATING LLC,Organization
1033165501,Methodist Hospitals of Dallas,Hospital,282N00000X,2831 E President George Bush Hwy,Richardson,75082,469-204-1000,METHODIST HOSPITALS OF DALLAS,Organization
1407344880,CR Emergency Room LLC,Hospital,282N00000X,1975 Alpha Dr Ste 100,Rockwall,75087,214-294-6200,CR EMERGENCY ROOM LLC,Organization
1952732653,EBD BEMC Rockwall LLC,Hospital,282N00000X,1975 Alpha Dr,Rockwall,75087,214-294-6200,EBD BEMC ROCKWALL LLC,Organization
1093803603,"Gaven, P.A.",Hospital,282N00000X,497 Saint Michaels Way,Rockwall,75032,972-722-0162,"GAVEN, P.A.",Organization
1629138029,"Rockwall Regional Hospital, LLC",Hospital,282N00000X,3150 Horizon Rd,Rockwall,75032,469-698-1000,"ROCKWALL REGIONAL HOSPITAL, LLC",Organization
1205018439,"Lake Pointe Operating Company, LLC",Hospital,282N00000X,6800 Scenic Dr,Rowlett,75088,972-412-2273,"LAKE POINTE OPERATING COMPANY, LLC",Organization
1861423352,"Lake Pointe Partners, Ltd.",Hospital,282N00000X,6800 Scenic Dr,Rowlett,75088,972-412-2273,"LAKE POINTE PARTNERS, LTD.",Organization
1932792561,"Trinity Regional Hospital Sachse, LLC",Hospital,282N00000X,4750 President George Bush Highway,Sachse,75048,601-310-6715,"TRINITY REGIONAL HOSPITAL SACHSE, LLC",Organization
1801134903,"Forest Park Medical Center at Southlake, LLC",Hospital,282N00000X,421 East State Highway 114,Southlake,76092,817-865-4400,"FOREST PARK MEDICAL CENTER AT SOUTHLAKE, LLC",Organization
1568818417,Methodist Hospitals of Dallas,Hospital,282N00000X,421 E State Highway 114,Southlake,76092,817-865-4400,METHODIST HOSPITALS OF DALLAS,Organization
1629064928,"Southlake Specialty Hospital, LLC",Hospital,282N00000X,1545 Southlake Blvd.,Southlake,76092,817-748-8784,"SOUTHLAKE SPECIALTY HOSPITAL, LLC",Organization
1255579389,"Texas Regional Medical Center, LLC",Hospital,282N00000X,231 S Collins Rd,Sunnyvale,75182,972-892-3000,"TEXAS REGIONAL MEDICAL CENTER, LLC",Organization
1154868503,"Healthcare Hl Emergency Services, LLC",Hospital,282N00000X,4780 State Highway 121,The Colony,75056,214-469-2500,"HEALTHCARE HL EMERGENCY SERVICES, LLC",Organization
1265430177,Baylor Medical Center at Waxahachie,Hospital,282N00000X,2400 N I 35 E,Waxahachie,75165,469-843-4000,BAYLOR MEDICAL CENTER AT WAXAHACHIE,Organization
1417471467,"Weatherford Health Services, LLC",Hospital,282N00000X,713 East Anderson Street,Weatherford,76086,682-582-1000,"WEATHERFORD HEALTH SERVICES, LLC",Organization
1982781852,Weatherford Texas Hospital Company LLC,Hospital,282N00000X,713 E Anderson St,Weatherford,76086,817-596-8751,WEATHERFORD TEXAS HOSPITAL COMPANY LLC,Organization
1821175290,Barix Clinics of Texas,Hospital,282N00000X,801 S Highway 78,Wylie,75098,972-429-8000,BARIX CLINICS OF TEXAS,Organization
1114655750,"Healthcare Hl Emergency Services, LLC",Hospital,282N00000X,508 S State Hwy 78,Wylie,75098,469-782-0620,"HEALTHCARE HL EMERGENCY SERVICES, LLC",Organization
1407169196,AMH Cath Labs LLC,Specialty hospital,284300000X,811 Wright St,Arlington,76012,972-419-6704,AMH CATH LABS LLC,Organization
1174240857,"Nexus Children's Hospital- Dallas, LLC",Specialty hospital,284300000X,9525 Greenville Ave,Dallas,75243,713-355-6111,"NEXUS CHILDREN'S HOSPITAL- DALLAS, LLC",Organization
1760628184,Texas Scottish Rite Hospital for Crippled Children,Specialty hospital,284300000X,2222 Welborn St,Dallas,75219,214-559-5000,TEXAS SCOTTISH RITE HOSPITAL FOR CRIPPLED CHILDREN,Organization
1396220604,"TMC Mansfield, LLC",Specialty hospital,284300000X,1710 Highway 287 N Ste 300,Mansfield,76063,972-294-9666,"TMC MANSFIELD, LLC",Organization
