ccn,name,city,state,type,domain,found_by,score,location,index_url,accepted
021307,CORDOVA COMMUNITY MEDICAL CENTER,CORDOVA,AK,Critical Access Hospitals,cdvcmc.com,osm,100,Cordova Community Medical Center,https://cdvcmc.com/cms-hpt.txt,yes
021308,NORTON SOUND REGIONAL HOSPITAL,NOME,AK,Critical Access Hospitals,nortonsoundhealth.org,osm,64,Norton Sound Health Corporation,https://nortonsoundhealth.org/cms-hpt.txt,yes
021313,SOUTH PENINSULA HOSPITAL,HOMER,AK,Critical Access Hospitals,sphosp.org,osm,100,SOUTH PENINSULA HOSPITAL,https://sphosp.org/cms-hpt.txt,yes
010051,GREENE COUNTY HOSPITAL,EUTAW,AL,Acute Care Hospitals,greenecountyhospital.com,guess,92,Greene County General Hospital,https://greenecountyhospital.com/cms-hpt.txt,"no - same name in another state, check by hand"
010779,BULLOCK COUNTY HOSPITAL,UNION SPRINGS,AL,Rural Emergency Hospital,bullockcountyhospital.com,osm,87,Bullock County Rural Emergency Hospital,https://bullockcountyhospital.com/cms-hpt.txt,yes
012009,"NOLAND HOSPITAL BIRMINGHAM II, LLC",BIRMINGHAM,AL,Long-term,nolandhospitals.com,osm,97,Noland Hospital Birmingham,https://nolandhospitals.com/cms-hpt.txt,yes
013025,ENCOMPASS HEALTH LAKESHORE REHABILITATION HOSPITAL,BIRMINGHAM,AL,Inpatient Rehabilitation,encompasshealth.com,osm,100,Encompass Health Lakeshore Rehabilitation Hospital,https://encompasshealth.com/cms-hpt.txt,yes
013028,ENCOMPASS REHABILITATION HOSPITAL OF MONTGOMERY,MONTGOMERY,AL,Inpatient Rehabilitation,encompasshealth.com,osm,96,Encompass Health Rehabilitation Hospital of Montgomery,https://encompasshealth.com/cms-hpt.txt,yes
013029,ENCOMPASS HEALTH REHABILITATION HOSPITAL NORTH AL,HUNTSVILLE,AL,Inpatient Rehabilitation,encompasshealth.com,chain,96,Encompass Health Rehabilitation Hospital of North Alabama,https://encompasshealth.com/cms-hpt.txt,yes
013030,ENCOMPASS HEALTH REHABILITATION HOSPITAL OF DOTHAN,DOTHAN,AL,Inpatient Rehabilitation,encompasshealth.com,chain,100,Encompass Health Rehabilitation Hospital of Dothan,https://encompasshealth.com/cms-hpt.txt,yes
013031,ENCOMPASS HEALTH REHABILITATION HOSPITAL OF SHELBY,PELHAM,AL,Inpatient Rehabilitation,encompasshealth.com,chain,97,Encompass Health Rehabilitation Hospital of Shelby County,https://encompasshealth.com/cms-hpt.txt,yes
013032,ENCOMPASS HEALTH REHABILITATION HOSPITAL GADSDEN,GADSDEN,AL,Inpatient Rehabilitation,encompasshealth.com,chain,100,Encompass Health Rehabilitation Hospital of Gadsden,https://encompasshealth.com/cms-hpt.txt,yes
040004,WASHINGTON REGIONAL MEDICAL CENTER,FAYETTEVILLE,AR,Acute Care Hospitals,wregional.com,osm,100,Washington Regional Medical Center,https://wregional.com/cms-hpt.txt,yes
040014,WHITE COUNTY MEDICAL CENTER,SEARCY,AR,Acute Care Hospitals,unity-health.org,osm,90,Unity Health - White County Medical Center,https://unity-health.org/cms-hpt.txt,yes
040017,NORTH ARKANSAS REGIONAL MEDICAL CENTER,HARRISON,AR,Acute Care Hospitals,narmc.com,osm,100,North Arkansas Regional Medical Center,https://narmc.com/cms-hpt.txt,yes
040018,BAPTIST HEALTH - VAN BUREN,VAN BUREN,AR,Acute Care Hospitals,baptist-health.org,osm,100,Baptist Health-Van Buren,https://baptist-health.org/cms-hpt.txt,yes
040036,BAPTIST HEALTH MEDICAL CENTER NORTH LITTLE ROCK,NORTH LITTLE ROCK,AR,Acute Care Hospitals,baptist-health.org,osm,100,Baptist Health Medical Center-North Little Rock,https://baptist-health.org/cms-hpt.txt,yes
040039,ARKANSAS METHODIST MEDICAL CENTER,PARAGOULD,AR,Acute Care Hospitals,myammc.org,osm,77,Arkansas Methodist Hospital,https://myammc.org/cms-hpt.txt,yes
040041,ST MARYS REGIONAL MEDICAL CENTER,RUSSELLVILLE,AR,Acute Care Hospitals,saintmarysregional.com,osm,67,Saint Mary's Regional Health System,https://saintmarysregional.com/cms-hpt.txt,yes
040050,OUACHITA COUNTY MEDICAL CENTER,CAMDEN,AR,Acute Care Hospitals,ouachitamedcenter.com,osm,100,Ouachita County Medical Center,https://ouachitamedcenter.com/cms-hpt.txt,yes
040051,BAPTIST HEALTH MEDICAL CENTER-DREW COUNTY,MONTICELLO,AR,Acute Care Hospitals,baptist-health.org,osm,100,Baptist Health Medical Center-Drew County,https://baptist-health.org/cms-hpt.txt,yes
040055,BAPTIST HEALTH - FORT SMITH,FORT SMITH,AR,Acute Care Hospitals,baptist-health.org,osm,100,Baptist Health-Fort Smith,https://baptist-health.org/cms-hpt.txt,yes
040069,GREAT RIVER MEDICAL CENTER,BLYTHEVILLE,AR,Acute Care Hospitals,mchsys.org,osm,100,Great River Medical Center,https://mchsys.org/cms-hpt.txt,yes
040071,JEFFERSON REGIONAL MEDICAL CENTER,PINE BLUFF,AR,Acute Care Hospitals,jrmc.org,osm,0,,https://jrmc.org/cms-hpt.txt,yes
040072,BAPTIST HEALTH MEDICAL CENTER-STUTTGART,STUTTGART,AR,Acute Care Hospitals,baptist-health.org,osm,100,Baptist Health Medical Center-Stuttgart,https://baptist-health.org/cms-hpt.txt,yes
040076,BAPTIST HEALTH MEDICAL CENTER-HOT SPRINGS COUNTY,MALVERN,AR,Acute Care Hospitals,baptist-health.org,osm,99,Baptist Health Medical Center-Hot Spring County,https://baptist-health.org/cms-hpt.txt,yes
040084,SALINE MEMORIAL HOSPITAL,BENTON,AR,Acute Care Hospitals,salinememorial.org,osm,55,Saline Health System,https://salinememorial.org/cms-hpt.txt,yes
040114,BAPTIST HEALTH MEDICAL CENTER-LITTLE ROCK,LITTLE ROCK,AR,Acute Care Hospitals,baptist-health.com,osm,100,Baptist Health Medical Center-Little Rock,https://baptist-health.com/cms-hpt.txt,yes
040153,SOUTHWEST REGIONAL MEDICAL CENTER LLC,HOPE,AR,Acute Care Hospitals,swarmc.org,osm,94,Southwest Arkansas Regional Medical Center,https://swarmc.org/cms-hpt.txt,yes
040164,UNITY HEALTH - JACKSONVILLE,JACKSONVILLE,AR,Acute Care Hospitals,unity-health.org,osm,100,Unity Health - Jacksonville,https://unity-health.org/cms-hpt.txt,yes
041306,IZARD REGIONAL HOSPITAL LLC,CALICO ROCK,AR,Critical Access Hospitals,izardregionalhospital.com,osm,100,Izard Regional Hospital,https://izardregionalhospital.com/cms-hpt.txt,yes
041310,STONE COUNTY MEDICAL CENTER,MOUNTAIN VIEW,AR,Critical Access Hospitals,whiteriverhealth.org,osm,100,Stone County Medical Center,https://whiteriverhealth.org/cms-hpt.txt,yes
041311,HOWARD MEMORIAL HOSPITAL,NASHVILLE,AR,Critical Access Hospitals,howardmemorial.com,osm,100,Howard Memorial Hospital,https://howardmemorial.com/cms-hpt.txt,yes
041312,BAPTIST HEALTH MEDICAL CENTER HEBER SPRINGS,HEBER SPRINGS,AR,Critical Access Hospitals,baptist-health.org,osm,100,Baptist Health Medical Center-Heber Springs,https://baptist-health.org/cms-hpt.txt,yes
041320,LITTLE RIVER MEMORIAL HOSPITAL,ASHDOWN,AR,Critical Access Hospitals,lrmh.org,osm,84,"Little River Medical Center, INC DBA Little River Memorial Hospital",https://lrmh.org/cms-hpt.txt,yes
041321,BAPTIST HEALTH MEDICAL CENTER-ARKADELPHIA,ARKADELPHIA,AR,Critical Access Hospitals,baptist-health.org,osm,100,Baptist Health Medical Center-Arkadelphia,https://baptist-health.org/cms-hpt.txt,yes
041322,BAXTER HEALTH FULTON COUNTY HOSPITAL,SALEM,AR,Critical Access Hospitals,fultoncountyhospital.org,osm,100,Baxter Health Fulton County Hospital,https://fultoncountyhospital.org/cms-hpt.txt,yes
041327,BRADLEY COUNTY MEDICAL CENTER,WARREN,AR,Critical Access Hospitals,bradleycountymedicalcenter.com,osm,100,Bradley County Medical Center,https://bradleycountymedicalcenter.com/cms-hpt.txt,yes
041328,CHICOT MEMORIAL MEDICAL CENTER,LAKE VILLAGE,AR,Critical Access Hospitals,chicotmemorial.com,osm,100,Chicot Memorial Medical Center,https://chicotmemorial.com/cms-hpt.txt,yes
041331,OZARKS COMMUNITY HOSPITAL OF GRAVETTE,GRAVETTE,AR,Critical Access Hospitals,ochonline.com,osm,92,Ozarks Community Hospital,https://ochonline.com/cms-hpt.txt,yes
041332,UNITY HEALTH - NEWPORT,NEWPORT,AR,Critical Access Hospitals,unity-health.org,osm,100,Unity Health - Newport,https://unity-health.org/cms-hpt.txt,yes
041333,SEVIER COUNTY MEDICAL CENTER,DE QUEEN,AR,Critical Access Hospitals,seviercountymedical.org,guess,100,Sevier County Medical Center,https://seviercountymedical.org/cms-hpt.txt,yes
041334,MENA REGIONAL HEALTH SYSTEM,MENA,AR,Critical Access Hospitals,menaregional.com,osm,84,Mena Hospital Commission dba Mena Regional Health System,https://menaregional.com/cms-hpt.txt,yes
041335,SOUTHWEST REGIONAL MEDICAL CENTER LLC,HOPE,AR,Critical Access Hospitals,swarmc.org,osm,94,Southwest Arkansas Regional Medical Center,https://swarmc.org/cms-hpt.txt,yes
042012,BAPTIST HEALTH EXTENDED CARE HOSPITAL-LR INC,LITTLE ROCK,AR,Long-term,baptist-health.com,osm,91,Baptist Health Extended Care,https://baptist-health.com/cms-hpt.txt,yes
043026,BAPTIST HEALTH REHABILITATION INSTITUTE,LITTLE ROCK,AR,Inpatient Rehabilitation,baptist-health.org,osm,93,Baptist Health Rehabilitation Institute-Little Rock,https://baptist-health.org/cms-hpt.txt,yes
043028,ENCOMPASS HEALTH REHABILITATION HOSPITAL FT SMITH,FORT SMITH,AR,Inpatient Rehabilitation,encompasshealth.com,osm,98,Encompass Health Rehabilitation Hospital of Fort Smith,https://encompasshealth.com/cms-hpt.txt,yes
043029,ENCOMPASS HEALTH REHABILITATION HOSPITAL,JONESBORO,AR,Inpatient Rehabilitation,encompasshealth.com,chain,98,UVA Encompass Health Rehabilitation Hospital,https://encompasshealth.com/cms-hpt.txt,yes
043033,CONWAY REGIONAL REHABILITATION HOSPITAL,CONWAY,AR,Inpatient Rehabilitation,conwayregional.org,osm,88,Conway Regional Rehab Hospital,https://conwayregional.org/cms-hpt.txt,yes
043038,JEFFERSON REGIONAL SPECIALTY HOSPITAL,WHITE HALL,AR,Inpatient Rehabilitation,jeffersonregionalspecialty.com,guess,100,Jefferson Regional Specialty Hospital,https://jeffersonregionalspecialty.com/cms-hpt.txt,yes
044006,VALLEY BEHAVIORAL HEALTH SYSTEM,BARLING,AR,Psychiatric,valleybehavioral.com,osm,100,Valley Behavioral Health System,https://www.valleybehavioral.com/cms-hpt.txt,yes
044007,RIVENDELL BEHAVIORAL HEALTH SERVICES,BENTON,AR,Psychiatric,rivendellofarkansas.com,osm,94,Rivendell Behavioral Health Services of Arkansas,https://rivendellofarkansas.com/cms-hpt.txt,yes
044017,UNITED METHODIST BEHAVIORAL HOSPITAL,MAUMELLE,AR,Psychiatric,methodistfamily.org,osm,83,United Methodist Behavioral Health System,https://methodistfamily.org/cms-hpt.txt,yes
044020,RIVERVIEW BEHAVIORAL HEALTH,TEXARKANA,AR,Psychiatric,riverviewbehavioralhealth.com,osm,93,Riverview Behavioral Health Hospital,https://www.riverviewbehavioralhealth.com/cms-hpt.txt,yes
044022,CONWAY BEHAVIORAL HEALTH,CONWAY,AR,Psychiatric,conwaybh.com,osm,92,Conway Behavioral Health Hospital,https://www.conwaybh.com/cms-hpt.txt,yes
033025,ENCOMPASS HEALTH REHAB HOSPITAL OF SCOTTSDALE,SCOTTSDALE,AZ,Inpatient Rehabilitation,encompasshealth.com,osm,91,Encompass Health Rehabilitation Hospital of Scottsdale,https://encompasshealth.com/cms-hpt.txt,yes
033028,ENCOMPASS HEALTH REHABILITATION INSTITUTE OF TUCSO,TUCSON,AZ,Inpatient Rehabilitation,encompasshealth.com,chain,99,Encompass Health Rehabilitation Institute of Tucson,https://encompasshealth.com/cms-hpt.txt,yes
033029,ENCOMPASS HEALTH REHABILITATION HOSPITAL OF NORTHW,TUCSON,AZ,Inpatient Rehabilitation,encompasshealth.com,chain,93,Encompass Health Rehabilitation Hospital of North Tampa,https://encompasshealth.com/cms-hpt.txt,yes
033032,ENCOMPASS HEALTH VALLEY OF THE SUN REHAB HOSPITAL,GLENDALE,AZ,Inpatient Rehabilitation,encompasshealth.com,osm,91,Encompass Health Valley of The Sun Rehabilitation Hospital,https://encompasshealth.com/cms-hpt.txt,yes
033036,MOUNTAIN VALLEY REGIONAL REHABILITATION HOSPITAL,PRESCOTT VALLEY,AZ,Inpatient Rehabilitation,mvrrh.ernesthealth.com,osm,100,"Mountain Valley Regional Rehabilitation Hospital, Inc.",https://mvrrh.ernesthealth.com/cms-hpt.txt,yes
033037,ENCOMPASS HEALTH REHABILITATION HOSPITAL OF EAST V,MESA,AZ,Inpatient Rehabilitation,encompasshealth.com,osm,96,Encompass Health Rehabilitation Hospital of East Valley,https://encompasshealth.com/cms-hpt.txt,yes
033039,PAM HEALTH REHABILITATION HOSPITAL OF SURPRISE,SURPRISE,AZ,Inpatient Rehabilitation,pamhealth.com,chain,100,PAM Health Rehabilitation Hospital of Surprise,https://pamhealth.com/cms-hpt.txt,yes
033040,DIGNITY HEALTH EAST VALLEY REHABILITATION HOSPITAL,CHANDLER,AZ,Inpatient Rehabilitation,dignityhealthevrehabchandler.com,osm,100,Dignity Health East Valley Rehabilitation Hospital,https://dignityhealthevrehabchandler.com/cms-hpt.txt,yes
033041,REHABILITATION HOSPITAL OF NORTHERN ARIZONA,FLAGSTAFF,AZ,Inpatient Rehabilitation,rhna.ernesthealth.com,osm,95,"Rehabilitation Hospital of Northern Arizona Holdings, LLC",https://rhna.ernesthealth.com/cms-hpt.txt,yes
033043,REUNION REHABILITATION HOSPITAL PHOENIX LLC,PHOENIX,AZ,Inpatient Rehabilitation,reunionrehabhospital.com,osm,100,Reunion Rehabilitation Hospital Phoenix,https://reunionrehabhospital.com/cms-hpt.txt,yes
033044,DIGNITY HEALTH EAST VALLEY REHABILITATION HOSPITAL,GILBERT,AZ,Inpatient Rehabilitation,dignityhealthevrehabgilbert.com,osm,96,Dignity Health East Valley Rehabilitation Hospital - Gilbert,https://dignityhealthevrehabgilbert.com/cms-hpt.txt,yes
033045,REUNION REHABILITATION HOSPITAL PEORIA LLC,PEORIA,AZ,Inpatient Rehabilitation,reunionrehabhospital.com,osm,100,Reunion Rehabilitation Hospital Peoria,https://reunionrehabhospital.com/cms-hpt.txt,yes
033046,CLEARSKY REHABILITATION HOSPITAL OF AVONDALE,AVONDALE,AZ,Inpatient Rehabilitation,clearskyhealth.com,osm,100,ClearSky Rehabilitation Hospital of Avondale,https://clearskyhealth.com/cms-hpt.txt,yes
033047,EXALT HEALTH REHABILITATION HOSPITAL SCOTTSDALE,SCOTTSDALE,AZ,Inpatient Rehabilitation,encompasshealth.com,osm,91,Encompass Health Rehabilitation Hospital of Scottsdale,https://encompasshealth.com/cms-hpt.txt,yes
034030,PALO VERDE BEHAVIORAL HEALTH,TUCSON,AZ,Psychiatric,paloverdebh.com,osm,100,Palo Verde Behavioral Health,https://paloverdebh.com/cms-hpt.txt,yes
034040,VIA LINDA BEHAVIORAL HOSPITAL,SCOTTSDALE,AZ,Psychiatric,vialindabehavioral.com,guess,100,Via Linda Behavioral Hospital,https://vialindabehavioral.com/cms-hpt.txt,yes
034041,AGAVE RIDGE BEHAVIORAL HOSPITAL,MESA,AZ,Psychiatric,agaveridgebehavioral.com,osm,100,Agave Ridge Behavioral Hospital,https://www.agaveridgebehavioral.com/cms-hpt.txt,yes
050167,SAN JOAQUIN GENERAL HOSPITAL,FRENCH CAMP,CA,Acute Care Hospitals,sanjoaquingeneral.org,guess,100,San Joaquin General Hospital,https://sanjoaquingeneral.org/cms-hpt.txt,yes
050708,FRESNO SURGICAL HOSPITAL,FRESNO,CA,Acute Care Hospitals,communitymedical.org,osm,94,Fresno Heart and Surgical Hospital,https://communitymedical.org/cms-hpt.txt,yes
051338,COALINGA REGIONAL MEDICAL CENTER,COALINGA,CA,Critical Access Hospitals,crmcmed.org,osm,100,Coalinga Regional Medical Center,https://crmcmed.org/cms-hpt.txt,yes
052032,KINDRED HOSPITAL - LOS ANGELES,LOS ANGELES,CA,Long-term,kindredhospitals.com,osm,100,Kindred Hospital Los Angeles,https://kindredhospitals.com/cms-hpt.txt,yes
052033,VIBRA HOSPITAL OF SACRAMENTO,FOLSOM,CA,Long-term,vhsacramento.com,osm,100,Vibra Hospital of Sacramento,https://vhsacramento.com/cms-hpt.txt,yes
052034,KINDRED HOSPITAL - SAN FRANCISCO BAY AREA,SAN LEANDRO,CA,Long-term,kindredhospitals.com,chain,100,Kindred Hospital San Francisco Bay Area,https://kindredhospitals.com/cms-hpt.txt,yes
052035,KINDRED HOSPITAL WESTMINSTER,WESTMINSTER,CA,Long-term,kindredhospitals.com,osm,100,Kindred Hospital Westminster,https://kindredhospitals.com/cms-hpt.txt,yes
052036,KINDRED HOSPITAL - SAN DIEGO,SAN DIEGO,CA,Long-term,kindredhospitals.com,chain,100,Kindred Hospital San Diego,https://kindredhospitals.com/cms-hpt.txt,yes
052037,KINDRED HOSPITAL ONTARIO,ONTARIO,CA,Long-term,kindredhospitals.com,chain,100,Kindred Hospital Ontario,https://kindredhospitals.com/cms-hpt.txt,yes
052038,KINDRED HOSPITAL -- LA MIRADA,LA MIRADA,CA,Long-term,kindredhospitals.com,chain,86,Kindred Hospital Lima,https://kindredhospitals.com/cms-hpt.txt,yes
052039,KINDRED HOSPITAL BREA,BREA,CA,Long-term,kindredhospitals.com,chain,100,Kindred Hospital Brea,https://kindredhospitals.com/cms-hpt.txt,yes
052043,KENTFIELD HOSPITAL,KENTFIELD,CA,Long-term,kentfieldhospital.org,guess,100,KENTFIELD HOSPITAL,https://kentfieldhospital.org/cms-hpt.txt,yes
052045,KINDRED HOSPITAL BALDWIN PARK,BALDWIN PARK,CA,Long-term,kindredhospitals.com,chain,100,Kindred Hospital Baldwin Park,https://kindredhospitals.com/cms-hpt.txt,yes
052046,KINDRED HOSPITAL PARAMOUNT,PARAMOUNT,CA,Long-term,kindredhospitals.com,chain,100,Kindred Hospital Paramount,https://kindredhospitals.com/cms-hpt.txt,yes
052049,KINDRED HOSPITAL RANCHO,RANCHO CUCAMONGA,CA,Long-term,kindredhospitals.com,chain,100,Kindred Hospital Rancho,https://kindredhospitals.com/cms-hpt.txt,yes
052050,KINDRED HOSPITAL SOUTH BAY,GARDENA,CA,Long-term,kindredhospitals.com,chain,100,Kindred Hospital South Bay,https://kindredhospitals.com/cms-hpt.txt,yes
052052,KINDRED HOSPITAL RIVERSIDE,PERRIS,CA,Long-term,kindredhospitals.com,chain,100,Kindred Hospital Riverside,https://kindredhospitals.com/cms-hpt.txt,yes
052054,MONROVIA MEMORIAL HOSPITAL,MONROVIA,CA,Long-term,monroviamemorial.com,osm,100,Monrovia Memorial Hospital,https://monroviamemorial.com/cms-hpt.txt,yes
052055,CENTRAL VALLEY SPECIALTY HOSPITAL,MODESTO,CA,Long-term,centralvalleyspecialty.com,guess,100,Central Valley Specialty Hospital,https://centralvalleyspecialty.com/cms-hpt.txt,yes
052057,SONOMA SPECIALTY HOSPITAL,SEBASTOPOL,CA,Long-term,sonomaspecialtyhospital.org,osm,98,Sonoma Specialty Hospita,https://sonomaspecialtyhospital.org/cms-hpt.txt,yes
053031,ENCOMPASS HEALTH REHABILITATON HOSPITAL OF BAKERS,BAKERSFIELD,CA,Inpatient Rehabilitation,encompasshealth.com,osm,94,Encompass Health Rehabilitation Hospital of Bakersfield,https://encompasshealth.com/cms-hpt.txt,yes
053034,ENCOMPASS HEALTH REHABILITATION HOSPITAL OF TUSTIN,TUSTIN,CA,Inpatient Rehabilitation,encompasshealth.com,chain,100,Encompass Health Rehabilitation Hospital of Tustin,https://encompasshealth.com/cms-hpt.txt,yes
053038,TOTALLY KIDS REHABILITATION HOSPITAL,LOMA LINDA,CA,Inpatient Rehabilitation,totallykids.com,guess,100,Totally Kids Rehabilitation  Hospital,https://totallykids.com/cms-hpt.txt,yes
053040,ENCOMPASS HEALTH REHABILITATION HOSPITAL OF MODEST,MODESTO,CA,Inpatient Rehabilitation,encompasshealth.com,osm,99,Encompass Health Rehabilitation Hospital of Modesto,https://encompasshealth.com/cms-hpt.txt,yes
053042,ENCOMPASS HEALTH REHABILITATION HOSPITAL OF MURRIE,MURRIETA,CA,Inpatient Rehabilitation,encompasshealth.com,osm,98,Encompass Health Rehabilitation Hospital of Murrieta,https://encompasshealth.com/cms-hpt.txt,yes
053301,UCSF BENIOFF CHILDREN'S HOSPITAL OAKLAND,OAKLAND,CA,Childrens,ucsfbenioffchildrens.org,guess,100,UCSF Benioff Children's Hospital Oakland,https://ucsfbenioffchildrens.org/cms-hpt.txt,yes
054032,BHC ALHAMBRA HOSPITAL,ROSEMEAD,CA,Psychiatric,bhcalhambra.com,osm,95,Alhambra Hospital,https://bhcalhambra.com/cms-hpt.txt,yes
054087,"BHC SIERRA VISTA HOSPITAL, INC",SACRAMENTO,CA,Psychiatric,sierravistahospital.com,osm,96,Sierra Vista Hospital,https://sierravistahospital.com/cms-hpt.txt,yes
054104,HERITAGE OAKS HOSPITAL,SACRAMENTO,CA,Psychiatric,heritageoakshospital.com,osm,100,Heritage Oaks Hospital,https://heritageoakshospital.com/cms-hpt.txt,yes
054110,BHC FREMONT HOSPITAL INC,FREMONT,CA,Psychiatric,fremonthospital.com,osm,94,Fremont Hospital,https://fremonthospital.com/cms-hpt.txt,yes
054111,CANYON RIDGE HOSPITAL,CHINO,CA,Psychiatric,canyonridgehospital.com,osm,100,Canyon Ridge Hospital,https://canyonridgehospital.com/cms-hpt.txt,yes
054130,PACIFIC GROVE HOSPITAL,RIVERSIDE,CA,Psychiatric,pacificgrovehospital.com,osm,100,Pacific Grove Hospital,https://www.pacificgrovehospital.com/cms-hpt.txt,yes
054154,SAN JOSE BEHAVIORAL HEALTH,SAN JOSE,CA,Psychiatric,sanjosebh.com,osm,93,San Jose Behavioral Health Hospital,https://www.sanjosebh.com/cms-hpt.txt,yes
062009,KINDRED HOSPITAL-DENVER,DENVER,CO,Long-term,kindredhospitals.com,osm,100,Kindred Hospital Denver,https://kindredhospitals.com/cms-hpt.txt,yes
062012,PAM SPECIALTY HOSPITAL OF DENVER,DENVER,CO,Long-term,pamhealth.com,chain,100,PAM Specialty Hospital of Denver,https://pamhealth.com/cms-hpt.txt,yes
062013,KINDRED HOSPITAL AURORA,AURORA,CO,Long-term,kindredhospitals.com,chain,100,Kindred Hospital Aurora,https://kindredhospitals.com/cms-hpt.txt,yes
062014,VIBRA HOSPITAL OF DENVER,THORNTON,CO,Long-term,vhdenver.com,osm,100,Vibra Hospital of Denver,https://vhdenver.com/cms-hpt.txt,yes
063027,HCA HEALTHONE SPALDING REHABILITATION,AURORA,CO,Inpatient Rehabilitation,hcahealthone.com,guess,100,HCA HealthONE SPALDING REHABILITATION,https://hcahealthone.com/cms-hpt.txt,yes
063030,ENCOMPASS HEALTH REHABILITATION HOSPITAL OF CO SPG,COLORADO SPRINGS,CO,Inpatient Rehabilitation,encompasshealth.com,chain,93,UVA Encompass Health Rehabilitation Hospital,https://encompasshealth.com/cms-hpt.txt,yes
063034,ENCOMPASS HEALTH REHAB HOSPITAL OF LITTLETON,LITTLETON,CO,Inpatient Rehabilitation,encompasshealth.com,osm,91,Encompass Health Rehabilitation Hospital of Littleton,https://encompasshealth.com/cms-hpt.txt,yes
063036,REUNION REHABILITATION HOSPITAL DENVER,DENVER,CO,Inpatient Rehabilitation,reunionrehabhospital.com,osm,100,Reunion Rehabilitation Hospital Denver,https://reunionrehabhospital.com/cms-hpt.txt,yes
063037,PAM HEALTH REHABILITATION HOSPITAL OF WESTMINSTER,WESTMINSTER,CO,Inpatient Rehabilitation,pamhealth.com,osm,100,PAM Health Rehabilitation Hospital of Westminster,https://pamhealth.com/cms-hpt.txt,yes
063038,REUNION REHABILITATION HOSPITAL INVERNESS,ENGLEWOOD,CO,Inpatient Rehabilitation,reunionrehabhospital.com,osm,100,Reunion Rehabilitation Hospital Inverness,https://reunionrehabhospital.com/cms-hpt.txt,yes
063039,PAM HEALTH REHABILITATION HOSPITAL OF GREELEY,GREELEY,CO,Inpatient Rehabilitation,pamhealth.com,chain,100,PAM Health Rehabilitation Hospital of Greeley,https://pamhealth.com/cms-hpt.txt,yes
064007,CENTENNIAL PEAKS HOSPITAL,LOUISVILLE,CO,Psychiatric,centennialpeaks.com,guess,100,Centennial Peaks Hospital,https://centennialpeaks.com/cms-hpt.txt,yes
064024,HIGHLANDS BEHAVIORAL HEALTH SYSTEM,HIGHLANDS RANCH,CO,Psychiatric,highlandsbhs.com,osm,94,Highlands Behavioral Health,https://highlandsbhs.com/cms-hpt.txt,yes
070004,SHARON HOSPITAL,SHARON,CT,Acute Care Hospitals,northwell.edu,osm,100,Sharon Hospital,https://northwell.edu/cms-hpt.txt,yes
070007,LAWRENCE & MEMORIAL HOSPITAL,NEW LONDON,CT,Acute Care Hospitals,lmhospital.org,osm,100,Lawrence + Memorial Hospital,https://www.lmhospital.org/cms-hpt.txt,yes
070016,SAINT MARY'S HOSPITAL,WATERBURY,CT,Acute Care Hospitals,trinityhealthofne.org,osm,100,Saint Marys Hospital,https://trinityhealthofne.org/cms-hpt.txt,yes
070024,WILLIAM W BACKUS HOSPITAL,NORWICH,CT,Acute Care Hospitals,backushospital.org,osm,100,THE WILLIAM W. BACKUS HOSPITAL,https://backushospital.org/cms-hpt.txt,yes
070033,DANBURY HOSPITAL,DANBURY,CT,Acute Care Hospitals,northwell.edu,osm,100,Danbury Hospital,https://northwell.edu/cms-hpt.txt,yes
070034,NORWALK HOSPITAL,NORWALK,CT,Acute Care Hospitals,nuvancehealth.org,osm,100,Norwalk Hospital,https://nuvancehealth.org/cms-hpt.txt,yes
072003,GAYLORD HOSPITAL INC,WALLINGFORD,CT,Long-term,gaylord.org,guess,100,Gaylord Hospital,https://gaylord.org/cms-hpt.txt,yes
072004,HOSPITAL FOR SPECIAL CARE,NEW BRITAIN,CT,Long-term,hfsc.org,osm,100,Hospital for Special Care,https://hfsc.org/cms-hpt.txt,yes
073027,ENCOMPASS HEALTH REHABILITATION HOSPITAL OF DANBU,DANBURY,CT,Inpatient Rehabilitation,encompasshealth.com,chain,98,Encompass Health Rehabilitation Hospital of Danbury,https://encompasshealth.com/cms-hpt.txt,yes
090005,SIBLEY MEMORIAL HOSPITAL,WASHINGTON,DC,Acute Care Hospitals,willsmemorialhospital.com,osm,85,Wills Memorial Hospital,https://willsmemorialhospital.com/cms-hpt.txt,yes
093025,MEDSTAR NATIONAL REHABILITATION HOSPITAL,WASHINGTON,DC,Inpatient Rehabilitation,medstarhealth.org,osm,100,MedStar National Rehabilitation Hospital,https://medstarhealth.org/cms-hpt.txt,yes
080006,"TIDALHEALTH NANTICOKE, INC.",SEAFORD,DE,Acute Care Hospitals,tidalhealth.org,osm,100,TidalHealth Nanticoke Inc,https://tidalhealth.org/cms-hpt.txt,yes
083026,ENCOMPASS HEALTH REHAB HOSPITAL OF MIDDLETOWN,MIDDLETOWN,DE,Inpatient Rehabilitation,encompasshealth.com,osm,91,Encompass Health Rehabilitation Hospital of Middletown,https://encompasshealth.com/cms-hpt.txt,yes
083027,PAM REHABILITATION HOSPITAL OF DOVER,DOVER,DE,Inpatient Rehabilitation,pamhealth.com,chain,100,PAM Rehabilitation Hospital of Dover,https://pamhealth.com/cms-hpt.txt,yes
083028,PAM HEALTH REHABILITATION HOSPITAL OF GEORGETOWN L,GEORGETOWN,DE,Inpatient Rehabilitation,pamhealth.com,chain,99,PAM Health Rehabilitation Hospital of Georgetown,https://pamhealth.com/cms-hpt.txt,yes
084002,ROCKFORD CENTER,NEWARK,DE,Psychiatric,rockfordcenter.com,osm,100,Rockford Center,https://rockfordcenter.com/cms-hpt.txt,yes
084004,DOVER BEHAVIORAL HEALTH SYSTEM,DOVER,DE,Psychiatric,doverbehavioral.com,osm,100,Dover Behavioral Health System,https://doverbehavioral.com/cms-hpt.txt,yes
100135,TALLAHASSEE MEMORIAL HEALTHCARE,TALLAHASSEE,FL,Acute Care Hospitals,tmh.org,osm,81,Tallahassee Memorial Hospital,https://tmh.org/cms-hpt.txt,yes
100315,VIERA HOSPITAL,MELBOURNE,FL,Acute Care Hospitals,hf.org,osm,100,Viera Hospital,https://hf.org/cms-hpt.txt,yes
102010,KINDRED HOSPITAL-SOUTH FLORIDA-FT LAUDERDALE,FORT LAUDERDALE,FL,Long-term,kindredhospitals.com,chain,100,Kindred Hospital South Florida - Ft. Lauderdale,https://kindredhospitals.com/cms-hpt.txt,yes
102012,PAM HEALTH SPECIALTY HOSPITAL OF JACKSONVILLE,JACKSONVILLE,FL,Long-term,pamhealth.com,osm,100,PAM Health Specialty Hospital of Jacksonville,https://pamhealth.com/cms-hpt.txt,yes
102013,KINDRED HOSPITAL-CENTRAL TAMPA,TAMPA,FL,Long-term,kindredhospitals.com,chain,100,Kindred Hospital Central Tampa,https://kindredhospitals.com/cms-hpt.txt,yes
102015,KINDRED HOSPITAL-NORTH FLORIDA,GREEN COVE SPRINGS,FL,Long-term,kindredhospitals.com,chain,100,Kindred Hospital North Florida,https://kindredhospitals.com/cms-hpt.txt,yes
102018,PAM SPECIALTY HOSPITAL OF SARASOTA,SARASOTA,FL,Long-term,pamhealth.com,chain,100,PAM Specialty Hospital of Sarasota,https://pamhealth.com/cms-hpt.txt,yes
102019,KINDRED HOSPITAL OCALA,OCALA,FL,Long-term,kindredhospitals.com,chain,100,Kindred Hospital Ocala,https://kindredhospitals.com/cms-hpt.txt,yes
102025,KINDRED HOSPITAL THE PALM BEACHES,RIVIERA BEACH,FL,Long-term,kindredhospitals.com,chain,100,Kindred Hospital The Palm Beaches,https://kindredhospitals.com/cms-hpt.txt,yes
102027,KINDRED HOSPITAL MELBOURNE,MELBOURNE,FL,Long-term,kindredhospitals.com,chain,100,Kindred Hospital Melbourne,https://kindredhospitals.com/cms-hpt.txt,yes
103026,ST CATHERINE'S REHABILITATION HOSPITAL,NORTH MIAMI,FL,Inpatient Rehabilitation,catholichealthservices.org,osm,97,St. Catherineâs Rehabilitation Hospital,https://catholichealthservices.org/cms-hpt.txt,yes
103027,ST ANTHONY'S REHABILITATION HOSPITAL,LAUDERDALE LAKES,FL,Inpatient Rehabilitation,catholichealthservices.org,osm,97,St. Anthonyâs Rehabilitation Hospital,https://catholichealthservices.org/cms-hpt.txt,yes
103028,ENCOMPASS HEALTH REHAB HOSPITAL OF SUNRISE,SUNRISE,FL,Inpatient Rehabilitation,encompasshealth.com,chain,91,Encompass Health Rehabilitation Hospital of Sunrise,https://encompasshealth.com/cms-hpt.txt,yes
103031,ENCOMPASS HEALTH REHAB HOSPITAL OF SARASOTA,SARASOTA,FL,Inpatient Rehabilitation,encompasshealth.com,chain,91,Encompass Health Rehabilitation Hospital of Sarasota,https://encompasshealth.com/cms-hpt.txt,yes
103032,ENCOMPASS HEALTH REHAB HOSPITAL OF TREASURE COAST,VERO BEACH,FL,Inpatient Rehabilitation,encompasshealth.com,chain,92,Encompass Health Rehabilitation Hospital of Treasure Coast,https://encompasshealth.com/cms-hpt.txt,yes
103033,ENCOMPASS HEALTH REHABILITATION HOSPITAL OF TALLAH,TALLAHASSEE,FL,Inpatient Rehabilitation,encompasshealth.com,osm,96,Encompass Health Rehabilitation Hospital of Utah,https://encompasshealth.com/cms-hpt.txt,yes
103034,SEA PINES REHAB HOSP AFFILIATE OF ENCOMPASS HEALTH,MELBOURNE,FL,Inpatient Rehabilitation,encompasshealth.com,chain,86,"Sea Pines Rehabilitation Hospital, an affiliate of Encompass Health",https://encompasshealth.com/cms-hpt.txt,yes
103037,ENCOMPASS HEALTH REHABILITATION HOSPITAL OF LARGO,LARGO,FL,Inpatient Rehabilitation,encompasshealth.com,osm,100,Encompass Health Rehabilitation Hospital of Largo,https://encompasshealth.com/cms-hpt.txt,yes
103038,ENCOMPASS HEALTH REHABILITATION HOSPITAL OF MIAMI,MIAMI,FL,Inpatient Rehabilitation,encompasshealth.com,chain,100,Encompass Health Rehabilitation Hospital of Miami,https://encompasshealth.com/cms-hpt.txt,yes
103039,BROOKS REHABILITATION HOSPITAL UNIVERSITY CAMPUS,JACKSONVILLE,FL,Inpatient Rehabilitation,brooksrehab.org,osm,100,Brooks Rehabilitation Hospital â University Campus,https://brooksrehab.org/cms-hpt.txt,yes
103040,ENCOMPASS HEALTH REHABILITATION HOSPITAL OF PANAMA,PANAMA CITY,FL,Inpatient Rehabilitation,encompasshealth.com,chain,97,Encompass Health Rehabilitation Hospital of Panama City,https://encompasshealth.com/cms-hpt.txt,yes
103042,ENCOMPASS HEALTH REHAB HOSPITAL OF SPRING HILL,BROOKSVILLE,FL,Inpatient Rehabilitation,encompasshealth.com,osm,92,Encompass Health Rehabilitation Hospital of Spring Hill,https://encompasshealth.com/cms-hpt.txt,yes
103043,ENCOMPASS HEALTH REHAB HOSPITAL OF CENTRAL FLORIDA,OCALA,FL,Inpatient Rehabilitation,encompasshealth.com,chain,92,Encompass Health Rehabilitation Hospital of Central Florida,https://encompasshealth.com/cms-hpt.txt,yes
103044,ENCOMPASS HEALTH REHAB HOSPITAL AN AFFILIATE OF MA,STUART,FL,Inpatient Rehabilitation,encompasshealth.com,chain,86,"St. John Rehabilitation Hospital, an affiliate of Encompass Health",https://encompasshealth.com/cms-hpt.txt,yes
103045,ENCOMPASS HEALTH REHABILITATION HOSPITAL OF ALTAMO,ALTAMONTE SPRINGS,FL,Inpatient Rehabilitation,encompasshealth.com,osm,95,Encompass Health Rehabilitation Hospital of Altoona,https://encompasshealth.com/cms-hpt.txt,yes
103047,ENCOMPASS HEALTH REHABILITATION HOSPITAL OF NORTH,LUTZ,FL,Inpatient Rehabilitation,encompasshealth.com,osm,97,Encompass Health Rehabilitation Hospital of North Tampa,https://encompasshealth.com/cms-hpt.txt,yes
103048,ENCOMPASS HEALTH REHABILITATION HOSPITAL OF PENSAC,PENSACOLA,FL,Inpatient Rehabilitation,encompasshealth.com,osm,97,Encompass Health Rehabilitation Hospital of Pensacola,https://encompasshealth.com/cms-hpt.txt,yes
103049,ENCOMPASS HEALTH REHABILITATION HOSPITAL OF ST AUG,SAINT AUGUSTINE,FL,Inpatient Rehabilitation,encompasshealth.com,chain,95,Encompass Health Rehabilitation Hospital of St. Augustine,https://encompasshealth.com/cms-hpt.txt,yes
103050,ENCOMPASS HEALTH REHABILITATION HOSPITAL OF LAKELA,LAKELAND,FL,Inpatient Rehabilitation,encompasshealth.com,chain,98,Encompass Health Rehabilitation Hospital of Lakeland,https://encompasshealth.com/cms-hpt.txt,yes
103051,TAMPA GENERAL REHABILITATION HOSPITAL,TAMPA,FL,Inpatient Rehabilitation,tgh.org,osm,87,Tampa General Hospital,https://tgh.org/cms-hpt.txt,yes
103052,ENCOMPASS HEALTH REHABILITATION HOSPITAL OF JACKSO,JACKSONVILLE,FL,Inpatient Rehabilitation,encompasshealth.com,chain,94,Encompass Health Rehabilitation Hospital of Jacksonville,https://encompasshealth.com/cms-hpt.txt,yes
103053,REHABILITATION HOSPITAL OF CAPE CORAL,CAPE CORAL,FL,Inpatient Rehabilitation,leehealth.org,osm,86,Cape Coral Hospital,https://leehealth.org/cms-hpt.txt,yes
103055,ENCOMPASS HEALTH REHABILITATION HOSPITAL OF CLERMO,CLERMONT,FL,Inpatient Rehabilitation,encompasshealth.com,chain,98,Encompass Health Rehabilitation Hospital of Clermont,https://encompasshealth.com/cms-hpt.txt,yes
103056,PAM HEALTH REHABILITATION HOSPITAL OF TAVARES,TAVARES,FL,Inpatient Rehabilitation,pamhealth.com,chain,100,PAM Health Rehabilitation Hospital of Tavares,https://pamhealth.com/cms-hpt.txt,yes
103057,PAM HEALTH REHABILITATION HOSPITAL OF JUPITER,JUPITER,FL,Inpatient Rehabilitation,pamhealth.com,chain,100,PAM Health Rehabilitation Hospital of Jupiter,https://pamhealth.com/cms-hpt.txt,yes
103062,PAM HEALTH REHABILITATION HOSPITAL OF VENICE,NOKOMIS,FL,Inpatient Rehabilitation,pamhealth.com,chain,90,PAM Health Rehabilitation Hospital of Tavares,https://pamhealth.com/cms-hpt.txt,yes
103064,ENCOMPASS HEALTH REHABILITATION HOSPITAL OF KISSIM,KISSIMMEE,FL,Inpatient Rehabilitation,encompasshealth.com,chain,97,Encompass Health Rehabilitation Hospital of Kissimmee,https://encompasshealth.com/cms-hpt.txt,yes
103065,ORLANDO REHABILITATION HOSPITAL,ALTAMONTE SPRINGS,FL,Inpatient Rehabilitation,orlando-rehabhospital.com,osm,100,Orlando Rehabilitation Hospital,https://orlando-rehabhospital.com/cms-hpt.txt,yes
103070,ENCOMPASS HEALTH REHABILITATION HOSPITAL OF DAYTON,DAYTONA BEACH,FL,Inpatient Rehabilitation,encompasshealth.com,chain,95,Encompass Health Rehabilitation Hospital of Altoona,https://encompasshealth.com/cms-hpt.txt,yes
103072,ENCOMPASS HEALTH REHABILITATION HOSPITAL OF LAKE W,LAKE WORTH,FL,Inpatient Rehabilitation,encompasshealth.com,chain,97,Encompass Health Rehabilitation Hospital of Lake Worth,https://encompasshealth.com/cms-hpt.txt,yes
103073,ENCOMPASS HEALTH REHABILITATION HOSPITAL OF ST PET,SAINT PETERSBURG,FL,Inpatient Rehabilitation,encompasshealth.com,chain,94,Encompass Health Rehabilitation Hospital of St. Petersburg,https://encompasshealth.com/cms-hpt.txt,yes
104016,RIVER POINT BEHAVIORAL HEALTH,JACKSONVILLE,FL,Psychiatric,riverpointbehavioral.com,guess,100,River Point Behavioral Health,https://riverpointbehavioral.com/cms-hpt.txt,yes
104017,WINDMOOR HEALTHCARE OF CLEARWATER,CLEARWATER,FL,Psychiatric,windmoor.com,osm,100,Windmoor Healthcare of Clearwater,https://windmoor.com/cms-hpt.txt,yes
104024,"CIRCLES OF CARE, INC",MELBOURNE,FL,Psychiatric,circlesofcare.org,guess,100,Circles of Care Inc,https://circlesofcare.org/cms-hpt.txt,yes
104026,FORT LAUDERDALE BEHAVIORAL HEALTH CENTER,OAKLAND PARK,FL,Psychiatric,ftlauderdalebehavioral.com,osm,100,Fort Lauderdale Behavioral Health Center,https://ftlauderdalebehavioral.com/cms-hpt.txt,yes
104069,WEKIVA SPRINGS,JACKSONVILLE,FL,Psychiatric,wekivacenter.com,osm,88,Wekiva Springs Hospital,https://wekivacenter.com/cms-hpt.txt,yes
104072,CENTRAL FLORIDA BEHAVIORAL HOSPITAL,ORLANDO,FL,Psychiatric,centralfloridabehavioral.com,osm,100,Central Florida Behavioral Hospital,https://centralfloridabehavioral.com/cms-hpt.txt,yes
104073,EMERALD COAST BEHAVIORAL HOSPITAL,PANAMA CITY,FL,Psychiatric,emeraldcoastbehavioral.com,osm,100,Emerald Coast Behavioral Hospital,https://emeraldcoastbehavioral.com/cms-hpt.txt,yes
104074,PARK ROYAL HOSPITAL,FORT MYERS,FL,Psychiatric,parkroyalhospital.com,osm,100,Park Royal Hospital,https://www.parkroyalhospital.com/cms-hpt.txt,yes
104076,UNIVERSITY BEHAVIORAL CENTER,ORLANDO,FL,Psychiatric,universitybehavioral.com,osm,100,University Behavioral Center,https://universitybehavioral.com/cms-hpt.txt,yes
104078,SUNCOAST BEHAVIORAL HEALTH CENTER,BRADENTON,FL,Psychiatric,suncoastbhc.com,osm,100,Suncoast Behavioral Health Center,https://suncoastbhc.com/cms-hpt.txt,yes
104080,CORAL SHORES BEHAVIORAL HEALTH,STUART,FL,Psychiatric,coralshoresbehavioral.com,osm,100,Coral Shores Behavioral Health,https://coralshoresbehavioral.com/cms-hpt.txt,yes
104082,PALM POINT BEHAVIORAL HEALTH,TITUSVILLE,FL,Psychiatric,palmpointbehavioral.com,osm,100,Palm Point Behavioral Health,https://palmpointbehavioral.com/cms-hpt.txt,yes
110095,TIFT REGIONAL MEDICAL CENTER,TIFTON,GA,Acute Care Hospitals,mysouthwell.com,osm,100,Tift Regional Medical Center,https://mysouthwell.com/cms-hpt.txt,yes
110109,EMANUEL MEDICAL CENTER,SWAINSBORO,GA,Acute Care Hospitals,emanuelmedical.org,osm,100,Emanuel Medical Center,https://emanuelmedical.org/cms-hpt.txt,yes
110165,SOUTHERN REGIONAL MEDICAL CENTER,RIVERDALE,GA,Acute Care Hospitals,southernregional.org,osm,100,Southern Regional Medical Center,https://southernregional.org/cms-hpt.txt,yes
110209,TURNING POINT HOSPITAL,MOULTRIE,GA,Acute Care Hospitals,turningpointcare.com,osm,69,Turning Point Care Center,https://turningpointcare.com/cms-hpt.txt,yes
112003,SHEPHERD CENTER,ATLANTA,GA,Long-term,shepherd.org,guess,100,Shepherd Center,https://shepherd.org/cms-hpt.txt,yes
112006,EMORY LONG TERM ACUTE CARE,DECATUR,GA,Long-term,emory.org,guess,93,Emory Long-Term Acute Care Hospital,https://www.emory.org/cms-hpt.txt,yes
112007,WELLSTAR WINDY HILL HOSPITAL,MARIETTA,GA,Long-term,wellstar.org,osm,100,Wellstar Windy Hill Hospital,https://wellstar.org/cms-hpt.txt,yes
112017,"LANDMARK HOSPITAL OF ATHENS, LLC",ATHENS,GA,Long-term,lhofathens.com,osm,100,"Landmark Hospital Of Athens, LLC",https://lhofathens.com/cms-hpt.txt,yes
113031,EMORY REHABILITATION HOSPITAL,ATLANTA,GA,Inpatient Rehabilitation,emory.org,guess,100,Emory Rehabilitation Hospital,https://www.emory.org/cms-hpt.txt,yes
113033,ENCOMPASS HEALTH REHAB HOSPITAL OF SAVANNAH,SAVANNAH,GA,Inpatient Rehabilitation,encompasshealth.com,chain,91,Encompass Health Rehabilitation Hospital of Savannah,https://encompasshealth.com/cms-hpt.txt,yes
113034,ENCOMPASS HEALTH REHABILITATION HOSPITAL OFCUMMING,CUMMING,GA,Inpatient Rehabilitation,encompasshealth.com,chain,92,Encompass Health Rehabilitation Hospital of Miami,https://encompasshealth.com/cms-hpt.txt,yes
114008,COASTAL HARBOR TREATMENT CENTER,SAVANNAH,GA,Psychiatric,coastalharbor.com,osm,100,Coastal Harbor Treatment Center,https://coastalharbor.com/cms-hpt.txt,yes
114016,ST SIMONS-BY-THE-SEA,SAINT SIMONS ISLAND,GA,Psychiatric,ssbythesea.com,osm,100,Saint Simons By-The-Sea,https://ssbythesea.com/cms-hpt.txt,yes
114036,GREENLEAF CENTER,VALDOSTA,GA,Psychiatric,greenleafhospital.com,osm,59,Greenleaf Behavioral Health Hospital,https://www.greenleafhospital.com/cms-hpt.txt,yes
114037,RIDGEVIEW INSTITUTE MONROE,MONROE,GA,Psychiatric,ridgeviewmonroe.com,guess,100,Ridgeview Institute of Monroe,https://ridgeviewmonroe.com/cms-hpt.txt,yes
120002,MAUI MEMORIAL MEDICAL CENTER,WAILUKU,HI,Acute Care Hospitals,mauihealthsystem.org,osm,100,Maui Memorial Medical Center,https://mauihealthsystem.org/cms-hpt.txt,yes
121300,KAUAI VETERANS MEMORIAL HOSPITAL,WAIMEA,HI,Critical Access Hospitals,kauai.hhsc.org,osm,100,Kauai Veterans Memorial Hospital,https://kauai.hhsc.org/cms-hpt.txt,yes
121301,KAU HOSPITAL,PAHALA,HI,Critical Access Hospitals,kauhospital.org,osm,100,Ka'u Hospital,https://kauhospital.org/cms-hpt.txt,yes
121302,KOHALA HOSPITAL,KAPAAU,HI,Critical Access Hospitals,kohala.hhsc.org,osm,100,Kohala Hospital,https://kohala.hhsc.org/cms-hpt.txt,yes
121305,LANAI COMMUNITY HOSPITAL,LANAI CITY,HI,Critical Access Hospitals,mauihealth.org,osm,100,Lanai Community Hospital,https://mauihealth.org/cms-hpt.txt,yes
121308,KULA HOSPITAL,KULA,HI,Critical Access Hospitals,mauihealthsystem.org,osm,100,Kula Hospital,https://mauihealthsystem.org/cms-hpt.txt,yes
160047,METHODIST JENNIE EDMUNDSON,COUNCIL BLUFFS,IA,Acute Care Hospitals,bestcare.org,osm,100,Methodist Jennie Edmundson,https://bestcare.org/cms-hpt.txt,yes
160089,OTTUMWA REGIONAL HEALTH CENTER,OTTUMWA,IA,Acute Care Hospitals,ottumwaregionalhealth.com,osm,100,Ottumwa Regional Health Center,https://ottumwaregionalhealth.com/cms-hpt.txt,yes
160112,SPENCER MUNICIPAL HOSPITAL,SPENCER,IA,Acute Care Hospitals,spencerhospital.org,osm,100,Spencer Municipal Hospital,https://spencerhospital.org/cms-hpt.txt,yes
160124,LAKES REGIONAL HEALTHCARE,SPIRIT LAKE,IA,Acute Care Hospitals,avera.org,osm,100,Lakes Regional Healthcare,https://avera.org/cms-hpt.txt,yes
161301,IOWA SPECIALTY HOSPITAL - BELMOND,BELMOND,IA,Critical Access Hospitals,iowaspecialtyhospital.com,osm,100,Iowa Specialty Hospital Belmond,https://iowaspecialtyhospital.com/cms-hpt.txt,yes
161302,IOWA SPECIALTY HOSPITAL - CLARION,CLARION,IA,Critical Access Hospitals,iowaspecialtyhospital.com,osm,100,Iowa Specialty Hospital Clarion,https://iowaspecialtyhospital.com/cms-hpt.txt,yes
161305,POCAHONTAS COMMUNITY HOSPITAL,POCAHONTAS,IA,Critical Access Hospitals,pocahontashospital.org,osm,100,Pocahontas Community Hospital,https://pocahontashospital.org/cms-hpt.txt,yes
161306,JONES REGIONAL MEDICAL CENTER,ANAMOSA,IA,Critical Access Hospitals,unitypoint.org,osm,88,UnityPoint Health - Jones Regional Medical Center,https://unitypoint.org/cms-hpt.txt,yes
161308,FRANKLIN GENERAL HOSPITAL,HAMPTON,IA,Critical Access Hospitals,mercyonenorthiowaaffiliates.org,osm,100,Franklin General Hospital,https://mercyonenorthiowaaffiliates.org/cms-hpt.txt,yes
161311,HAWARDEN REGIONAL HEALTHCARE,HAWARDEN,IA,Critical Access Hospitals,hawardenregionalhealthcare.com,guess,100,Hawarden Regional Healthcare,https://hawardenregionalhealthcare.com/cms-hpt.txt,yes
161317,COMPASS MEMORIAL HEALTHCARE,MARENGO,IA,Critical Access Hospitals,compassmemorial.org,osm,100,Compass Memorial Healthcare,https://compassmemorial.org/cms-hpt.txt,yes
161318,VETERANS MEMORIAL HOSPITAL,WAUKON,IA,Critical Access Hospitals,veteransmemorialhospital.com,osm,89,VETERANS MEMORIAL HOSPITAL CITY OF WAUKON IA,https://veteransmemorialhospital.com/cms-hpt.txt,yes
161322,DALLAS COUNTY HOSPITAL,PERRY,IA,Critical Access Hospitals,dallascohospital.org,osm,100,Dallas County Hospital,https://dallascohospital.org/cms-hpt.txt,yes
161324,GEORGE C GRAPE COMMUNITY HOSPITAL,HAMBURG,IA,Critical Access Hospitals,grapehospital.com,osm,100,George C. Grape Community Hospital,https://grapehospital.com/cms-hpt.txt,yes
161327,DAVIS COUNTY HOSPITAL,BLOOMFIELD,IA,Critical Access Hospitals,dchc.org,osm,100,Davis County Hospital,https://dchc.org/cms-hpt.txt,yes
161330,AUDUBON COUNTY MEMORIAL HOSPITAL,AUDUBON,IA,Critical Access Hospitals,acmhhosp.org,osm,100,AUDUBON COUNTY MEMORIAL HOSPITAL,https://acmhhosp.org/cms-hpt.txt,yes
161331,MERCY MEDICAL CENTER-NEW HAMPTON,NEW HAMPTON,IA,Critical Access Hospitals,mercyone.org,osm,96,MercyOne New Hampton Medical Center,https://mercyone.org/cms-hpt.txt,yes
161334,HUMBOLDT COUNTY MEMORIAL HOSPITAL,HUMBOLDT,IA,Critical Access Hospitals,humboldthospital.org,osm,100,Humboldt County Memorial Hospital,https://humboldthospital.org/cms-hpt.txt,yes
161335,BUCHANAN COUNTY HEALTH CENTER,INDEPENDENCE,IA,Critical Access Hospitals,bchealth.org,osm,100,Buchanan County Health Center,https://bchealth.org/cms-hpt.txt,yes
161341,LUCAS COUNTY HEALTH CENTER,CHARITON,IA,Critical Access Hospitals,lchcia.com,osm,100,Lucas County Health Center,https://lchcia.com/cms-hpt.txt,yes
161342,MONROE COUNTY HOSPITAL,ALBIA,IA,Critical Access Hospitals,mchalbia.com,osm,100,MONROE COUNTY HOSPITAL,https://mchalbia.com/cms-hpt.txt,yes
161343,REGIONAL MEDICAL CENTER,MANCHESTER,IA,Critical Access Hospitals,regmedctr.org,osm,100,Regional Medical Center,https://regmedctr.org/cms-hpt.txt,yes
161344,WASHINGTON COUNTY HOSPITAL AND CLINICS,WASHINGTON,IA,Critical Access Hospitals,wchc.org,osm,100,WASHINGTON COUNTY HOSPITAL AND CLINICS,https://wchc.org/cms-hpt.txt,yes
161349,VIRGINIA GAY HOSPITAL,VINTON,IA,Critical Access Hospitals,myvgh.org,osm,98,Virginia Gay Hostpital,https://myvgh.org/cms-hpt.txt,yes
161350,STEWART MEMORIAL COMMUNITY HOSPITAL,LAKE CITY,IA,Critical Access Hospitals,stewartmemorial.org,osm,92,Stewart Memorial Hospital,https://stewartmemorial.org/cms-hpt.txt,yes
161352,CLARINDA REGIONAL HEALTH CENTER,CLARINDA,IA,Critical Access Hospitals,clarindahealth.com,osm,100,CLARINDA REGIONAL HEALTH CENTER,https://clarindahealth.com/cms-hpt.txt,yes
161354,HORN MEMORIAL HOSPITAL,IDA GROVE,IA,Critical Access Hospitals,hornmemorialhospital.org,osm,100,HORN MEMORIAL HOSPITAL,https://hornmemorialhospital.org/cms-hpt.txt,yes
161355,KNOXVILLE HOSPITAL & CLINICS,KNOXVILLE,IA,Critical Access Hospitals,knoxvillehospital.org,osm,100,Knoxville Hospital and Clinics,https://knoxvillehospital.org/cms-hpt.txt,yes
161357,PALO ALTO COUNTY HOSPITAL,EMMETSBURG,IA,Critical Access Hospitals,pachs.com,osm,75,Palo Alto County Health System,https://pachs.com/cms-hpt.txt,yes
161359,BURGESS HEALTH CENTER,ONAWA,IA,Critical Access Hospitals,burgesshc.org,osm,100,Burgess Health Center,https://burgesshc.org/cms-hpt.txt,yes
161361,VAN DIEST MEDICAL CENTER,WEBSTER CITY,IA,Critical Access Hospitals,vandiestmc.org,osm,80,Hamilton County Public Hospital DBA Van Diest Medical Center,https://vandiestmc.org/cms-hpt.txt,yes
161362,CHEROKEE REGIONAL MEDICAL CENTER,CHEROKEE,IA,Critical Access Hospitals,cherokeermc.org,osm,43,Sioux Valley Memorial Hospital Association,https://cherokeermc.org/cms-hpt.txt,yes
161367,PELLA REGIONAL HEALTH CENTER,PELLA,IA,Critical Access Hospitals,pellahealth.org,osm,100,Pella Regional Health Center,https://pellahealth.org/cms-hpt.txt,yes
161368,FLOYD VALLEY HEALTHCARE,LE MARS,IA,Critical Access Hospitals,avera.org,osm,100,Floyd Valley Healthcare,https://avera.org/cms-hpt.txt,yes
161369,CRAWFORD COUNTY MEMORIAL HOSPITAL,DENISON,IA,Critical Access Hospitals,ccmhia.com,osm,100,Crawford County Memorial Hospital,https://ccmhia.com/cms-hpt.txt,yes
161371,WINNMED,DECORAH,IA,Critical Access Hospitals,winnmed.org,osm,59,Winneshiek,https://winnmed.org/cms-hpt.txt,yes
161373,RINGGOLD COUNTY HOSPITAL,MOUNT AYR,IA,Critical Access Hospitals,rchmtayr.org,osm,100,Ringgold County Hospital,https://rchmtayr.org/cms-hpt.txt,yes
161379,MAHASKA  HEALTH PARTNERSHIP,OSKALOOSA,IA,Critical Access Hospitals,mahaskahealth.org,osm,85,Mahaska Health,https://mahaskahealth.org/cms-hpt.txt,yes
161382,ST ANTHONY REGIONAL HOSPITAL & NURSING HOME,CARROLL,IA,Critical Access Hospitals,stanthonyhospital.org,osm,100,St Anthony Regional Hospital and Nursing Home,https://stanthonyhospital.org/cms-hpt.txt,yes
163026,EASTERN IOWA REHABILITATION HOSPITAL LLC,CORALVILLE,IA,Inpatient Rehabilitation,easterniowarehabhospital.com,osm,100,Eastern Iowa Rehabilitation Hospital,https://easterniowarehabhospital.com/cms-hpt.txt,yes
164006,EAGLE VIEW BEHAVIORAL HEALTH,BETTENDORF,IA,Psychiatric,eagleviewbh.com,osm,39,"SBH-Davenport, LLCh",https://eagleviewbh.com/cms-hpt.txt,yes
130003,ST JOSEPH REGIONAL MEDICAL CENTER,LEWISTON,ID,Acute Care Hospitals,sjrmc.org,osm,100,St. Joseph Regional Medical Center,https://sjrmc.org/cms-hpt.txt,yes
130028,PORTNEUF MEDICAL CENTER,POCATELLO,ID,Acute Care Hospitals,portneuf.org,osm,75,Portneuf Medical Partners,https://portneuf.org/cms-hpt.txt,yes
130065,MOUNTAIN VIEW HOSPITAL,IDAHO FALLS,ID,Acute Care Hospitals,mountainviewhospital.org,guess,100,Mountain View Hospital,https://mountainviewhospital.org/cms-hpt.txt,"no - same name in another state, check by hand"
130066,NORTHWEST SPECIALTY HOSPITAL,POST FALLS,ID,Acute Care Hospitals,northwestspecialtyhospital.com,osm,100,Northwest Specialty Hospital,https://northwestspecialtyhospital.com/cms-hpt.txt,yes
130074,"IDAHO FALLS COMMUNITY HOSPITAL, LLC",IDAHO FALLS,ID,Acute Care Hospitals,mountainviewhospital.org,osm,52,Mountain View Hospital,https://mountainviewhospital.org/cms-hpt.txt,yes
131302,NORTH CANYON MEDICAL CENTER,GOODING,ID,Critical Access Hospitals,northcanyon.org,osm,100,North Canyon Medical Center,https://northcanyon.org/cms-hpt.txt,yes
131303,NELL J REDFIELD MEMORIAL HOSPITAL,MALAD CITY,ID,Critical Access Hospitals,oneidacountyhospital.com,osm,53,Oneida County Hospital,https://www.oneidacountyhospital.com/cms-hpt.txt,yes
131305,STEELE MEMORIAL MEDICAL CENTER,SALMON,ID,Critical Access Hospitals,steelemh.org,osm,100,Steele Memorial Medical Center,https://steelemh.org/cms-hpt.txt,yes
131307,WEISER MEMORIAL HOSPITAL,WEISER,ID,Critical Access Hospitals,weisermemorialhospital.org,osm,100,WEISER MEMORIAL HOSPITAL,https://weisermemorialhospital.org/cms-hpt.txt,yes
131313,TETON VALLEY HOSPITAL,DRIGGS,ID,Critical Access Hospitals,tvhcare.org,osm,72,Teton Valley Health Care,https://tvhcare.org/cms-hpt.txt,yes
131314,SHOSHONE MEDICAL CENTER,KELLOGG,ID,Critical Access Hospitals,shoshonehealth.com,osm,100,Shoshone Medical Center,https://www.shoshonehealth.com/cms-hpt.txt,yes
131317,BENEWAH COMMUNITY HOSPITAL,SAINT MARIES,ID,Critical Access Hospitals,bchmed.org,osm,100,Benewah Community Hospital,https://bchmed.org/cms-hpt.txt,yes
131318,VALOR HEALTH,EMMETT,ID,Critical Access Hospitals,valorhealth.org,osm,39,Walter Knox Memorial Hospital,https://valorhealth.org/cms-hpt.txt,yes
134002,INTERMOUNTAIN HOSPITAL,BOISE,ID,Psychiatric,intermountainhospital.com,guess,100,Intermountain Hospital,https://intermountainhospital.com/cms-hpt.txt,yes
140064,ST MARY MEDICAL CENTER,GALESBURG,IL,Acute Care Hospitals,osfhealthcare.org,osm,96,OSF St Mary Medical Center,https://osfhealthcare.org/cms-hpt.txt,yes
140114,SWEDISH HOSPITAL,CHICAGO,IL,Acute Care Hospitals,swedish.org,guess,90,Swedish Edmonds Hospital,https://swedish.org/cms-hpt.txt,yes
140186,RIVERSIDE MEDICAL CENTER,KANKAKEE,IL,Acute Care Hospitals,riversidehealthcare.org,osm,64,Riverside Healthcare,https://riversidehealthcare.org/cms-hpt.txt,yes
141305,MEMORIAL HOSPITAL,CARTHAGE,IL,Critical Access Hospitals,mhtlc.org,osm,100,Memorial Hospital,https://mhtlc.org/cms-hpt.txt,yes
142008,KINDRED HOSPITAL - CHICAGO,NORTHLAKE,IL,Long-term,kindredhospitals.com,chain,94,Kindred Hospital Chicago - North,https://kindredhospitals.com/cms-hpt.txt,yes
142011,HOLY FAMILY MEDICAL CENTER,DES PLAINES,IL,Long-term,holyfamilymedicalcenter.com,osm,100,Holy Family Medical Center,https://holyfamilymedicalcenter.com/cms-hpt.txt,yes
143026,SHIRLEY RYAN ABILITYLAB,CHICAGO,IL,Inpatient Rehabilitation,shirleyryanabilitylab.org,guess,100,Shirley Ryan Abilitylab,https://shirleyryanabilitylab.org/cms-hpt.txt,yes
143028,VAN MATRE ENCOMPASS HEALTH REHABILITATION INSTITUT,ROCKFORD,IL,Inpatient Rehabilitation,encompasshealth.com,chain,99,Van Matre Encompass Health Rehabilitation Institute,https://encompasshealth.com/cms-hpt.txt,yes
143031,ENCOMPASS HEALTH REHAB INSTITUTE OF LIBERTYVILLE,LIBERTYVILLE,IL,Inpatient Rehabilitation,encompasshealth.com,chain,92,Encompass Health Rehabilitation Institute of Libertyville,https://encompasshealth.com/cms-hpt.txt,yes
144026,HARTGROVE HOSPITAL,CHICAGO,IL,Psychiatric,hartgrovehospital.com,guess,100,Hartgrove Hospital,https://hartgrovehospital.com/cms-hpt.txt,yes
150007,COMMUNITY HOWARD REGIONAL HEALTH INC.,KOKOMO,IN,Acute Care Hospitals,ecommunity.com,osm,100,Community Howard Regional Health,https://ecommunity.com/cms-hpt.txt,yes
150011,MARION GENERAL HOSPITAL,MARION,IN,Acute Care Hospitals,ohiohealth.com,osm,100,Marion General Hospital,https://ohiohealth.com/cms-hpt.txt,yes
150018,ELKHART GENERAL HOSPITAL,ELKHART,IN,Acute Care Hospitals,beaconhealthsystem.org,osm,100,Elkhart General Hospital,https://beaconhealthsystem.org/cms-hpt.txt,yes
150021,PARKVIEW REGIONAL MEDICAL CENTER,FORT WAYNE,IN,Acute Care Hospitals,parkview.com,osm,100,Parkview Regional Medical Center,https://parkview.com/cms-hpt.txt,yes
150058,MEMORIAL HOSPITAL OF SOUTH BEND,SOUTH BEND,IN,Acute Care Hospitals,beaconhealthsystem.org,osm,100,Memorial Hospital of South Bend,https://beaconhealthsystem.org/cms-hpt.txt,yes
150074,COMMUNITY HOSPITAL EAST,INDIANAPOLIS,IN,Acute Care Hospitals,ecommunity.com,osm,100,Community Hospital East,https://ecommunity.com/cms-hpt.txt,yes
150113,COMMUNITY HOSPITAL OF ANDERSON AND MADISON COUNTY,ANDERSON,IN,Acute Care Hospitals,ecommunity.com,osm,89,Community Hospital Anderson,https://ecommunity.com/cms-hpt.txt,yes
150128,"COMMUNITY HOSPITAL SOUTH, INC.",INDIANAPOLIS,IN,Acute Care Hospitals,ecommunity.com,osm,100,Community Hospital South,https://ecommunity.com/cms-hpt.txt,yes
150169,COMMUNITY HOSPITAL NORTH,INDIANAPOLIS,IN,Acute Care Hospitals,ecommunity.com,osm,100,Community Hospital North,https://ecommunity.com/cms-hpt.txt,yes
152007,KINDRED HOSPITAL INDIANAPOLIS,INDIANAPOLIS,IN,Long-term,kindredhospitals.com,osm,100,Kindred Hospital Indianapolis,https://kindredhospitals.com/cms-hpt.txt,yes
152013,KINDRED HOSPITAL INDIANAPOLIS NORTH,INDIANAPOLIS,IN,Long-term,kindredhospitals.com,osm,100,Kindred Hospital Indianapolis North,https://kindredhospitals.com/cms-hpt.txt,yes
152028,NW INDIANA-AMG SPECIALTY HOSPITAL,CROWN POINT,IN,Long-term,amgihm.com,osm,93,AMG Specialty Hospital - Northwest Indiana,https://amgihm.com/cms-hpt.txt,yes
153025,ENCOMPASS HEALTH DEACONESS REHABILITATION HOSPITAL,NEWBURGH,IN,Inpatient Rehabilitation,encompasshealth.com,osm,100,Encompass Health Deaconess Rehabilitation Hospital,https://encompasshealth.com/cms-hpt.txt,yes
153028,REHABILITATION HOSPITAL OF INDIANA INC,INDIANAPOLIS,IN,Inpatient Rehabilitation,rhirehab.com,osm,100,Rehabilitation Hospital of Indiana,https://rhirehab.com/cms-hpt.txt,yes
153042,LAFAYETTE REGIONAL REHABILITATION HOSPITAL,LAFAYETTE,IN,Inpatient Rehabilitation,lrrh.ernesthealth.com,osm,100,Lafayette Regional Rehabilitation Hospital LLC,https://lrrh.ernesthealth.com/cms-hpt.txt,yes
153044,COMMUNITY HEALTH NETWORK REHABILITATION HOSP SO,GREENWOOD,IN,Inpatient Rehabilitation,communityrehabhospitalsouth.com,osm,77,Community Rehabilitation Hospital South,https://communityrehabhospitalsouth.com/cms-hpt.txt,yes
153045,POWERS HEALTH REHABILITATION CENTER,CROWN POINT,IN,Inpatient Rehabilitation,powershealth.org,guess,100,Powers Health Rehabilitation Center,https://powershealth.org/cms-hpt.txt,yes
153046,PAM HEALTH REHABILITATION HOSPITAL OF GREATER INDI,CLARKSVILLE,IN,Inpatient Rehabilitation,pamhealth.com,osm,90,PAM Health Rehabilitation Hospital of Greater Indiana - South Campus,https://pamhealth.com/cms-hpt.txt,yes
153048,"INDIANAPOLIS REHABILITATION HOSPITAL, LLC",CARMEL,IN,Inpatient Rehabilitation,indianapolis-rehabhospital.com,osm,100,"Indianapolis Rehabilitation Hospital, LLC",https://indianapolis-rehabhospital.com/cms-hpt.txt,yes
154024,VALLE VISTA HEALTH SYSTEM,GREENWOOD,IN,Psychiatric,vallevistahospital.com,guess,100,Valle Vista Health System,https://vallevistahospital.com/cms-hpt.txt,yes
154047,MICHIANA BEHAVIORAL HEALTH CENTER,PLYMOUTH,IN,Psychiatric,michianabehavioralhealth.com,guess,100,Michiana Behavioral Health Center,https://michianabehavioralhealth.com/cms-hpt.txt,yes
154070,MAPLE HEIGHTS BEHAVIORAL HEALTH,FORT WAYNE,IN,Psychiatric,mapleheightsbehavioral.com,guess,100,Maple Heights Behavioral Health,https://www.mapleheightsbehavioral.com/cms-hpt.txt,yes
170009,SAINT JOHN HOSPITAL,LEAVENWORTH,KS,Acute Care Hospitals,stjohnleavenworth.com,osm,100,Saint John Hospital,https://stjohnleavenworth.com/cms-hpt.txt,yes
170013,HAYS MEDICAL CENTER,HAYS,KS,Acute Care Hospitals,haysmed.com,osm,100,Hays Medical Center,https://haysmed.com/cms-hpt.txt,yes
170027,PRATT REGIONAL MEDICAL CENTER,PRATT,KS,Acute Care Hospitals,prmc.org,osm,100,Pratt Regional Medical Center,https://prmc.org/cms-hpt.txt,yes
170074,"STORMONT VAIL HEALTH FLINT HILLS, LLC",JUNCTION CITY,KS,Acute Care Hospitals,stormontvail.org,guess,94,Stormont Vail Flint Hills LLC,https://stormontvail.org/cms-hpt.txt,yes
170105,MCPHERSON HOSPITAL,MCPHERSON,KS,Acute Care Hospitals,mcphersonhospital.org,osm,62,McPherson Center for Health,https://mcphersonhospital.org/cms-hpt.txt,yes
170182,MENORAH MEDICAL CENTER,OVERLAND PARK,KS,Acute Care Hospitals,hcamidwest.com,osm,100,MENORAH MEDICAL CENTER,https://hcamidwest.com/cms-hpt.txt,yes
170191,UNIVERSITY  OF KS HLTH SYSTEM GREAT BEND CAMPUS,GREAT BEND,KS,Acute Care Hospitals,kansashealthsystem.com,osm,93,The University of Kansas Health System Great Bend Campus,https://kansashealthsystem.com/cms-hpt.txt,yes
170196,"KANSAS SPINE & SPECIALTY HOSPITAL, LLC",WICHITA,KS,Acute Care Hospitals,ksspine.com,osm,100,Kansas Spine & Specialty Hospital,https://ksspine.com/cms-hpt.txt,yes
170197,KANSAS MEDICAL CENTER LLC,ANDOVER,KS,Acute Care Hospitals,ksmedcenter.com,osm,100,Kansas Medical Center,https://ksmedcenter.com/cms-hpt.txt,yes
170198,"SUMMIT SURGICAL, LLC",HUTCHINSON,KS,Acute Care Hospitals,summitks.com,osm,100,Summit Surgical,https://summitks.com/cms-hpt.txt,yes
170780,"MERCY HOSPITAL, INC",MOUNDRIDGE,KS,Rural Emergency Hospital,mercyh.org,osm,100,"Mercy Hospital, Inc",https://mercyh.org/cms-hpt.txt,yes
171301,ELLINWOOD DISTRICT HOSPITAL,ELLINWOOD,KS,Critical Access Hospitals,ellinwooddistricthospital.org,guess,100,Ellinwood District Hospital,https://ellinwooddistricthospital.org/cms-hpt.txt,yes
171307,RAWLINS COUNTY HEALTH CENTER,ATWOOD,KS,Critical Access Hospitals,rchc.us,osm,100,Rawlins County Health Center,https://rchc.us/cms-hpt.txt,yes
171312,COMANCHE COUNTY HOSPITAL,COLDWATER,KS,Critical Access Hospitals,comanchecountyhospital.com,osm,100,Comanche County Hospital,https://comanchecountyhospital.com/cms-hpt.txt,yes
171313,KEARNY COUNTY HOSPITAL,LAKIN,KS,Critical Access Hospitals,kearnycountyhospital.com,osm,100,Kearny County Hospital,https://kearnycountyhospital.com/cms-hpt.txt,yes
171317,EDWARDS COUNTY MEDICAL CENTER,KINSLEY,KS,Critical Access Hospitals,edcomed.com,osm,100,Edwards County Medical Center,https://edcomed.com/cms-hpt.txt,yes
171321,MEADE DISTRICT HOSPITAL,MEADE,KS,Critical Access Hospitals,avhealthsystem.com,osm,100,Meade District Hospital,https://avhealthsystem.com/cms-hpt.txt,yes
171322,HAMILTON COUNTY HOSPITAL,SYRACUSE,KS,Critical Access Hospitals,hamiltoncountyhospital.net,osm,100,Hamilton County Hospital,https://hamiltoncountyhospital.net/cms-hpt.txt,yes
171325,GRAHAM COUNTY HOSPITAL,HILL CITY,KS,Critical Access Hospitals,grahamcountyhospital.org,osm,100,Graham County Hospital,https://grahamcountyhospital.org/cms-hpt.txt,yes
171330,HOSPITAL DISTRICT #1 OF RICE COUNTY,LYONS,KS,Critical Access Hospitals,ricecountyhospital.com,osm,98,Rice County District Hospital,https://ricecountyhospital.com/cms-hpt.txt,yes
171334,MEDICINE LODGE MEMORIAL HOSPITAL,MEDICINE LODGE,KS,Critical Access Hospitals,mlmh.net,osm,100,Medicine Lodge Memorial Hospital,https://mlmh.net/cms-hpt.txt,yes
171335,STEVENS COUNTY HOSPITAL,HUGOTON,KS,Critical Access Hospitals,stevenscountyhospital.com,osm,100,STEVENS COUNTY HOSPITAL,https://stevenscountyhospital.com/cms-hpt.txt,yes
171336,NESS COUNTY HOSPITAL DISTRICT #2,NESS CITY,KS,Critical Access Hospitals,nchospital.org,osm,100,Ness County Hospital - District #2,https://nchospital.org/cms-hpt.txt,yes
171343,STANTON COUNTY HOSPITAL,JOHNSON,KS,Critical Access Hospitals,stantoncountyhospital.com,guess,100,STANTON COUNTY HOSPITAL,https://stantoncountyhospital.com/cms-hpt.txt,yes
171344,WILSON MEDICAL CENTER,NEODESHA,KS,Critical Access Hospitals,wilsonmedical.org,osm,100,Wilson Medical Center,https://wilsonmedical.org/cms-hpt.txt,yes
171347,SHERIDAN COUNTY HOSPITAL,HOXIE,KS,Critical Access Hospitals,ambermed.com,osm,100,Sheridan County Hospital,https://ambermed.com/cms-hpt.txt,yes
171348,NORTON COUNTY HOSPITAL,NORTON,KS,Critical Access Hospitals,ntcohosp.com,osm,100,Norton County Hospital,https://ntcohosp.com/cms-hpt.txt,yes
171351,WASHINGTON COUNTY HOSPITAL,WASHINGTON,KS,Critical Access Hospitals,washcohospital.net,osm,100,Washington County Hospital,https://washcohospital.net/cms-hpt.txt,yes
171355,TREGO COUNTY LEMKE MEMORIAL HOSPITAL,WAKEENEY,KS,Critical Access Hospitals,tclmh.org,osm,100,Trego County Lemke Memorial Hospital,https://tclmh.org/cms-hpt.txt,yes
171356,ST LUKE HOSPITAL & LIVING CENTER,MARION,KS,Critical Access Hospitals,slhmarion.org,osm,85,St. Luke Hospital,https://slhmarion.org/cms-hpt.txt,yes
171360,LINCOLN COUNTY HOSPITAL,LINCOLN,KS,Critical Access Hospitals,lincolncountyhospital.net,osm,100,Lincoln County Hospital,https://lincolncountyhospital.net/cms-hpt.txt,yes
171362,CITIZENS MEDICAL CENTER,COLBY,KS,Critical Access Hospitals,cmciks.com,osm,66,Citizens Health,https://cmciks.com/cms-hpt.txt,yes
171363,"COMMUNITY MEMORIAL HEALTHCARE, INC.",MARYSVILLE,KS,Critical Access Hospitals,cmhcare.org,osm,100,Community Memorial Healthcare,https://cmhcare.org/cms-hpt.txt,yes
171364,OSBORNE COUNTY MEMORIAL HOSPITAL,OSBORNE,KS,Critical Access Hospitals,ocmh.org,osm,100,Osborne County Memorial Hospital,https://ocmh.org/cms-hpt.txt,yes
171365,HANOVER HOSPITAL,HANOVER,KS,Critical Access Hospitals,hanoverhospitalks.org,osm,100,Hanover Hospital,https://hanoverhospitalks.org/cms-hpt.txt,yes
171368,MINNEOLA DISTRICT HOSPITAL,MINNEOLA,KS,Critical Access Hospitals,minneolahealth.com,osm,100,Minneola District Hospital,https://minneolahealth.com/cms-hpt.txt,yes
171371,CLAY COUNTY MEDICAL CENTER,CLAY CENTER,KS,Critical Access Hospitals,ccmcks.org,osm,100,Clay County Medical Center,https://ccmcks.org/cms-hpt.txt,yes
171372,SCOTT COUNTY HOSPITAL,SCOTT CITY,KS,Critical Access Hospitals,scotthospital.net,osm,100,Scott County Hospital,https://scotthospital.net/cms-hpt.txt,yes
171374,FREDONIA REGIONAL HOSPITAL,FREDONIA,KS,Critical Access Hospitals,frh1.org,osm,100,Fredonia Regional Hospital,https://frh1.org/cms-hpt.txt,yes
171377,SMITH COUNTY MEMORIAL HOSPITAL,SMITH CENTER,KS,Critical Access Hospitals,scmhks.org,osm,100,SMITH COUNTY MEMORIAL HOSPITAL,https://scmhks.org/cms-hpt.txt,yes
171379,MORRIS COUNTY HOSPITAL,COUNCIL GROVE,KS,Critical Access Hospitals,mrcohosp.com,osm,100,MORRIS COUNTY HOSPITAL,https://mrcohosp.com/cms-hpt.txt,yes
171383,WILLIAM NEWTON HOSPITAL,WINFIELD,KS,Critical Access Hospitals,wnhcares.org,osm,100,William Newton Hospital,https://wnhcares.org/cms-hpt.txt,yes
171384,NEWMAN REGIONAL HEALTH,EMPORIA,KS,Critical Access Hospitals,newmanrh.org,osm,100,Newman Regional Health,https://newmanrh.org/cms-hpt.txt,yes
171386,MORTON COUNTY HOSPITAL,ELKHART,KS,Critical Access Hospitals,mchswecare.com,osm,72,Morton County Health System,https://mchswecare.com/cms-hpt.txt,yes
171387,"COFFEYVILLE REGIONAL MEDICAL CENTER, INC",COFFEYVILLE,KS,Critical Access Hospitals,crmcinc.org,osm,100,Coffeyville Regional Medical Center,https://crmcinc.org/cms-hpt.txt,yes
171388,BOB WILSON MEMORIAL HOSPITAL,ULYSSES,KS,Critical Access Hospitals,centura.org,osm,91,Bob Wilson Memorial Grant County Hospital,https://centura.org/cms-hpt.txt,yes
173026,MIDAMERICA REHABILITATION HOSPITAL,OVERLAND PARK,KS,Inpatient Rehabilitation,encompasshealth.com,osm,100,MidAmerica Rehabilitation Hospital,https://encompasshealth.com/cms-hpt.txt,yes
173028,"ASCENSION VIA CHRISTI REHABILITATION HOSPITAL, INC",WICHITA,KS,Inpatient Rehabilitation,healthcare.ascension.org,osm,100,"Ascension Via Christi Rehabilitation Hospital, Inc.",https://healthcare.ascension.org/cms-hpt.txt,yes
173032,REHABILITATION HOSPITAL OF OVERLAND PARK,OVERLAND PARK,KS,Inpatient Rehabilitation,pamhealth.com,osm,100,Rehabilitation Hospital of Overland Park,https://pamhealth.com/cms-hpt.txt,yes
181321,WAYNE COUNTY HOSPITAL,MONTICELLO,KY,Critical Access Hospitals,waynecountyhospital.org,guess,100,WAYNE COUNTY HOSPITAL,https://waynecountyhospital.org/cms-hpt.txt,"no - same name in another state, check by hand"
181322,CALDWELL MEDICAL CENTER,PRINCETON,KY,Critical Access Hospitals,caldwellmedical.com,osm,100,Caldwell Medical Center,https://caldwellmedical.com/cms-hpt.txt,yes
182001,KINDRED HOSPITAL LOUISVILLE,LOUISVILLE,KY,Long-term,kindredhospitals.com,osm,100,Kindred Hospital Louisville,https://kindredhospitals.com/cms-hpt.txt,yes
183026,CARDINAL HILL REHABILITATION HOSPITAL,LEXINGTON,KY,Inpatient Rehabilitation,encompasshealth.com,osm,100,Cardinal Hill Rehabilitation Hospital,https://encompasshealth.com/cms-hpt.txt,yes
183027,ENCOMPASS HEALTH REHABILITATION HOSPITAL OF NORTHE,EDGEWOOD,KY,Inpatient Rehabilitation,encompasshealth.com,osm,93,Encompass Health Rehabilitation Hospital of North Tampa,https://encompasshealth.com/cms-hpt.txt,yes
183028,ENCOMPASS HEALTH REHABILITATION HOSPITAL OF LAKEVI,ELIZABETHTOWN,KY,Inpatient Rehabilitation,encompasshealth.com,chain,98,Encompass Health Rehabilitation Hospital of Lakeview,https://encompasshealth.com/cms-hpt.txt,yes
183030,GATEWAY REHABILITATION HOSPITAL,FLORENCE,KY,Inpatient Rehabilitation,vrhgateway.com,osm,100,Gateway Rehabilitation Hospital,https://vrhgateway.com/cms-hpt.txt,yes
184008,THE BROOK HOSPITAL - KMI,LOUISVILLE,KY,Psychiatric,thebrookhospitals.com,osm,100,The Brook Hospital - KMI,https://thebrookhospitals.com/cms-hpt.txt,yes
184009,THE RIDGE BEHAVIORAL HEALTH SYSTEM,LEXINGTON,KY,Psychiatric,ridgebhs.com,osm,100,The Ridge Behavioral Health System,https://ridgebhs.com/cms-hpt.txt,yes
184014,CUMBERLAND HALL HOSPITAL,HOPKINSVILLE,KY,Psychiatric,cumberlandhallhospital.com,osm,100,Cumberland Hall Hospital,https://cumberlandhallhospital.com/cms-hpt.txt,yes
184017,RIVENDELL BEHAVIORAL HEALTH SERVICES,BOWLING GREEN,KY,Psychiatric,rivendellbehavioral.com,osm,80,Rivendell Behavioral Health Hospital,https://rivendellbehavioral.com/cms-hpt.txt,yes
190036,OCHSNER MEDICAL CENTER ACUTE,NEW ORLEANS,LA,Acute Care Hospitals,ochsner.org,osm,86,Ochsner Medical Center - Kenner,https://ochsner.org/cms-hpt.txt,yes
190167,MERCY REGIONAL MEDICAL CENTER,VILLE PLATTE,LA,Acute Care Hospitals,mercyregionalmedical.com,osm,100,Mercy Regional Medical Center,https://mercyregionalmedical.com/cms-hpt.txt,yes
190319,ALEXANDRIA HOSPITAL,ALEXANDRIA,LA,Acute Care Hospitals,alexandriaer.com,osm,59,Oklahoma ER & Hospital,https://alexandriaer.com/cms-hpt.txt,yes
191319,ACADIA ST LANDRY,CHURCH POINT,LA,Critical Access Hospitals,aslh.org,osm,78,Acadia St. Landry Hospital Service District,https://aslh.org/cms-hpt.txt,yes
192011,PAM HEALTH SPECIALTY HOSPITAL OF SHREVEPORT,SHREVEPORT,LA,Long-term,pamhealth.com,chain,100,PAM Health Specialty Hospital of Shreveport,https://pamhealth.com/cms-hpt.txt,yes
192028,RIVERBRIDGE SPECIALTY HOSPITAL,VIDALIA,LA,Long-term,riverbridgela.com,osm,52,Professional Rehabilitation Hospital LLC,https://riverbridgela.com/cms-hpt.txt,yes
192029,LAFAYETTE - A M G SPECIALTY HOSPITAL,LAFAYETTE,LA,Long-term,lafayettesurgical.com,osm,0,,https://lafayettesurgical.com/cms-hpt.txt,yes
192043,RIVERSIDE HOSPITAL OF LOUISIANA,ALEXANDRIA,LA,Long-term,riversidehospital.net,osm,100,Riverside Hospital of Louisiana,https://riversidehospital.net/cms-hpt.txt,yes
192048,P A M SPECIALTY HOSPITAL OF COVINGTON,COVINGTON,LA,Long-term,pamhealth.com,osm,94,PAM Specialty Hospital of Covington,https://pamhealth.com/cms-hpt.txt,yes
193028,BATON ROUGE REHAB HOSPITAL,BATON ROUGE,LA,Inpatient Rehabilitation,brrehab.com,osm,100,Baton Rouge Rehab Hospital,https://brrehab.com/cms-hpt.txt,yes
193031,ENCOMPASS HEALTH REHABILITATION HOSPITAL OF ALEXAN,ALEXANDRIA,LA,Inpatient Rehabilitation,encompasshealth.com,chain,96,Encompass Health Rehabilitation Hospital of Alexandria,https://encompasshealth.com/cms-hpt.txt,yes
193078,SAGE REHABILITATION HOSPITAL,BATON ROUGE,LA,Inpatient Rehabilitation,brrehab.com,osm,65,Baton Rouge Rehab Hospital,https://brrehab.com/cms-hpt.txt,yes
193080,SPECIALTY REHABILITATION HOSPITAL,COUSHATTA,LA,Inpatient Rehabilitation,specialtyrehabhospital.com,osm,100,Specialty Rehabilitation Hospital,https://specialtyrehabhospital.com/cms-hpt.txt,yes
193093,LAFAYETTE-AMG PHYSICAL REHABILITATION HOSPITAL,LAFAYETTE,LA,Inpatient Rehabilitation,lrrh.ernesthealth.com,osm,86,Lafayette Regional Rehabilitation Hospital LLC,https://lrrh.ernesthealth.com/cms-hpt.txt,yes
194074,SERENITY SPRINGS SPECIALTY HOSPITAL,RUSTON,LA,Psychiatric,serenityhospital.com,osm,100,Serenity Springs Specialty Hospital,https://serenityhospital.com/cms-hpt.txt,yes
713028,ENCOMPASS HEALTH REHABILITATION HOSPITAL OF SHREVE,SHREVEPORT,LA,Inpatient Rehabilitation,encompasshealth.com,osm,96,Encompass Health Rehabilitation Hospital of Shreveport,https://encompasshealth.com/cms-hpt.txt,yes
713029,SHREVEPORT REHABILITATION HOSPITAL LLC,SHREVEPORT,LA,Inpatient Rehabilitation,encompasshealth.com,osm,90,Encompass Health Rehabilitation Hospital of Shreveport,https://encompasshealth.com/cms-hpt.txt,yes
220008,STURDY MEMORIAL HOSPITAL,ATTLEBORO,MA,Acute Care Hospitals,sturdyhealth.org,guess,100,Sturdy Memorial Hospital,https://sturdyhealth.org/cms-hpt.txt,yes
220010,MERRIMACK HEALTH LAWRENCE HOSPITAL,LAWRENCE,MA,Acute Care Hospitals,mhlawrencehospital.org,osm,76,Lawrence General Hospital,https://mhlawrencehospital.org/cms-hpt.txt,yes
220015,"COOLEY DICKINSON HOSPITAL INC,THE",NORTHAMPTON,MA,Acute Care Hospitals,cooleydickinson.com,guess,100,Cooley Dickinson Hospital,https://cooleydickinson.com/cms-hpt.txt,yes
220016,BAYSTATE FRANKLIN MEDICAL CENTER,GREENFIELD,MA,Acute Care Hospitals,baystatehealth.org,osm,100,Baystate Franklin Medical Center,https://baystatehealth.org/cms-hpt.txt,yes
220029,ANNA JAQUES HOSPITAL,NEWBURYPORT,MA,Acute Care Hospitals,ajh.org,osm,100,Anna Jaques Hospital,https://ajh.org/cms-hpt.txt,yes
220030,BAYSTATE WING HOSPITAL,PALMER,MA,Acute Care Hospitals,baystatehealth.org,osm,100,Baystate Wing Hospital,https://baystatehealth.org/cms-hpt.txt,yes
220052,SIGNATURE HEALTHCARE BROCKTON HOSPITAL,BROCKTON,MA,Acute Care Hospitals,signature-healthcare.org,osm,84,Signature Healthcare,https://signature-healthcare.org/cms-hpt.txt,yes
220060,BETH ISRAEL DEACONESS HOSPITAL PLYMOUTH,PLYMOUTH,MA,Acute Care Hospitals,bidplymouth.org,osm,100,Beth Israel Deaconess Hospital–Plymouth,https://bidplymouth.org/cms-hpt.txt,yes
220065,BAYSTATE NOBLE HOSPITAL,WESTFIELD,MA,Acute Care Hospitals,baystatehealth.org,osm,100,Baystate Noble Hospital,https://baystatehealth.org/cms-hpt.txt,yes
220083,BETH ISRAEL DEACONESS HOSPITAL - NEEDHAM,NEEDHAM,MA,Acute Care Hospitals,bidneedham.org,osm,100,Beth Israel Deaconess Hospital–Needham,https://bidneedham.org/cms-hpt.txt,yes
220108,BETH ISRAEL DEACONESS HOSPITAL - MILTON,MILTON,MA,Acute Care Hospitals,bidmilton.org,osm,100,Beth Israel Deaconess Hospital–Milton,https://bidmilton.org/cms-hpt.txt,yes
220171,"LAHEY HOSPITAL & MEDICAL CENTER, BURLINGTON",BURLINGTON,MA,Acute Care Hospitals,lahey.org,osm,92,Lahey Hospital & Medical Center,https://lahey.org/cms-hpt.txt,yes
221302,FAIRVIEW HOSPITAL,GREAT BARRINGTON,MA,Critical Access Hospitals,berkshirehealthsystems.org,osm,100,Fairview Hospital,https://berkshirehealthsystems.org/cms-hpt.txt,yes
221304,NORTH ADAMS REGIONAL HOSPITAL CORPORATION,NORTH ADAMS,MA,Critical Access Hospitals,berkshirehealthsystems.org,osm,91,North Adams Regional Hospital,https://berkshirehealthsystems.org/cms-hpt.txt,yes
222002,PAM HEALTH SPECIALTY HOSPITAL OF STOUGHTON,STOUGHTON,MA,Long-term,pamhealth.com,osm,100,PAM Health Specialty Hospital of Stoughton,https://pamhealth.com/cms-hpt.txt,yes
222007,HEBREW REHABILITATION CENTER,BOSTON,MA,Long-term,hebrewseniorlife.org,osm,93,hebrew rehabilitation center hospital,https://hebrewseniorlife.org/cms-hpt.txt,yes
222043,VIBRA HOSPITAL OF SOUTHEASTERN MASSACHUSETTS,NEW BEDFORD,MA,Long-term,vhmass.com,osm,100,Vibra Hospital of Southeastern Massachusetts,https://vhmass.com/cms-hpt.txt,yes
222046,VIBRA HOSPITAL OF WESTERN MASS - CENTRAL CAMPUS,ROCHDALE,MA,Long-term,vhwmasscentral.com,osm,92,Vibra Hospital of Western Massachusetts - Central Campus,https://vhwmasscentral.com/cms-hpt.txt,yes
222047,WHITTIER REHABILITATION HOSPITAL - BRADFORD,BRADFORD,MA,Long-term,whittierhealth.com,osm,100,Whittier Rehabilitation Hospital - Bradford,https://whittierhealth.com/cms-hpt.txt,yes
222048,WHITTIER REHABILITATION HOSPITAL,WESTBOROUGH,MA,Long-term,whittierhealth.com,osm,94,Whittier Rehabilitation Hospital - Bradford,https://whittierhealth.com/cms-hpt.txt,yes
223026,ENCOMPASS HEALTH REHABILITATION HOSP OF NEW ENGLAN,WOBURN,MA,Inpatient Rehabilitation,encompasshealth.com,osm,95,Encompass Health Rehabilitation Hospital of New England,https://encompasshealth.com/cms-hpt.txt,yes
223027,ENCOMPASS HEALTH BRAINTREE HOSPITAL OF BRAINTREE,BRAINTREE,MA,Inpatient Rehabilitation,encompasshealth.com,osm,87,Encompass Health Rehabilitation Hospital of Braintree,https://encompasshealth.com/cms-hpt.txt,yes
223300,FRANCISCAN CHILDREN'S HOSPITAL & REHAB CENTER,BRIGHTON,MA,Childrens,franciscanchildrens.org,osm,78,Franciscan Hospital for Children,https://franciscanchildrens.org/cms-hpt.txt,yes
224013,ARBOUR HOSPITAL,BOSTON,MA,Psychiatric,arbourhospital.com,osm,100,Arbour Hospital,https://arbourhospital.com/cms-hpt.txt,yes
224021,ARBOUR-FULLER HOSPITAL,SOUTH ATTLEBORO,MA,Psychiatric,fullerhospital.com,osm,91,Fuller Hospital,https://fullerhospital.com/cms-hpt.txt,yes
224022,BOURNEWOOD HOSPITAL,BROOKLINE,MA,Psychiatric,bournewood.com,osm,66,Bournewood Health Systems,https://bournewood.com/cms-hpt.txt,yes
224041,SOUTHCOAST BEHAVIORAL HEALTH,DARTMOUTH,MA,Psychiatric,southcoastbehavioral.com,osm,93,Southcoast Behavioral Health Hospital,https://www.southcoastbehavioral.com/cms-hpt.txt,yes
224043,TARAVISTA BEHAVIORAL HEALTH CENTER,DEVENS,MA,Psychiatric,taravista.care,osm,100,TaraVista Behavioral Health Center,https://taravista.care/cms-hpt.txt,yes
224046,MIRAVISTA BEHAVIORAL HEALTH CENTER,HOLYOKE,MA,Psychiatric,miravistabhc.care,osm,100,MiraVista Behavioral Health Center,https://miravistabhc.care/cms-hpt.txt,yes
224047,VALLEY SPRINGS BEHAVIORAL HEALTH HOSPITAL,HOLYOKE,MA,Psychiatric,valleyspringsbh.com,osm,100,Valley Springs Behavioral Health Hospital,https://valleyspringsbh.com/cms-hpt.txt,yes
210001,MERITUS MEDICAL CENTER,HAGERSTOWN,MD,Acute Care Hospitals,meritushealth.com,osm,100,"Meritus Medical Center, Inc.",https://meritushealth.com/cms-hpt.txt,yes
210008,MERCY MEDICAL CENTER INC,BALTIMORE,MD,Acute Care Hospitals,mdmercy.com,osm,0,,https://mdmercy.com/cms-hpt.txt,yes
210023,"LUMINIS HEALTH ANNE ARUNDEL MEDICAL CENTER, INC",ANNAPOLIS,MD,Acute Care Hospitals,luminishealth.org,osm,100,Luminis Health Anne Arundel Medical Center,https://luminishealth.org/cms-hpt.txt,yes
210035,UNIVERSITY OF MD CHARLES REGIONAL  MEDICAL CENTER,LA PLATA,MD,Acute Care Hospitals,umms.org,osm,89,UM Charles Regional Medical Center,https://umms.org/cms-hpt.txt,yes
210037,UNIVERSITY OF MD SHORE MEDICAL CENTER AT EASTON,EASTON,MD,Acute Care Hospitals,umms.org,osm,88,UM Shore Medical Center at Easton,https://umms.org/cms-hpt.txt,yes
210039,CALVERTHEALTH MEDICAL CENTER,PRINCE FREDERICK,MD,Acute Care Hospitals,calverthealthmedicine.org,osm,100,CalvertHealth Medical Center,https://calverthealthmedicine.org/cms-hpt.txt,yes
210043,UNIVERSITY OF MD BALTIMORE WASHINGTON MEDICAL CENTER,GLEN BURNIE,MD,Acute Care Hospitals,umms.org,osm,90,UM Baltimore Washington Medical Center,https://umms.org/cms-hpt.txt,yes
210044,GREATER BALTIMORE MEDICAL CENTER,BALTIMORE,MD,Acute Care Hospitals,gbmc.org,osm,17,GBMC,https://gbmc.org/cms-hpt.txt,yes
212002,WESTERN MARYLAND HOSPITAL CENTER,HAGERSTOWN,MD,Long-term,health.maryland.gov,osm,100,Western Maryland Hospital Center,https://health.maryland.gov/cms-hpt.txt,yes
212003,DEER'S HEAD CENTER,SALISBURY,MD,Long-term,dhmh.maryland.gov,osm,90,Deers Head Hospital Center,https://dhmh.maryland.gov/cms-hpt.txt,yes
213028,ENCOMPASS HEALTH REHAB HOSPITAL OF SALISBURY,SALISBURY,MD,Inpatient Rehabilitation,encompasshealth.com,osm,91,Encompass Health Rehabilitation Hospital of Salisbury,https://encompasshealth.com/cms-hpt.txt,yes
200001,ST JOSEPH HOSPITAL,BANGOR,ME,Acute Care Hospitals,stjosephbangor.org,osm,68,St. Joseph Healthcare,https://stjosephbangor.org/cms-hpt.txt,yes
200008,NORTHERN LIGHT MERCY HOSPITAL,PORTLAND,ME,Acute Care Hospitals,northernlighthealth.org,osm,100,Northern Light Mercy Hospital,https://northernlighthealth.org/cms-hpt.txt,yes
200018,NORTHERN LIGHT  A R GOULD HOSPITAL,PRESQUE ISLE,ME,Acute Care Hospitals,northernlighthealth.org,osm,95,Northern Light AR Gould Hospital,https://northernlighthealth.org/cms-hpt.txt,yes
200021,MAINEHEALTH MID COAST HOSPITAL,BRUNSWICK,ME,Acute Care Hospitals,mainehealth.org,osm,88,Mid Coast Hospital,https://mainehealth.org/cms-hpt.txt,yes
200033,NORTHERN LIGHT EASTERN MAINE MEDICAL CENTER,BANGOR,ME,Acute Care Hospitals,northernlighthealth.org,osm,100,Northern Light Eastern Maine Medical Center,https://northernlighthealth.org/cms-hpt.txt,yes
200034,ST MARY'S REGIONAL MEDICAL CENTER,LEWISTON,ME,Acute Care Hospitals,sjrmc.org,osm,88,St. Joseph Regional Medical Center,https://sjrmc.org/cms-hpt.txt,yes
200050,NORTHERN LIGHT MAINE COAST HOSPITAL,ELLSWORTH,ME,Acute Care Hospitals,northernlighthealth.org,osm,100,Northern Light Maine Coast Hospital,https://northernlighthealth.org/cms-hpt.txt,yes
201300,NORTHERN LIGHT BLUE HILL MEMORIAL HOSPITAL,BLUE HILL,ME,Critical Access Hospitals,northernlighthealth.org,osm,94,Northern Light Blue Hill Hospital,https://northernlighthealth.org/cms-hpt.txt,yes
201301,NORTHERN LIGHT C A DEAN HOSPITAL,GREENVILLE,ME,Critical Access Hospitals,northernlighthealth.org,osm,98,Northern Light CA Dean Hospital,https://northernlighthealth.org/cms-hpt.txt,yes
201304,MOUNT DESERT ISLAND HOSPITAL,BAR HARBOR,ME,Critical Access Hospitals,mdihospital.org,osm,100,Mount Desert Island Hospital,https://mdihospital.org/cms-hpt.txt,yes
201306,RUMFORD  HOSPITAL,RUMFORD,ME,Critical Access Hospitals,cmhc.org,osm,100,Rumford Hospital,https://cmhc.org/cms-hpt.txt,yes
201307,MILLINOCKET REGIONAL HOSPITAL,MILLINOCKET,ME,Critical Access Hospitals,mrhme.org,osm,100,Millinocket Regional Hospital,https://mrhme.org/cms-hpt.txt,yes
201308,HOULTON REGIONAL HOSPITAL,HOULTON,ME,Critical Access Hospitals,houltonregional.org,osm,100,Houlton Regional Hospital,https://houltonregional.org/cms-hpt.txt,yes
201309,NORTHERN LIGHT MAYO HOSPITAL,DOVER FOXCROFT,ME,Critical Access Hospitals,northernlighthealth.org,osm,100,Northern Light Mayo Hospital,https://northernlighthealth.org/cms-hpt.txt,yes
201312,MAINEHEALTH WALDO HOSPITAL,BELFAST,ME,Critical Access Hospitals,mainehealth.org,osm,85,MaineHealth - Memorial Hospital,https://mainehealth.org/cms-hpt.txt,yes
201313,NORTHERN LIGHT SEBASTICOOK VALLEY HOSPITAL,PITTSFIELD,ME,Critical Access Hospitals,northernlighthealth.org,osm,100,Northern Light Sebasticook Valley Hospital,https://northernlighthealth.org/cms-hpt.txt,yes
201314,REDINGTON FAIRVIEW GENERAL HOSPITAL,SKOWHEGAN,ME,Critical Access Hospitals,rfgh.net,osm,100,Redington-Fairview General Hospital,https://rfgh.net/cms-hpt.txt,yes
204006,NORTHERN LIGHT ACADIA HOSPITAL,BANGOR,ME,Psychiatric,northernlighthealth.org,osm,100,Northern Light Acadia Hospital,https://northernlighthealth.org/cms-hpt.txt,yes
230279,HENRY FORD HEALTH BRIGHTON CENTER FOR RECOVERY,BRIGHTON,MI,Acute Care Hospitals,henryford.org,guess,96,Henry Ford Brighton Center for Recovery,https://henryford.org/cms-hpt.txt,yes
232039,PIONEER SPECIALTY HOSPITAL,PONTIAC,MI,Long-term,pioneerspecialtyhospital.com,guess,91,"Pioneer Specialty Hospital - Pontiac, MI",https://pioneerspecialtyhospital.com/cms-hpt.txt,yes
233026,MARY FREE BED REHABILITATION HOSPITAL,GRAND RAPIDS,MI,Inpatient Rehabilitation,maryfreebed.com,guess,100,Mary Free Bed Rehabilitation Hospital,https://maryfreebed.com/cms-hpt.txt,yes
234021,HARBOR OAKS HOSPITAL,NEW BALTIMORE,MI,Psychiatric,harboroaks.com,osm,100,Harbor Oaks Hospital,https://www.harboroaks.com/cms-hpt.txt,yes
234023,HAVENWYCK HOSPITAL,AUBURN HILLS,MI,Psychiatric,havenwyckhospital.com,osm,100,Havenwyck Hospital,https://havenwyckhospital.com/cms-hpt.txt,yes
234030,FOREST VIEW PSYCHIATRIC HOSPITAL,GRAND RAPIDS,MI,Psychiatric,forestviewhospital.com,osm,88,Forest View Hospital,https://forestviewhospital.com/cms-hpt.txt,yes
234043,CEDAR CREEK HOSPITAL,SAINT JOHNS,MI,Psychiatric,cedarcreekhospital.com,osm,100,Cedar Creek Hospital,https://cedarcreekhospital.com/cms-hpt.txt,yes
240002,ESSENTIA HEALTH ST MARY'S MEDICAL CENTER,DULUTH,MN,Acute Care Hospitals,essentiahealth.org,osm,96,Essentia Health-St. Mary's Medical Center (Duluth),https://essentiahealth.org/cms-hpt.txt,yes
240030,ALOMERE HEALTH,ALEXANDRIA,MN,Acute Care Hospitals,alomerehealth.com,osm,77,"Douglas County Hospital, dba Alomere Health",https://alomerehealth.com/cms-hpt.txt,yes
240038,ALLINA UNITED HOSPITAL,SAINT PAUL,MN,Acute Care Hospitals,allinahealth.org,osm,91,United Hospital,https://allinahealth.org/cms-hpt.txt,yes
240047,ST LUKES HOSPITAL,DULUTH,MN,Acute Care Hospitals,slhduluth.com,osm,90,Aspirus St. Luke's Hospital,https://slhduluth.com/cms-hpt.txt,yes
240053,PARK NICOLLET METHODIST HOSPITAL,SAINT LOUIS PARK,MN,Acute Care Hospitals,parknicollet.com,osm,86,Methodist Hospital,https://parknicollet.com/cms-hpt.txt,yes
240064,GRAND ITASCA CLINIC AND HOSPITAL,GRAND RAPIDS,MN,Acute Care Hospitals,granditasca.org,osm,100,Grand Itasca Clinic and Hospital,https://granditasca.org/cms-hpt.txt,yes
240066,LAKEVIEW MEMORIAL HOSPITAL,STILLWATER,MN,Acute Care Hospitals,lakeviewhealth.org,osm,90,Lakeview Hospital,https://lakeviewhealth.org/cms-hpt.txt,yes
240075,ESSENTIA HEALTH ST JOSEPH'S MEDICAL CENTER,BRAINERD,MN,Acute Care Hospitals,essentiahealth.org,osm,95,Essentia Health-St. Joseph's Medical Center (Brainerd),https://essentiahealth.org/cms-hpt.txt,yes
240078,M HEALTH FAIRVIEW SOUTHDALE HOSPITAL,EDINA,MN,Acute Care Hospitals,fairview.org,osm,100,M Health Fairview Southdale Hospital,https://fairview.org/cms-hpt.txt,yes
240080,M HEALTH FAIRVIEW UNIVERSITY OF MN MEDICAL CENTER,MINNEAPOLIS,MN,Acute Care Hospitals,mhealthfairview.org,guess,95,M Health Fairview University of Minnesota Medical Center,https://mhealthfairview.org/cms-hpt.txt,yes
240084,ESSENTIA HEALTH VIRGINIA,VIRGINIA,MN,Acute Care Hospitals,essentiahealth.org,osm,100,Essentia Health-Virginia,https://essentiahealth.org/cms-hpt.txt,yes
240101,ESSENTIA HEALTH ST MARYS - DETROIT LAKES,DETROIT LAKES,MN,Acute Care Hospitals,essentiahealth.org,osm,100,Essentia Health St. Mary's-Detroit Lakes,https://essentiahealth.org/cms-hpt.txt,yes
240115,MERCY HOSPITAL,COON RAPIDS,MN,Acute Care Hospitals,allinahealth.org,osm,100,Mercy Hospital,https://allinahealth.org/cms-hpt.txt,yes
240207,M HEALTH FAIRVIEW RIDGES HOSPITAL,BURNSVILLE,MN,Acute Care Hospitals,fairview.org,osm,100,M Health Fairview Ridges Hospital,https://fairview.org/cms-hpt.txt,yes
240210,M HEALTH FAIRVIEW ST JOHN'S HOSPITAL,MAPLEWOOD,MN,Acute Care Hospitals,mhealthfairview.org,guess,85,M Health Fairview Ridges Hospital,https://mhealthfairview.org/cms-hpt.txt,yes
240213,M HEALTH FAIRVIEW WOODWINDS HOSPITAL,WOODBURY,MN,Acute Care Hospitals,mhealthfairview.org,guess,88,M Health Fairview Ridges Hospital,https://mhealthfairview.org/cms-hpt.txt,yes
240779,MAHNOMEN HEALTH CENTER,MAHNOMEN,MN,Rural Emergency Hospital,mahnomenhealth.org,osm,100,Mahnomen Health Center,https://mahnomenhealth.org/cms-hpt.txt,yes
241305,RIVERWOOD HEALTHCARE CENTER,AITKIN,MN,Critical Access Hospitals,riverwoodhealthcare.org,osm,27,Aitkin Community Hospital,https://riverwoodhealthcare.org/cms-hpt.txt,yes
241309,ESSENTIA HEALTH SANDSTONE,SANDSTONE,MN,Critical Access Hospitals,essentiahealth.org,osm,100,Essentia Health-Sandstone,https://essentiahealth.org/cms-hpt.txt,yes
241312,COOK HOSPITAL,COOK,MN,Critical Access Hospitals,cookhospital.org,osm,100,Cook Hospital,https://cookhospital.org/cms-hpt.txt,yes
241313,ESSENTIA HEALTH ADA,ADA,MN,Critical Access Hospitals,essentiahealth.org,osm,100,Essentia Health-Ada,https://essentiahealth.org/cms-hpt.txt,yes
241316,BIGFORK VALLEY HOSPITAL,BIGFORK,MN,Critical Access Hospitals,bigforkvalley.org,osm,51,Northern Itasca Hospital District,https://bigforkvalley.org/cms-hpt.txt,yes
241321,ESSENTIA HEALTH HOLY TRINITY HOSPITAL,GRACEVILLE,MN,Critical Access Hospitals,essentiahealth.org,osm,94,Essentia Health-Holy Trinity Hospital (Graceville),https://essentiahealth.org/cms-hpt.txt,yes
241322,RAINY LAKE MEDICAL CENTER,INTERNATIONAL FALLS,MN,Critical Access Hospitals,rainylakemedical.com,osm,100,Rainy Lake Medical Center,https://rainylakemedical.com/cms-hpt.txt,yes
241325,CHIPPEWA COUNTY HOSPITAL,MONTEVIDEO,MN,Critical Access Hospitals,ccmhealthmn.com,osm,54,Montevideo Hospital and Clinic,https://ccmhealthmn.com/cms-hpt.txt,yes
241327,SLEEPY EYE MEDICAL CENTER,SLEEPY EYE,MN,Critical Access Hospitals,semedicalcenter.org,osm,100,Sleepy Eye Medical Center,https://semedicalcenter.org/cms-hpt.txt,yes
241334,RIVER'S EDGE HOSPITAL & CLINIC,ST PETER,MN,Critical Access Hospitals,riversedgehealth.org,osm,100,River's Edge Hospital and Clinic,https://riversedgehealth.org/cms-hpt.txt,yes
241337,NORTH VALLEY HEALTH CENTER,WARREN,MN,Critical Access Hospitals,northvalleyhealth.org,osm,82,"Warren Community Hospital, Inc. d/b/a North Valley Health Center",https://northvalleyhealth.org/cms-hpt.txt,yes
241341,APPLETON AREA HEALTH,APPLETON,MN,Critical Access Hospitals,appletonareahealth.com,guess,100,Appleton Area Health,https://appletonareahealth.com/cms-hpt.txt,yes
241350,ESSENTIA HEALTH MOOSE LAKE,MOOSE LAKE,MN,Critical Access Hospitals,essentiahealth.org,osm,100,Essentia Health-Moose Lake,https://essentiahealth.org/cms-hpt.txt,yes
241353,CUYUNA REGIONAL MEDICAL CENTER,CROSBY,MN,Critical Access Hospitals,cuyunamed.org,osm,100,Cuyuna Regional Medical Center,https://cuyunamed.org/cms-hpt.txt,yes
241355,GLENCOE REGIONAL HEALTH,GLENCOE,MN,Critical Access Hospitals,glencoehealth.org,osm,100,Glencoe Regional Health,https://glencoehealth.org/cms-hpt.txt,yes
241356,MILLE LACS HEALTH SYSTEM,ONAMIA,MN,Critical Access Hospitals,mlhealth.org,osm,100,Mille Lacs Health System,https://mlhealth.org/cms-hpt.txt,yes
241357,ESSENTIA HEALTH FOSSTON,FOSSTON,MN,Critical Access Hospitals,essentiahealth.org,osm,100,Essentia Health-Fosston,https://essentiahealth.org/cms-hpt.txt,yes
241359,AVERA MARSHALL REGIONAL MEDICAL CTR,MARSHALL,MN,Critical Access Hospitals,avera.org,osm,96,Avera Marshall Regional Medical Center,https://avera.org/cms-hpt.txt,yes
241360,ESSENTIA HEALTH DEER RIVER,DEER RIVER,MN,Critical Access Hospitals,essentiahealth.org,osm,100,Essentia Health-Deer River,https://essentiahealth.org/cms-hpt.txt,yes
241363,STEVENS COMMUNITY MEDICAL CENTER INC,MORRIS,MN,Critical Access Hospitals,scmcinc.org,osm,100,STEVENS COMMUNITY MEDICAL CENTER,https://scmcinc.org/cms-hpt.txt,yes
241364,COMMUNITY MEMORIAL HOSPITAL,CLOQUET,MN,Critical Access Hospitals,cloquethospital.com,osm,91,Community Memorial Hospital Association,https://cloquethospital.com/cms-hpt.txt,yes
241369,UNITED HOSPITAL DISTRICT,BLUE EARTH,MN,Critical Access Hospitals,uhd.org,osm,100,United Hospital District,https://uhd.org/cms-hpt.txt,yes
241370,ST GABRIELS HOSPITAL,LITTLE FALLS,MN,Critical Access Hospitals,chistgabriels.com,osm,74,CHI St. Gabriel's Health,https://chistgabriels.com/cms-hpt.txt,yes
241374,PIPESTONE COUNTY  MEDICAL CENTER,PIPESTONE,MN,Critical Access Hospitals,avera.org,osm,100,Pipestone County Medical Center,https://avera.org/cms-hpt.txt,yes
241376,GLACIAL RIDGE HOSPITAL,GLENWOOD,MN,Critical Access Hospitals,glacialridge.org,osm,72,GLACIAL RIDGE HEALTH SYSTEM,https://glacialridge.org/cms-hpt.txt,yes
242004,M HEALTH FAIRVIEW BETHESDA HOSPITAL,SAINT PAUL,MN,Long-term,mhealthfairview.org,guess,93,Fairview Bethesda Hospital,https://mhealthfairview.org/cms-hpt.txt,yes
243300,GILLETTE CHILDRENS SPECIALTY HOSPITAL,SAINT PAUL,MN,Childrens,gillettechildrens.org,guess,85,Gillette Children's Specialty Healthcare,https://gillettechildrens.org/cms-hpt.txt,yes
261307,PERSHING MEMORIAL HOSPITAL,BROOKFIELD,MO,Critical Access Hospitals,phsmo.org,osm,58,Pershing Health System,https://phsmo.org/cms-hpt.txt,yes
261328,MOSAIC MEDICAL CENTER ALBANY,ALBANY,MO,Critical Access Hospitals,medcenterhealth.org,osm,93,The Medical Center at Albany,https://medcenterhealth.org/cms-hpt.txt,yes
261333,PIKE COUNTY MEMORIAL HOSPITAL,LOUISIANA,MO,Critical Access Hospitals,pcmh-mo.org,osm,100,Pike County Memorial Hospital,https://www.pcmh-mo.org/cms-hpt.txt,yes
262010,KINDRED HOSPITAL ST LOUIS SOUTH,SAINT LOUIS,MO,Long-term,kindredhospitals.com,chain,100,Kindred Hospital St. Louis South,https://kindredhospitals.com/cms-hpt.txt,yes
262016,"LANDMARK HOSPITAL OF JOPLIN, LLC",JOPLIN,MO,Long-term,lhofjoplin.com,osm,100,"Landmark Hospital Of Joplin, LLC",https://lhofjoplin.com/cms-hpt.txt,yes
262018,KINDRED HOSPITAL NORTHLAND,KANSAS CITY,MO,Long-term,kindredhospitals.com,osm,100,Kindred Hospital Northland,https://kindredhospitals.com/cms-hpt.txt,yes
262020,"LANDMARK HOSPITAL OF COLUMBIA, LLC",COLUMBIA,MO,Long-term,lhofcolumbia.com,osm,100,"Landmark Hospital Of Columbia, LLC",https://lhofcolumbia.com/cms-hpt.txt,yes
263029,MERCY REHABILITATION HOSPITAL ST LOUIS,CHESTERFIELD,MO,Inpatient Rehabilitation,mercy.net,osm,100,Mercy Rehabilitation Hospital St Louis,https://mercy.net/cms-hpt.txt,yes
263030,ST LUKE'S REHABILITATION HOSPITAL,CHESTERFIELD,MO,Inpatient Rehabilitation,mercy.net,osm,88,Mercy Rehabilitation Hospital St Louis,https://mercy.net/cms-hpt.txt,yes
263032,MERCY REHABILITATION HOSPITAL SPRINGFIELD,SPRINGFIELD,MO,Inpatient Rehabilitation,mercy.net,osm,100,Mercy Rehabilitation Hospital Springfield,https://mercy.net/cms-hpt.txt,yes
264012,CENTERPOINTE HOSPITAL,SAINT CHARLES,MO,Psychiatric,centerpointehospital.com,guess,100,CenterPointe Hospital,https://www.centerpointehospital.com/cms-hpt.txt,yes
264024,LAKELAND BEHAVIORAL HEALTH SYSTEM,SPRINGFIELD,MO,Psychiatric,lakelandbehavioralhealth.com,guess,100,Lakeland Behavioral Health System,https://www.lakelandbehavioralhealth.com/cms-hpt.txt,yes
264032,CENTERPOINTE HOSPITAL OF COLUMBIA,COLUMBIA,MO,Psychiatric,centerpointehospitalcolumbia.com,osm,100,CenterPointe Hospital of Columbia,https://www.centerpointehospitalcolumbia.com/cms-hpt.txt,yes
264034,SOUTHEAST BEHAVIORAL HOSPITAL,CAPE GIRARDEAU,MO,Psychiatric,southeastbehavioral.com,osm,100,Southeast Behavioral Hospital,https://southeastbehavioral.com/cms-hpt.txt,yes
250007,Memorial Hospital Biloxi,BILOXI,MS,Acute Care Hospitals,wearememorial.com,osm,100,Memorial Hospital at Biloxi,https://wearememorial.com/cms-hpt.txt,yes
250019,MEMORIAL HOSPITAL AT GULFPORT,GULFPORT,MS,Acute Care Hospitals,wearememorial.com,osm,100,Memorial Hospital at Gulfport,https://wearememorial.com/cms-hpt.txt,yes
250061,YALOBUSHA GENERAL HOSPITAL,WATER VALLEY,MS,Acute Care Hospitals,yalobushageneral.com,osm,63,Yalobusha Health Services,https://yalobushageneral.com/cms-hpt.txt,yes
250124,MAGEE GENERAL HOSPITAL,MAGEE,MS,Acute Care Hospitals,mghosp.org,osm,100,Magee General Hospital,https://mghosp.org/cms-hpt.txt,yes
250151,ALLIANCE HEALTH CENTER,MERIDIAN,MS,Acute Care Hospitals,alliancehealthcenter.com,osm,100,Alliance Health Center,https://alliancehealthcenter.com/cms-hpt.txt,yes
250167,METHODIST HEALTHCARE - OLIVE BRANCH HOSPITAL,OLIVE BRANCH,MS,Acute Care Hospitals,methodisthealth.org,osm,92,Methodist Olive Branch Hospital,https://methodisthealth.org/cms-hpt.txt,yes
250172,HIGHLAND HILLS MEDICAL CENTER,SENATOBIA,MS,Acute Care Hospitals,highlandhillsmc.com,osm,100,Highland Hills Medical Center,https://highlandhillsmc.com/cms-hpt.txt,yes
250782,GREENE COUNTY HOSPITAL,LEAKESVILLE,MS,Rural Emergency Hospital,greenecountyhospital.com,guess,92,Greene County General Hospital,https://greenecountyhospital.com/cms-hpt.txt,"no - same name in another state, check by hand"
251300,S E LACKEY MEMORIAL HOSPITAL,FOREST,MS,Critical Access Hospitals,lackeymemorialhospital.com,osm,30,Independent Healthcare Management Inc,https://lackeymemorialhospital.com/cms-hpt.txt,yes
251304,TALLAHATCHIE GENERAL HOSPITAL-CAH,CHARLESTON,MS,Critical Access Hospitals,mytgh.com,osm,97,Tallahatchie General Hospital,https://mytgh.com/cms-hpt.txt,yes
251309,FIELD HEALTH SYSTEM,CENTREVILLE,MS,Critical Access Hospitals,fhsms.org,osm,100,Field Health System,https://fhsms.org/cms-hpt.txt,yes
251312,TYLER HOLMES MEMORIAL HOSPITAL CAH,WINONA,MS,Critical Access Hospitals,thmh.org,osm,97,TYLER HOLMES MEMORIAL HOSPITAL,https://thmh.org/cms-hpt.txt,yes
251317,SIMPSON GENERAL HOSPITAL CAH,MENDENHALL,MS,Critical Access Hospitals,simpsongeneral.com,osm,96,Simpson General Hospital,https://simpsongeneral.com/cms-hpt.txt,yes
251318,NORTH SUNFLOWER MEDICAL CENTER CAH,RULEVILLE,MS,Critical Access Hospitals,northsunflower.com,osm,97,North Sunflower Medical Center,https://northsunflower.com/cms-hpt.txt,yes
251325,COVINGTON COUNTY HOSPITAL CAH,COLLINS,MS,Critical Access Hospitals,covingtoncountyhospital.com,osm,96,Covington County Hospital,https://covingtoncountyhospital.com/cms-hpt.txt,yes
251327,COPIAH COUNTY MEDICAL CENTER,HAZLEHURST,MS,Critical Access Hospitals,myccmc.org,osm,100,Copiah County Medical Center,https://myccmc.org/cms-hpt.txt,yes
251334,CHOCTAW REGIONAL MEDICAL CENTER,ACKERMAN,MS,Critical Access Hospitals,choctawregional.com,osm,100,Choctaw Regional Medical Center,https://choctawregional.com/cms-hpt.txt,yes
252004,OCHSNER SPECIALTY HOSPITAL,MERIDIAN,MS,Long-term,ochsner.org,guess,100,Ochsner Specialty Hospital,https://ochsner.org/cms-hpt.txt,yes
253027,"ENCOMPASS HEALTH REHABILITATION HOSPITAL, PARTNER",GULFPORT,MS,Inpatient Rehabilitation,encompasshealth.com,chain,94,Encompass Health Rehabilitation Hospital of Prosper,https://encompasshealth.com/cms-hpt.txt,yes
254005,PARKWOOD BEHAVIORAL HEALTH SYSTEM,OLIVE BRANCH,MS,Psychiatric,parkwoodbhs.com,osm,94,Parkwood Behavioral Health,https://parkwoodbhs.com/cms-hpt.txt,yes
254007,BRENTWOOD BEHAVIORAL HEALTHCARE OF MS,FLOWOOD,MS,Psychiatric,brentwoodjackson.com,osm,92,Brentwood Behavioral Healthcare of Mississippi,https://brentwoodjackson.com/cms-hpt.txt,yes
254011,GULFPORT BEHAVIORAL HEALTH  SYSTEM,GPT,MS,Psychiatric,gulfportbehavioral.com,osm,87,Gulfport Behavioral,https://gulfportbehavioral.com/cms-hpt.txt,yes
270003,ST PETERS HEALTH,HELENA,MT,Acute Care Hospitals,sphealth.org,osm,79,St. Peter's Health Regional Medical Center,https://sphealth.org/cms-hpt.txt,yes
270023,COMMUNITY MEDICAL CENTER,MISSOULA,MT,Acute Care Hospitals,communitymed.org,osm,100,Community Medical Center,https://communitymed.org/cms-hpt.txt,yes
270086,GREAT FALLS CLINIC HOSPITAL,GREAT FALLS,MT,Acute Care Hospitals,gfclinic.com,osm,100,Great Falls Clinic Hospital,https://gfclinic.com/cms-hpt.txt,yes
271301,FALLON MEDICAL COMPLEX HOSPITAL,BAKER,MT,Critical Access Hospitals,fallonmedical.org,osm,92,Fallon Medical Complex,https://fallonmedical.org/cms-hpt.txt,yes
271305,MCCONE COUNTY HEALTH CENTER,CIRCLE,MT,Critical Access Hospitals,mcconehealth.org,osm,100,McCone County Health Center,https://mcconehealth.org/cms-hpt.txt,yes
271312,PHILLIPS COUNTY HOSPITAL - CAH,MALTA,MT,Critical Access Hospitals,phillipscountyhospital.org,guess,96,Phillips County Hospital,https://phillipscountyhospital.org/cms-hpt.txt,yes
271314,DEER LODGE MEDICAL CENTER,DEER LODGE,MT,Critical Access Hospitals,dlmed.org,osm,32,"Powell County Memorial Hospital Association, Inc.",https://dlmed.org/cms-hpt.txt,yes
271318,BARRETT HOSPITAL & HEALTHCARE,DILLON,MT,Critical Access Hospitals,barretthospital.org,osm,71,Barrett Hospital Development Corp,https://barretthospital.org/cms-hpt.txt,yes
271319,RUBY VALLEY MEDICAL CENTER,SHERIDAN,MT,Critical Access Hospitals,rvmc.org,guess,100,Ruby Valley Medical Center,https://rvmc.org/cms-hpt.txt,yes
271325,ST LUKE COMMUNITY HOSPITAL,RONAN,MT,Critical Access Hospitals,stlukehealthcare.org,osm,100,St. Luke Community Hospital,https://stlukehealthcare.org/cms-hpt.txt,yes
271327,ROSEBUD HEALTH CARE CENTER,FORSYTH,MT,Critical Access Hospitals,rosebudhcc.org,osm,100,Rosebud Health Care Center,https://rosebudhcc.org/cms-hpt.txt,yes
271330,STILLWATER BILLINGS CLINIC,COLUMBUS,MT,Critical Access Hospitals,stillwaterbillingsclinic.org,guess,100,Stillwater Billings Clinic,https://stillwaterbillingsclinic.org/cms-hpt.txt,yes
271338,BIG HORN HOSPITAL,HARDIN,MT,Critical Access Hospitals,bighornhospital.org,guess,87,Big Horn Hospital Association,https://bighornhospital.org/cms-hpt.txt,yes
271340,BITTERROOT HEALTH - DALY HOSPITAL,HAMILTON,MT,Critical Access Hospitals,bitterroothealth.org,osm,85,Bitterroot Health,https://bitterroothealth.org/cms-hpt.txt,yes
271341,TRINITY HOSPITAL,WOLF POINT,MT,Critical Access Hospitals,trinityhealth.org,guess,97,Trinity Hospitals,https://trinityhealth.org/cms-hpt.txt,"no - same name in another state, check by hand"
271344,SIDNEY HEALTH CENTER,SIDNEY,MT,Critical Access Hospitals,sidneyhealth.org,osm,0,,https://sidneyhealth.org/cms-hpt.txt,yes
271389,BOZEMAN HEALTH BIG SKY MEDICAL CENTER,BIG SKY,MT,Critical Access Hospitals,bozemanhealth.org,osm,87,Big Sky Medical Center,https://bozemanhealth.org/cms-hpt.txt,yes
272001,ADVANCED CARE HOSPITAL OF MONTANA,BILLINGS,MT,Long-term,achm.ernesthealth.com,osm,46,Big Sky Rehabilitation Hospital,https://achm.ernesthealth.com/cms-hpt.txt,yes
340020,CENTRAL CAROLINA HOSPITAL,SANFORD,NC,Acute Care Hospitals,centralcarolinahosp.com,osm,100,Central Carolina Hospital,https://centralcarolinahosp.com/cms-hpt.txt,yes
340024,SAMPSON REGIONAL MEDICAL CENTER,CLINTON,NC,Acute Care Hospitals,sampsonrmc.org,osm,100,SAMPSON REGIONAL MEDICAL CENTER,https://sampsonrmc.org/cms-hpt.txt,yes
340039,IREDELL MEMORIAL HOSPITAL INC,STATESVILLE,NC,Acute Care Hospitals,iredellhealth.org,osm,100,Iredell Memorial Hospital,https://iredellhealth.org/cms-hpt.txt,yes
340068,COLUMBUS REGIONAL HEALTHCARE SYSTEM,WHITEVILLE,NC,Acute Care Hospitals,crhealthcare.org,osm,100,Columbus Regional Healthcare System,https://crhealthcare.org/cms-hpt.txt,yes
340069,"WAKEMED, RALEIGH CAMPUS",RALEIGH,NC,Acute Care Hospitals,wakemed.org,osm,87,WakeMed Raleigh Campus and North Hospital,https://wakemed.org/cms-hpt.txt,yes
340087,THE MCDOWELL HOSPITAL,MARION,NC,Acute Care Hospitals,missionhealth.org,osm,100,MCDOWELL HOSPITAL,https://missionhealth.org/cms-hpt.txt,yes
340113,CAROLINAS MEDICAL CENTER/BEHAV HEALTH,CHARLOTTE,NC,Acute Care Hospitals,atriumhealth.org,osm,90,Atrium Health Carolinas Medical Center,https://atriumhealth.org/cms-hpt.txt,yes
340116,FRYE REGIONAL MEDICAL CENTER,HICKORY,NC,Acute Care Hospitals,fryemedctr.com,osm,100,Frye Regional Medical Center,https://fryemedctr.com/cms-hpt.txt,yes
340131,CAROLINA EAST MEDICAL CENTER,NEW BERN,NC,Acute Care Hospitals,carolinaeasthealth.com,guess,91,CarolinaEast Medical Center,https://www.carolinaeasthealth.com/cms-hpt.txt,yes
340143,CATAWBA VALLEY MEDICAL CENTER,HICKORY,NC,Acute Care Hospitals,catawbavalleyhealth.org,osm,67,Catawba Valley Health System,https://catawbavalleyhealth.org/cms-hpt.txt,yes
340168,WILMINGTON TREATMENT CENTER,WILMINGTON,NC,Acute Care Hospitals,wilmingtontreatment.com,guess,100,Wilmington Treatment Center,https://www.wilmingtontreatment.com/cms-hpt.txt,yes
340173,"WAKEMED, CARY HOSPITAL",CARY,NC,Acute Care Hospitals,wakemed.org,osm,100,WakeMed Cary Hospital,https://wakemed.org/cms-hpt.txt,yes
340184,HAYWOOD REGIONAL MEDICAL CENTER,CLYDE,NC,Acute Care Hospitals,myhaywoodregional.com,osm,100,Haywood Regional Medical Center,https://myhaywoodregional.com/cms-hpt.txt,yes
341305,DLP SWAIN COUNTY HOSPITAL LLC,BRYSON CITY,NC,Critical Access Hospitals,myswaincommunity.com,osm,86,Swain Community Hospital,https://myswaincommunity.com/cms-hpt.txt,yes
341315,CAPE FEAR VALLEY-BLADEN COUNTY HOSPITAL,ELIZABETHTOWN,NC,Critical Access Hospitals,capefearvalley.com,osm,86,Bladen County Hospital,https://capefearvalley.com/cms-hpt.txt,yes
341316,HIGHLANDS CASHIERS HOSPITAL,HIGHLANDS,NC,Critical Access Hospitals,missionhealth.org,osm,100,HIGHLANDS-CASHIERS HOSPITAL,https://missionhealth.org/cms-hpt.txt,yes
341319,"TRANSYLVANIA REGIONAL HOSPITAL, INC",BREVARD,NC,Critical Access Hospitals,missionhealth.org,osm,100,TRANSYLVANIA REGIONAL HOSPITAL,https://missionhealth.org/cms-hpt.txt,yes
341326,ANGEL MEDICAL CENTER,FRANKLIN,NC,Critical Access Hospitals,missionhealth.org,osm,100,ANGEL MEDICAL CENTER,https://missionhealth.org/cms-hpt.txt,yes
341327,J ARTHUR DOSHER MEMORIAL HOSPITAL,SOUTHPORT,NC,Critical Access Hospitals,dosher.org,osm,100,J Arthur Dosher Memorial Hospital,https://dosher.org/cms-hpt.txt,yes
341329,BLUE RIDGE REGIONAL HOSPITAL,SPRUCE PINE,NC,Critical Access Hospitals,missionhealth.org,osm,100,BLUE RIDGE REGIONAL HOSPITAL,https://missionhealth.org/cms-hpt.txt,yes
342012,KINDRED HOSPITAL GREENSBORO,GREENSBORO,NC,Long-term,kindredhospitals.com,osm,100,Kindred Hospital Greensboro,https://kindredhospitals.com/cms-hpt.txt,yes
342013,PAM SPECIALTY HOSPITAL OF ROCKY MOUNT,ROCKY MOUNT,NC,Long-term,pamhealth.com,osm,100,PAM Specialty Hospital of Rocky Mount,https://pamhealth.com/cms-hpt.txt,yes
343025,CAREPARTNERS REHABILITATION HOSPITAL,ASHEVILLE,NC,Inpatient Rehabilitation,missionhealth.org,osm,100,CAREPARTNERS REHABILITATION HOSPITAL,https://missionhealth.org/cms-hpt.txt,yes
343026,CAROLINAS REHABILITATION,CHARLOTTE,NC,Inpatient Rehabilitation,carolinas.org,guess,91,Carolinas Rehabilitation Charlotte,https://www.carolinas.org/cms-hpt.txt,yes
343027,NOVANT HEALTH REHABILITATION HOSPITAL,WINSTON-SALEM,NC,Inpatient Rehabilitation,encompasshealth.com,osm,87,AnMed Health Rehabilitation Hospital,https://encompasshealth.com/cms-hpt.txt,yes
344016,BRYNN MARR HOSP,JACKSONVILLE,NC,Psychiatric,brynnmarr.org,guess,88,Brynn Marr Hospital,https://brynnmarr.org/cms-hpt.txt,yes
344036,IREDELL DAVIS BEHAVIORAL HEALTH HOSPITAL,STATESVILLE,NC,Psychiatric,iredelldavis.org,guess,100,Iredell Davis Behavioral Health Hospital,https://iredelldavis.org/cms-hpt.txt,yes
350006,TRINITY HOSPITALS,MINOT,ND,Acute Care Hospitals,trinityhealth.org,guess,100,Trinity Hospitals,https://trinityhealth.org/cms-hpt.txt,yes
351335,JAMESTOWN REGIONAL MEDICAL CENTER,JAMESTOWN,ND,Critical Access Hospitals,jrmcnd.com,osm,100,Jamestown Regional Medical Center,https://jrmcnd.com/cms-hpt.txt,yes
352005,VIBRA HOSPITAL OF CENTRAL DAKOTAS LLC,MANDAN,ND,Long-term,vhcentraldakotas.com,osm,100,Vibra Hospital of the Central Dakotas,https://vhcentraldakotas.com/cms-hpt.txt,yes
353026,PAM REHABILITATION HOSPITAL OF FARGO,FARGO,ND,Inpatient Rehabilitation,pamhealth.com,chain,100,PAM Rehabilitation Hospital of Fargo,https://pamhealth.com/cms-hpt.txt,yes
354004,PRAIRIE ST JOHN'S,FARGO,ND,Psychiatric,prairie-stjohns.com,osm,94,Prairie St. John’s,https://prairie-stjohns.com/cms-hpt.txt,yes
280040,THE NEBRASKA METHODIST HOSPITAL,OMAHA,NE,Acute Care Hospitals,bestcare.org,osm,100,Nebraska Methodist Hospital,https://bestcare.org/cms-hpt.txt,yes
280065,GREAT PLAINS HEALTH,NORTH PLATTE,NE,Acute Care Hospitals,gphealth.org,osm,100,Great Plains Health,https://gphealth.org/cms-hpt.txt,yes
280111,"COLUMBUS COMMUNITY HOSPITAL, INC",COLUMBUS,NE,Acute Care Hospitals,columbushosp.org,osm,100,Columbus Community Hospital,https://columbushosp.org/cms-hpt.txt,yes
280127,LINCOLN SURGICAL HOSPITAL,LINCOLN,NE,Acute Care Hospitals,lincolnsurgery.com,osm,100,Lincoln Surgical Hospital,https://lincolnsurgery.com/cms-hpt.txt,yes
280129,NEBRASKA ORTHOPAEDIC HOSPITAL,OMAHA,NE,Acute Care Hospitals,orthonebraska.com,osm,48,OrthoNebraska,https://orthonebraska.com/cms-hpt.txt,yes
280131,MIDWEST SURGICAL HOSPITAL LLC,OMAHA,NE,Acute Care Hospitals,mwsurgicalhospital.com,osm,100,Midwest Surgical Hospital,https://mwsurgicalhospital.com/cms-hpt.txt,yes
280133,"NEBRASKA SPINE HOSPITAL, LLC",OMAHA,NE,Acute Care Hospitals,nebraskaspinehospital.com,osm,100,Nebraska Spine Hospital,https://nebraskaspinehospital.com/cms-hpt.txt,yes
281303,NIOBRARA VALLEY HOSPITAL,LYNCH,NE,Critical Access Hospitals,nvhcares.org,osm,100,Niobrara Valley Hospital,https://nvhcares.org/cms-hpt.txt,yes
281304,THAYER COUNTY HEALTH SERVICES,HEBRON,NE,Critical Access Hospitals,thayercountyhealth.com,osm,100,Thayer County Health Services,https://thayercountyhealth.com/cms-hpt.txt,yes
281305,KIMBALL HEALTH SERVICES,KIMBALL,NE,Critical Access Hospitals,kimballhealth.org,osm,100,Kimball Health Services,https://kimballhealth.org/cms-hpt.txt,yes
281308,HENDERSON COMMUNITY HOSPITAL,HENDERSON,NE,Critical Access Hospitals,hendersonhealthcare.org,osm,100,Henderson Community Hospital,https://hendersonhealthcare.org/cms-hpt.txt,yes
281311,FRANKLIN COUNTY MEMORIAL HOSPITAL,FRANKLIN,NE,Critical Access Hospitals,fcmh.com,osm,99,Franklin Country Memorial Hospital,https://fcmh.com/cms-hpt.txt,yes
281312,GENOA COMMUNITY HOSPITAL,GENOA,NE,Critical Access Hospitals,genoamedical.org,osm,54,Genoa Medical Facilities,https://genoamedical.org/cms-hpt.txt,yes
281313,GOTHENBURG HEALTH,GOTHENBURG,NE,Critical Access Hospitals,gothenburghealth.org,guess,100,Gothenburg Health,https://gothenburghealth.org/cms-hpt.txt,yes
281318,MORRILL COUNTY COMMUNITY HOSPITAL,BRIDGEPORT,NE,Critical Access Hospitals,morrillcountyhospital.com,osm,100,Morrill County Community Hospital,https://morrillcountyhospital.com/cms-hpt.txt,yes
281319,JEFFERSON COMMUNITY HEALTH & LIFE,FAIRBURY,NE,Critical Access Hospitals,jchealthandlife.org,osm,86,"Jefferson Community Health Center, Inc",https://jchealthandlife.org/cms-hpt.txt,yes
281322,ST FRANCIS MEMORIAL HOSPITAL,WEST POINT,NE,Critical Access Hospitals,franhealth.org,osm,53,Franciscan Healthcare,https://franhealth.org/cms-hpt.txt,yes
281326,ANTELOPE MEMORIAL HOSPITAL,NELIGH,NE,Critical Access Hospitals,amhne.org,osm,100,ANTELOPE MEMORIAL HOSPITAL,https://amhne.org/cms-hpt.txt,yes
281327,COZAD COMMUNITY HOSPITAL,COZAD,NE,Critical Access Hospitals,cozadhealthcare.com,osm,100,Cozad Community Hospital,https://cozadhealthcare.com/cms-hpt.txt,yes
281329,AVERA ST ANTHONY'S HOSPITAL,O' NEILL,NE,Critical Access Hospitals,avera.org,osm,100,Avera St. Anthony's Hospital,https://avera.org/cms-hpt.txt,yes
281332,BUTLER COUNTY HEALTH,DAVID CITY,NE,Critical Access Hospitals,bchccnet.org,osm,100,Butler County Health,https://bchccnet.org/cms-hpt.txt,yes
281333,ROCK COUNTY HOSPITAL,BASSETT,NE,Critical Access Hospitals,rockcountyhospital.com,osm,100,Rock County Hospital,https://rockcountyhospital.com/cms-hpt.txt,yes
281339,MEMORIAL HEALTH CARE SYSTEMS,SEWARD,NE,Critical Access Hospitals,mhcs.us,osm,59,Memorial Hospital,https://mhcs.us/cms-hpt.txt,yes
281340,DUNDY COUNTY HOSPITAL,BENKELMAN,NE,Critical Access Hospitals,dchbenkelman.com,osm,100,Dundy County Hospital,https://dchbenkelman.com/cms-hpt.txt,yes
281343,WEST HOLT MEMORIAL HOSPITAL,ATKINSON,NE,Critical Access Hospitals,westholtmed.org,osm,100,West Holt Memorial Hospital,https://westholtmed.org/cms-hpt.txt,yes
281344,CHERRY COUNTY HOSPITAL,VALENTINE,NE,Critical Access Hospitals,cherrycountyhospital.org,osm,100,Cherry County Hospital,https://cherrycountyhospital.org/cms-hpt.txt,yes
281345,PROVIDENCE MEDICAL CENTER,WAYNE,NE,Critical Access Hospitals,providencemedical.com,osm,100,Providence Medical Center,https://providencemedical.com/cms-hpt.txt,yes
281349,PENDER COMMUNITY HOSPITAL,PENDER,NE,Critical Access Hospitals,pchne.org,osm,100,Pender Community Hospital,https://pchne.org/cms-hpt.txt,yes
281351,CHASE COUNTY COMMUNITY HOSPITAL,IMPERIAL,NE,Critical Access Hospitals,chasecountyhospital.com,osm,90,Chase County Hospital,https://chasecountyhospital.com/cms-hpt.txt,yes
281352,"COMMUNITY MEDICAL CENTER, INC",FALLS CITY,NE,Critical Access Hospitals,cmcfc.org,osm,100,Community Medical Center,https://www.cmcfc.org/cms-hpt.txt,yes
281353,VALLEY COUNTY HEALTH SYSTEM,ORD,NE,Critical Access Hospitals,valleycountyhealthsystem.org,osm,100,Valley County Health System,https://valleycountyhealthsystem.org/cms-hpt.txt,yes
281354,CRETE AREA MEDICAL CENTER,CRETE,NE,Critical Access Hospitals,camc.org,guess,87,Charleston Area Medical Center,https://camc.org/cms-hpt.txt,yes
281357,SIDNEY REGIONAL MEDICAL CENTER,SIDNEY,NE,Critical Access Hospitals,sidneyrmc.com,osm,100,Sidney Regional Medical Center,https://sidneyrmc.com/cms-hpt.txt,yes
281358,GORDON MEMORIAL HOSPITAL DISTRICT,GORDON,NE,Critical Access Hospitals,gordonmemorial.org,osm,100,Gordon Memorial Hospital District,https://gordonmemorial.org/cms-hpt.txt,yes
281360,BOX BUTTE GENERAL HOSPITAL,ALLIANCE,NE,Critical Access Hospitals,bbgh.org,osm,100,Box Butte General Hospital,https://bbgh.org/cms-hpt.txt,yes
281361,LEXINGTON REGIONAL HEALTH CENTER,LEXINGTON,NE,Critical Access Hospitals,lexingtonregional.org,osm,100,Lexington Regional Health Center,https://lexingtonregional.org/cms-hpt.txt,yes
281363,COMMUNITY HOSPITAL,MCCOOK,NE,Critical Access Hospitals,chmccook.org,osm,100,Community Hospital,https://chmccook.org/cms-hpt.txt,yes
281364,"BEATRICE COMMUNITY HOSPITAL & HEALTH CENTER, INC",BEATRICE,NE,Critical Access Hospitals,beatricecommunityhospital.com,osm,100,Beatrice Community Hospital and Health Center,https://beatricecommunityhospital.com/cms-hpt.txt,yes
281365,JENNIE M MELHAM MEMORIAL MEDICAL CENTER,BROKEN BOW,NE,Critical Access Hospitals,melham.org,osm,100,Jennie M Melham Memorial Medical Center,https://www.melham.org/cms-hpt.txt,yes
300011,ST JOSEPH HOSPITAL,NASHUA,NH,Acute Care Hospitals,stjosephhospital.com,osm,100,St. Joseph Hospital,https://stjosephhospital.com/cms-hpt.txt,yes
301300,UPPER CONNECTICUT VALLEY HOSPITAL,COLEBROOK,NH,Critical Access Hospitals,ucvh.org,osm,60,UPPERCONNECTICUTVALLEYHOSPITAL,https://ucvh.org/cms-hpt.txt,yes
301303,WEEKS MEDICAL CENTER,LANCASTER,NH,Critical Access Hospitals,weeksmedical.org,osm,58,WEEKSMEDICALCENTER,https://weeksmedical.org/cms-hpt.txt,yes
301305,ALICE PECK DAY MEMORIAL HOSPITAL,LEBANON,NH,Critical Access Hospitals,alicepeckday.org,osm,100,ALICE PECK DAY MEMORIAL HOSPITAL,https://alicepeckday.org/cms-hpt.txt,yes
301307,"MEMORIAL HOSPITAL, THE",NORTH CONWAY,NH,Critical Access Hospitals,mainehealth.org,osm,90,Franklin Memorial Hospital,https://mainehealth.org/cms-hpt.txt,yes
303027,ENCOMPASS HEALTH REHABILITATION HOSPITAL OF CONCOR,CONCORD,NH,Inpatient Rehabilitation,encompasshealth.com,chain,99,Encompass Health Rehabilitation Hospital of Concord,https://encompasshealth.com/cms-hpt.txt,yes
310005,HUNTERDON MEDICAL CENTER,FLEMINGTON,NJ,Acute Care Hospitals,hunterdonhealth.org,guess,100,Hunterdon Medical Center,https://hunterdonhealth.org/cms-hpt.txt,yes
310006,ST MARY'S GENERAL HOSPITAL,PASSAIC,NJ,Acute Care Hospitals,smh-nj.com,osm,100,St. Mary's General Hospital,https://smh-nj.com/cms-hpt.txt,yes
310012,VALLEY HOSPITAL,PARAMUS,NJ,Acute Care Hospitals,valleyhealth.com,osm,57,Valley Health System,https://valleyhealth.com/cms-hpt.txt,yes
310031,DEBORAH HEART AND LUNG CENTER,BROWNS MILLS,NJ,Acute Care Hospitals,demanddeborah.org,osm,100,Deborah Heart and Lung Center,https://demanddeborah.org/cms-hpt.txt,yes
310050,SAINT CLARE'S HOSPITAL/ DENVILLE CAMPUS,DENVILLE,NJ,Acute Care Hospitals,saintclares.com,osm,94,Saint Clares Denville Hospital,https://saintclares.com/cms-hpt.txt,yes
310052,OCEAN MEDICAL CENTER,BRICK,NJ,Acute Care Hospitals,hackensackmeridianhealth.org,osm,91,Southern Ocean Medical Center,https://hackensackmeridianhealth.org/cms-hpt.txt,yes
310086,JEFFERSON STRATFORD HOSPITAL,STRATFORD,NJ,Acute Care Hospitals,jeffersonhealth.org,osm,100,Jefferson Stratford Hospital,https://jeffersonhealth.org/cms-hpt.txt,yes
310096,SAINT MICHAEL'S MEDICAL CENTER,NEWARK,NJ,Acute Care Hospitals,smmcnj.com,osm,100,Saint Michael's Medical Center,https://smmcnj.com/cms-hpt.txt,yes
312020,KINDRED HOSPITAL NEW JERSEY - MORRIS COUNTY,DOVER,NJ,Long-term,kindredhospitals.com,chain,100,Kindred Hospital New Jersey - Morris County,https://kindredhospitals.com/cms-hpt.txt,yes
312024,SILVER LAKE HOSPITAL LTACH,NEWARK,NJ,Long-term,silverlakehospital.org,osm,100,Silver Lake Hospital LTACH,https://silverlakehospital.org/cms-hpt.txt,yes
313029,ENCOMPASS HEALTH REHAB HOSPITAL OF TOMS RIVER,TOMS RIVER,NJ,Inpatient Rehabilitation,encompasshealth.com,chain,91,Encompass Health Rehabilitation Hospital of Toms River,https://encompasshealth.com/cms-hpt.txt,yes
313035,ENCOMPASS HEALTH REHAB HOSPITAL OF TINTON FALLS,TINTON FALLS,NJ,Inpatient Rehabilitation,encompasshealth.com,osm,85,Encompass Health Rehabilitation Hospital of Sioux Falls,https://encompasshealth.com/cms-hpt.txt,yes
313036,ENCOMPASS HEALTH REHAB HOSPITAL OF VINELAND,VINELAND,NJ,Inpatient Rehabilitation,encompasshealth.com,chain,91,Encompass Health Rehabilitation Hospital of Vineland,https://encompasshealth.com/cms-hpt.txt,yes
314018,NORTHBROOK BEHAVIORAL HEALTH HOSPITAL,BLACKWOOD,NJ,Psychiatric,northbrookbhh.com,osm,100,Northbrook Behavioral Health Hospital,https://northbrookbhh.com/cms-hpt.txt,yes
320059,NORTHERN NAVAJO MEDICAL CENTER,SHIPROCK,NM,Acute Care Hospitals,nnmc.com,guess,90,Northern Nevada Medical Center,https://nnmc.com/cms-hpt.txt,yes
322002,KINDRED HOSPITAL ALBUQUERQUE,ALBUQUERQUE,NM,Long-term,abqhospital.com,osm,56,Oklahoma ER & Hospital,https://abqhospital.com/cms-hpt.txt,yes
323027,ENCOMPASS HEALTH REHABILITATION HOSPITAL OF ALBUQU,ALBUQUERQUE,NM,Inpatient Rehabilitation,encompasshealth.com,chain,95,Encompass Health Rehabilitation Hospital of Albuquerque,https://encompasshealth.com/cms-hpt.txt,yes
323028,LOVELACE UNM REHABILITATION HOSPITAL,ALBUQUERQUE,NM,Inpatient Rehabilitation,lovelace.com,osm,100,Lovelace UNM Rehabilitation Hospital,https://lovelace.com/cms-hpt.txt,yes
323032,"REHABILITATION HOSPITAL OF SOUTHERN NEW MEXICO,INC",LAS CRUCES,NM,Inpatient Rehabilitation,rhsnm.ernesthealth.com,osm,100,"Rehabilitation Hospital of Southern New Mexico, Inc.",https://rhsnm.ernesthealth.com/cms-hpt.txt,yes
323033,CLEARSKY REHABILITATION HOSPITAL OF RIO RANCHO LLC,RIO RANCHO,NM,Inpatient Rehabilitation,clearskyhealth.com,osm,100,ClearSky Rehabilitation Hospital of Rio Rancho,https://clearskyhealth.com/cms-hpt.txt,yes
324010,"BHC MESILLA VALLEY HOSPITAL, LLC",LAS CRUCES,NM,Psychiatric,mesillavalleyhospital.com,osm,96,Mesilla Valley Hospital,https://mesillavalleyhospital.com/cms-hpt.txt,yes
290007,UNIVERSITY MEDICAL CENTER,LAS VEGAS,NV,Acute Care Hospitals,umcsn.com,osm,88,University Medical Center of Southern Nevada,https://umcsn.com/cms-hpt.txt,yes
290008,NORTHEASTERN NEVADA REGIONAL HOSPITAL,ELKO,NV,Acute Care Hospitals,nnrhospital.com,osm,100,Northeastern Nevada Regional Hospital,https://nnrhospital.com/cms-hpt.txt,yes
290009,SAINT MARY'S REGIONAL MEDICAL CENTER,RENO,NV,Acute Care Hospitals,saintmarysreno.com,osm,100,Saint Mary's Regional Medical Center,https://saintmarysreno.com/cms-hpt.txt,yes
290019,CARSON TAHOE REGIONAL MEDICAL CENTER,CARSON CITY,NV,Acute Care Hospitals,carsontahoe.com,osm,78,Carson Tahoe Regional Healthcare,https://carsontahoe.com/cms-hpt.txt,yes
290039,MOUNTAINVIEW HOSPITAL,LAS VEGAS,NV,Acute Care Hospitals,mountainview-hospital.com,osm,100,MOUNTAINVIEW HOSPITAL,https://mountainview-hospital.com/cms-hpt.txt,yes
290041,SUMMERLIN HOSPITAL MEDICAL CENTER,LAS VEGAS,NV,Acute Care Hospitals,sunrisehospital.com,osm,88,SUNRISE HOSPITAL AND MEDICAL CENTER,https://sunrisehospital.com/cms-hpt.txt,yes
290047,SOUTHERN HILLS HOSPITAL AND MEDICAL CENTER,LAS VEGAS,NV,Acute Care Hospitals,sunrisehealthinfo.com,osm,94,SOUTHERN HILLS HOSPITAL & MEDICAL CENTER-LAS VEGAS,https://sunrisehealthinfo.com/cms-hpt.txt,yes
291300,MOUNT GRANT GENERAL HOSPITAL,HAWTHORNE,NV,Critical Access Hospitals,mgghnv.org,osm,94,Mt. Grant General Hospital,https://mgghnv.org/cms-hpt.txt,yes
291301,INCLINE VILLAGE COMMUNITY HOSPITAL,INCLINE VILLAGE,NV,Critical Access Hospitals,tfhd.com,osm,100,Incline Village Community Hospital,https://tfhd.com/cms-hpt.txt,yes
291304,PERSHING GENERAL HOSPITAL,LOVELOCK,NV,Critical Access Hospitals,pershinghospital.org,osm,90,Pershing General Hospital and Nursing Home,https://pershinghospital.org/cms-hpt.txt,yes
291306,CARSON VALLEY HEALTH,GARDNERVILLE,NV,Critical Access Hospitals,carsonvalleyhealth.org,guess,100,Carson Valley Health,https://carsonvalleyhealth.org/cms-hpt.txt,yes
291308,HUMBOLDT GENERAL HOSPITAL,WINNEMUCCA,NV,Critical Access Hospitals,hghospital.org,osm,100,Humboldt General Hospital,https://hghospital.org/cms-hpt.txt,yes
291311,DESERT VIEW HOSPITAL,PAHRUMP,NV,Critical Access Hospitals,desertviewhospital.com,osm,100,Desert View Hospital,https://desertviewhospital.com/cms-hpt.txt,yes
291312,GROVER C DILS MEDICAL CENTER,CALIENTE,NV,Critical Access Hospitals,gcdmc.org,osm,43,Lincoln County Hospital District,https://gcdmc.org/cms-hpt.txt,yes
291314,SOUTH LYON MEDICAL CENTER,YERINGTON,NV,Critical Access Hospitals,slmcnv.org,osm,100,South Lyon Medical Center,https://slmcnv.org/cms-hpt.txt,yes
292002,KINDRED HOSPITAL - LAS VEGAS (SAHARA CAMPUS),LAS VEGAS,NV,Long-term,kindredhospitals.com,chain,95,Kindred Hospital Las Vegas - Sahara,https://kindredhospitals.com/cms-hpt.txt,yes
292004,PAM SPECIALTY HOSPITAL OF SPARKS LLC,SPARKS,NV,Long-term,pamhealth.com,chain,90,PAM Specialty Hospital of Sarasota,https://pamhealth.com/cms-hpt.txt,yes
292006,"PAM SPECIALTY HOSPITAL OF LAS VEGAS, LLC",LAS VEGAS,NV,Long-term,pamhealth.com,osm,97,Specialty Hospital of Las Vegas,https://pamhealth.com/cms-hpt.txt,yes
292007,LAS VEGAS-AMG SPECIALTY HOSPITAL,LAS VEGAS,NV,Long-term,amgihm.com,osm,100,AMG Specialty Hospital - Las Vegas,https://amgihm.com/cms-hpt.txt,yes
293026,ENCOMPASS HEALTH REHABILITATION HOSPITAL OF LV,LAS VEGAS,NV,Inpatient Rehabilitation,encompasshealth.com,osm,95,Encompass Health Rehabilitation Hospital of Largo,https://encompasshealth.com/cms-hpt.txt,yes
293032,ENCOMPASS HEALTH REHABILITATION HOSPITAL OF HENDER,HENDERSON,NV,Inpatient Rehabilitation,encompasshealth.com,osm,97,Encompass Health Rehabilitation Hospital of Henderson,https://encompasshealth.com/cms-hpt.txt,yes
293033,ENCOMPASS HEALTH REHAB HOSPITAL OF DESERT CANYON,LAS VEGAS,NV,Inpatient Rehabilitation,encompasshealth.com,osm,92,Encompass Health Rehabilitation Hospital of Desert Canyon,https://encompasshealth.com/cms-hpt.txt,yes
293034,PAM REHABILITATION HOSPITAL OF CENTENNIAL HILLS,LAS VEGAS,NV,Inpatient Rehabilitation,pamhealth.com,osm,100,PAM Rehabilitation Hospital of Centennial Hills,https://pamhealth.com/cms-hpt.txt,yes
294010,SPRING MOUNTAIN SAHARA,LAS VEGAS,NV,Psychiatric,springmountaintreatmentcenter.com,osm,91,Spring Mountain,https://springmountaintreatmentcenter.com/cms-hpt.txt,yes
294015,"RENO BEHAVIORAL HEALTHCARE HOSPITAL, LLC",RENO,NV,Psychiatric,renobehavioral.com,osm,90,Houston Behavioral Healthcare Hospital,https://renobehavioral.com/cms-hpt.txt,yes
330006,ST JOSEPH'S MEDICAL CENTER,YONKERS,NY,Acute Care Hospitals,saintjosephs.org,osm,100,St. Joseph's Medical Center,https://saintjosephs.org/cms-hpt.txt,yes
330009,BRONXCARE HOSPITAL CENTER,BRONX,NY,Acute Care Hospitals,bronxcare.org,osm,89,BronxCare Hospital Center - Fulton Campus,https://bronxcare.org/cms-hpt.txt,yes
330023,VASSAR BROTHERS MEDICAL CENTER,POUGHKEEPSIE,NY,Acute Care Hospitals,northwell.edu,osm,100,Vassar Brothers Medical Center,https://northwell.edu/cms-hpt.txt,yes
330033,CHENANGO MEMORIAL HOSPITAL,NORWICH,NY,Acute Care Hospitals,nyuhs.org,osm,96,UHS Chenango Memorial Hospital,https://nyuhs.org/cms-hpt.txt,yes
330045,NS/LIJ HS HUNTINGTON HOSPITAL,HUNTINGTON,NY,Acute Care Hospitals,northwell.edu,osm,90,Huntington Hospital,https://northwell.edu/cms-hpt.txt,yes
330049,NORTHERN DUTCHESS HOSPITAL,RHINEBECK,NY,Acute Care Hospitals,northwell.edu,osm,100,Northern Dutchess Hospital,https://northwell.edu/cms-hpt.txt,yes
330056,BROOKLYN HOSPITAL CENTER - DOWNTOWN CAMPUS,BROOKLYN,NY,Acute Care Hospitals,tbh.org,osm,88,The Brooklyn Hospital Center,https://tbh.org/cms-hpt.txt,yes
330058,GENEVA GENERAL HOSPITAL,GENEVA,NY,Acute Care Hospitals,flhealth.org,osm,100,Geneva General Hospital,https://flhealth.org/cms-hpt.txt,yes
330074,F F THOMPSON HOSPITAL,CANANDAIGUA,NY,Acute Care Hospitals,thompsonhealth.com,osm,85,FREDERICK FERRIS THOMPSON HOSPITAL,https://thompsonhealth.com/cms-hpt.txt,yes
330079,ADIRONDACK MEDICAL CENTER - SARANAC LAKE,SARANAC LAKE,NY,Acute Care Hospitals,adirondackhealth.org,osm,90,Adirondack Medical Center,https://adirondackhealth.org/cms-hpt.txt,yes
330103,OLEAN GENERAL HOSPITAL,OLEAN,NY,Acute Care Hospitals,brmc-ogh.org,osm,100,Olean General Hospital,https://www.brmc-ogh.org/cms-hpt.txt,yes
330106,NORTH SHORE UNIVERSITY HOSPITAL,MANHASSET,NY,Acute Care Hospitals,northwell.edu,osm,100,North Shore University Hospital,https://northwell.edu/cms-hpt.txt,yes
330111,BERTRAND CHAFFEE HOSPITAL,SPRINGVILLE,NY,Acute Care Hospitals,bertrandchaffee.com,osm,100,Bertrand Chaffee Hospital,https://bertrandchaffee.com/cms-hpt.txt,yes
330119,LENOX HILL HOSPITAL,NEW YORK,NY,Acute Care Hospitals,lenoxhill.northwell.edu,osm,100,Lenox Hill Hospital,https://lenoxhill.northwell.edu/cms-hpt.txt,yes
330153,ELLIS HOSPITAL,SCHENECTADY,NY,Acute Care Hospitals,ellismedicine.org,osm,100,Ellis Hospital,https://ellismedicine.org/cms-hpt.txt,yes
330158,GOOD SAMARITAN HOSPITAL OF SUFFERN,SUFFERN,NY,Acute Care Hospitals,wmchealth.org,osm,93,Good Samaritan Hospital,https://wmchealth.org/cms-hpt.txt,yes
330160,STATEN ISLAND UNIVERSITY HOSPITAL,STATEN ISLAND,NY,Acute Care Hospitals,northwell.edu,osm,100,Staten Island University Hospital,https://northwell.edu/cms-hpt.txt,yes
330166,"WESTFIELD MEMORIAL HOSPITAL, INC",WESTFIELD,NY,Acute Care Hospitals,ahn.org,osm,100,WESTFIELD MEMORIAL HOSPITAL INC,https://ahn.org/cms-hpt.txt,yes
330175,GUTHRIE CORTLAND REGIONAL MEDICAL CENTER,CORTLAND,NY,Acute Care Hospitals,guthrie.org,osm,94,Guthrie Cortland Medical Center,https://guthrie.org/cms-hpt.txt,yes
330180,"SAMARITAN HOSPITAL OF TROY, NEW YORK",TROY,NY,Acute Care Hospitals,sphp.com,osm,86,Samaritan Hospital,https://sphp.com/cms-hpt.txt,yes
330181,NORTHWELL HOSPITAL GLEN COVE,GLEN COVE,NY,Acute Care Hospitals,northwell.edu,osm,89,Glen Cove Hospital,https://northwell.edu/cms-hpt.txt,yes
330195,LONG ISLAND JEWISH MEDICAL CENTER,NEW HYDE PARK,NY,Acute Care Hospitals,northwell.edu,osm,100,Long Island Jewish Medical Center,https://northwell.edu/cms-hpt.txt,yes
330205,ST ANTHONY COMMUNITY HOSPITAL,WARWICK,NY,Acute Care Hospitals,wmchealth.org,osm,98,St. Anthony's Community Hospital,https://wmchealth.org/cms-hpt.txt,yes
330214,NYU LANGONE HOSPITALS,NEW YORK,NY,Acute Care Hospitals,nyulangone.org,guess,87,NYU Langone Tisch Hospital,https://nyulangone.org/cms-hpt.txt,yes
330218,OSWEGO HOSPITAL,OSWEGO,NY,Acute Care Hospitals,oswegohospital.org,guess,100,Oswego Hospital,https://www.oswegohospital.org/cms-hpt.txt,yes
330226,UNITY HOSPITAL,ROCHESTER,NY,Acute Care Hospitals,rochesterregional.org,osm,87,The Unity Hospital of Rochester,https://rochesterregional.org/cms-hpt.txt,yes
330231,QUEENS HOSPITAL CENTER,JAMAICA,NY,Acute Care Hospitals,nychealthandhospitals.org,osm,100,Queens Hospital Center,https://nychealthandhospitals.org/cms-hpt.txt,yes
330233,BROOKDALE HOSPITAL MEDICAL CENTER,BROOKLYN,NY,Acute Care Hospitals,onebrooklynhealth.org,osm,100,Brookdale Hospital Medical Center,https://onebrooklynhealth.org/cms-hpt.txt,yes
330234,WESTCHESTER MEDICAL CENTER,VALHALLA,NY,Acute Care Hospitals,wmchealth.org,osm,100,Westchester Medical Center,https://wmchealth.org/cms-hpt.txt,yes
330273,PUTNAM HOSPITAL CENTER,CARMEL,NY,Acute Care Hospitals,northwell.edu,osm,91,Putnam Hospital,https://northwell.edu/cms-hpt.txt,yes
330277,CORNING HOSPITAL,CORNING,NY,Acute Care Hospitals,guthrie.org,osm,90,Guthrie Corning Hospital,https://guthrie.org/cms-hpt.txt,yes
330304,WHITE PLAINS HOSPITAL CENTER,WHITE PLAINS,NY,Acute Care Hospitals,wphospital.org,osm,93,White Plains Hospital,https://wphospital.org/cms-hpt.txt,yes
330307,CAYUGA MEDICAL CENTER AT ITHACA,ITHACA,NY,Acute Care Hospitals,cayugahealth.org,osm,93,Cayuga Medical Center,https://cayugahealth.org/cms-hpt.txt,yes
330331,PLAINVIEW HOSPITAL,PLAINVIEW,NY,Acute Care Hospitals,northwell.edu,osm,100,Plainview Hospital,https://northwell.edu/cms-hpt.txt,yes
330350,SUNY/DOWNSTATE UNIVERSITY HOSPITAL OF BROOKLYN,BROOKLYN,NY,Acute Care Hospitals,downstate.edu,osm,72,SUNY Downstate Health Sciences University,https://downstate.edu/cms-hpt.txt,yes
330386,GARNET HEALTH  MEDICAL CENTER CATSKILLS,HARRIS,NY,Acute Care Hospitals,garnethealth.org,osm,92,Garnet Health Medical Center,https://garnethealth.org/cms-hpt.txt,yes
330393,SUNY/STONY BROOK UNIVERSITY HOSPITAL,STONY BROOK,NY,Acute Care Hospitals,stonybrookmedicine.edu,osm,96,Stony Brook University Hospital,https://stonybrookmedicine.edu/cms-hpt.txt,yes
330395,ST JOHN'S EPISCOPAL HOSPITAL AT SOUTH SHORE,FAR ROCKAWAY,NY,Acute Care Hospitals,ehs.org,osm,59,Episcopal Health Services,https://ehs.org/cms-hpt.txt,yes
330399,ST BARNABAS HOSPITAL,BRONX,NY,Acute Care Hospitals,sbhny.org,osm,32,SBH Health System,https://sbhny.org/cms-hpt.txt,yes
330406,SUNNYVIEW HOSPITAL AND REHABILITATION CENTER,SCHENECTADY,NY,Acute Care Hospitals,sphp.com,osm,95,Sunnyview Rehabilitation Hospital,https://sphp.com/cms-hpt.txt,yes
330799,CLIFTON-FINE HOSPITAL,STAR LAKE,NY,Rural Emergency Hospital,samaritanhealth.com,osm,40,Samaritan Medical Center,https://samaritanhealth.com/cms-hpt.txt,yes
330801,"WESTFIELD MEMORIAL HOSPITAL, INC",WESTFIELD,NY,Rural Emergency Hospital,ahn.org,osm,100,WESTFIELD MEMORIAL HOSPITAL INC,https://ahn.org/cms-hpt.txt,yes
331301,"CUBA MEMORIAL HOSPITAL, INC",CUBA,NY,Critical Access Hospitals,cubamemorialhospital.com,osm,100,Cuba Memorial Hospital Inc.,https://cubamemorialhospital.com/cms-hpt.txt,yes
331303,GARNET HEALTH MEDICAL CENTER CATSKILLS,CALLICOON,NY,Critical Access Hospitals,garnethealth.org,osm,92,Garnet Health Medical Center,https://garnethealth.org/cms-hpt.txt,yes
331304,MARGARETVILLE MEMORIAL HOSPITAL,MARGARETVILLE,NY,Critical Access Hospitals,wmchealth.org,osm,92,Margaretville Hospital,https://wmchealth.org/cms-hpt.txt,yes
331314,SOLDIERS AND SAILORS MEMORIAL HOSPITAL OF YATES,PENN YAN,NY,Critical Access Hospitals,flhealth.org,osm,96,Soldiers & Sailors Memorial Hospital,https://flhealth.org/cms-hpt.txt,yes
331316,"COMMUNITY MEMORIAL HOSPITAL, INC",HAMILTON,NY,Critical Access Hospitals,communitymemorial.org,osm,100,Community Memorial Hospital,https://communitymemorial.org/cms-hpt.txt,yes
331317,LEWIS COUNTY GENERAL HOSPITAL,LOWVILLE,NY,Critical Access Hospitals,lcgh.net,osm,100,Lewis County General Hospital,https://lcgh.net/cms-hpt.txt,yes
331324,"CARTHAGE AREA HOSPITAL, INC",OGDENSBURG,NY,Critical Access Hospitals,carthageareahospital.com,guess,100,Carthage Area Hospital,https://carthageareahospital.com/cms-hpt.txt,yes
334046,CAPITAL DISTRICT PSYCH CENTER,ALBANY,NY,Psychiatric,omh.ny.gov,osm,86,Capital District,https://omh.ny.gov/cms-hpt.txt,yes
334048,GRACIE SQUARE HOSP,NEW YORK,NY,Psychiatric,nygsh.org,osm,90,Gracie Square Hospital,https://nygsh.org/cms-hpt.txt,yes
334067,NEW YORK CITY CHILDRENS PSYCH CENTER,BELLEROSE,NY,Psychiatric,omh.ny.gov,osm,89,New York City Children's,https://omh.ny.gov/cms-hpt.txt,yes
360006,RIVERSIDE METHODIST HOSPITAL,COLUMBUS,OH,Acute Care Hospitals,ohiohealth.com,osm,100,Riverside Methodist Hospital,https://ohiohealth.com/cms-hpt.txt,yes
360010,UNION HOSPITAL,DOVER,OH,Acute Care Hospitals,my.clevelandclinic.org,osm,100,union hospital,https://my.clevelandclinic.org/cms-hpt.txt,yes
360011,MARION GENERAL HOSPITAL,MARION,OH,Acute Care Hospitals,ohiohealth.com,osm,100,Marion General Hospital,https://ohiohealth.com/cms-hpt.txt,yes
360012,MOUNT CARMEL ST ANN'S,WESTERVILLE,OH,Acute Care Hospitals,mountcarmelhealth.com,osm,100,Mount Carmel St Anns,https://mountcarmelhealth.com/cms-hpt.txt,yes
360014,OHIOHEALTH O'BLENESS HOSPITAL,ATHENS,OH,Acute Care Hospitals,ohiohealth.com,osm,88,O'Bleness Hospital,https://ohiohealth.com/cms-hpt.txt,yes
360017,GRANT MEDICAL CENTER,COLUMBUS,OH,Acute Care Hospitals,ohiohealth.com,osm,100,Grant Medical Center,https://ohiohealth.com/cms-hpt.txt,yes
360020,SUMMA HEALTH SYSTEM,AKRON,OH,Acute Care Hospitals,summahealth.org,osm,100,Summa Health System,https://summahealth.org/cms-hpt.txt,yes
360051,MIAMI VALLEY HOSPITAL,DAYTON,OH,Acute Care Hospitals,premierhealth.com,osm,100,Miami Valley Hospital,https://premierhealth.com/cms-hpt.txt,yes
360077,FAIRVIEW HOSPITAL,CLEVELAND,OH,Acute Care Hospitals,my.clevelandclinic.org,osm,100,fairview hospital,https://my.clevelandclinic.org/cms-hpt.txt,yes
360092,MEMORIAL HOSPITAL,MARYSVILLE,OH,Acute Care Hospitals,memorialohio.com,osm,86,Memorial Hospital of Union County,https://memorialohio.com/cms-hpt.txt,yes
360096,EAST LIVERPOOL CITY HOSPITAL,EAST LIVERPOOL,OH,Acute Care Hospitals,elch.org,osm,100,East Liverpool City Hospital,https://elch.org/cms-hpt.txt,yes
360109,COSHOCTON REGIONAL MEDICAL CENTER,COSHOCTON,OH,Acute Care Hospitals,coshoctonhospital.org,osm,100,Coshocton Regional Medical Center,https://coshoctonhospital.org/cms-hpt.txt,yes
360118,OHIOHEALTH MANSFIELD HOSPITAL,MANSFIELD,OH,Acute Care Hospitals,ohiohealth.com,osm,88,Mansfield Hospital,https://ohiohealth.com/cms-hpt.txt,yes
360131,ALLIANCE COMMUNITY HOSPITAL,ALLIANCE,OH,Acute Care Hospitals,aultmanalliance.org,osm,94,Aultman Alliance Community Hospital,https://aultmanalliance.org/cms-hpt.txt,yes
360133,KETTERING HEALTH DAYTON,DAYTON,OH,Acute Care Hospitals,ketteringhealth.org,osm,91,Kettering Health Dayton (Grandview),https://ketteringhealth.org/cms-hpt.txt,yes
360134,GOOD SAMARITAN HOSPITAL,CINCINNATI,OH,Acute Care Hospitals,trihealth.com,osm,100,Good Samaritan Hospital,https://trihealth.com/cms-hpt.txt,yes
360150,SUMMA WESTERN RESERVE HOSPITAL,CUYAHOGA FALLS,OH,Acute Care Hospitals,westernreservehospital.org,osm,94,Western Reserve Hospital,https://westernreservehospital.org/cms-hpt.txt,yes
360152,DOCTORS HOSPITAL,COLUMBUS,OH,Acute Care Hospitals,ohiohealth.com,osm,100,Doctors Hospital,https://ohiohealth.com/cms-hpt.txt,yes
360155,SOUTHWEST GENERAL HEALTH CENTER,MIDDLEBURG HEIGHTS,OH,Acute Care Hospitals,southwesthealth.org,guess,93,Southwest Health Center Inc,https://southwesthealth.org/cms-hpt.txt,yes
360159,ADENA REGIONAL MEDICAL CENTER,CHILLICOTHE,OH,Acute Care Hospitals,adena.org,osm,100,Adena Regional Medical Center,https://adena.org/cms-hpt.txt,yes
360170,BERGER HOSPITAL,CIRCLEVILLE,OH,Acute Care Hospitals,ohiohealth.com,osm,100,Berger Hospital,https://ohiohealth.com/cms-hpt.txt,yes
360172,MERCY REGIONAL MEDICAL CENTER,LORAIN,OH,Acute Care Hospitals,mercyregionalmedical.com,guess,100,Mercy Regional Medical Center,https://mercyregionalmedical.com/cms-hpt.txt,"no - same name in another state, check by hand"
360174,UPPER VALLEY MEDICAL CENTER,TROY,OH,Acute Care Hospitals,premierhealth.com,osm,100,Upper Valley Medical Center,https://premierhealth.com/cms-hpt.txt,yes
360175,TRIHEALTH CLINTON REGIONAL HOSPITAL,WILMINGTON,OH,Acute Care Hospitals,trihealth.com,osm,92,Clinton Regional Hospital,https://trihealth.com/cms-hpt.txt,yes
360180,CLEVELAND CLINIC,CLEVELAND,OH,Acute Care Hospitals,my.clevelandclinic.org,osm,86,cleveland clinic main campus,https://my.clevelandclinic.org/cms-hpt.txt,yes
360189,MADISON HEALTH,LONDON,OH,Acute Care Hospitals,madison-health.com,osm,100,Madison Health,https://madison-health.com/cms-hpt.txt,yes
360197,MARY RUTAN HOSPITAL,BELLEFONTAINE,OH,Acute Care Hospitals,maryrutan.org,osm,78,Mary Rutan Health,https://maryrutan.org/cms-hpt.txt,yes
360203,SOUTHEASTERN OHIO REGIONAL MEDICAL CENTER,CAMBRIDGE,OH,Acute Care Hospitals,ohiohealth.com,osm,90,Southeastern Medical Center,https://ohiohealth.com/cms-hpt.txt,yes
360210,GRADY MEMORIAL HOSPITAL,DELAWARE,OH,Acute Care Hospitals,ohiohealth.com,osm,100,Grady Memorial Hospital,https://ohiohealth.com/cms-hpt.txt,yes
360218,LICKING MEMORIAL HOSPITAL,NEWARK,OH,Acute Care Hospitals,lmhealth.org,osm,100,Licking Memorial Hospital,https://lmhealth.org/cms-hpt.txt,yes
360230,HILLCREST HOSPITAL,MAYFIELD HEIGHTS,OH,Acute Care Hospitals,my.clevelandclinic.org,osm,100,hillcrest hospital,https://my.clevelandclinic.org/cms-hpt.txt,yes
360239,KETTERING HEALTH MIAMISBURG,MIAMISBURG,OH,Acute Care Hospitals,ketteringhealth.org,osm,93,Kettering Health Miamisburg (Sycamore),https://ketteringhealth.org/cms-hpt.txt,yes
360266,MOUNT CARMEL NEW ALBANY SURGICAL HOSPITAL,NEW ALBANY,OH,Acute Care Hospitals,mountcarmelhealth.com,osm,86,Mount Carmel New Albany,https://mountcarmelhealth.com/cms-hpt.txt,yes
360348,DUBLIN METHODIST HOSPITAL,DUBLIN,OH,Acute Care Hospitals,ohiohealth.com,osm,100,Dublin Methodist Hospital,https://ohiohealth.com/cms-hpt.txt,yes
360352,SURGICAL HOSPITAL AT SOUTHWOODS,YOUNGSTOWN,OH,Acute Care Hospitals,southwoodshealth.com,osm,100,Surgical Hospital at Southwoods,https://southwoodshealth.com/cms-hpt.txt,yes
360360,SOIN MEDICAL CENTER,BEAVER CREEK,OH,Acute Care Hospitals,ketteringhealth.org,osm,100,Soin Medical Center,https://ketteringhealth.org/cms-hpt.txt,yes
360361,KINGS DAUGHTERS MEDICAL CENTER OHIO,PORTSMOUTH,OH,Acute Care Hospitals,kingsdaughtershealth.com,osm,100,King's Daughters Medical Center - Ohio,https://kingsdaughtershealth.com/cms-hpt.txt,yes
360365,AVITA ONTARIO,ONTARIO,OH,Acute Care Hospitals,avitahealth.org,osm,87,Avita Ontario Hospital,https://avitahealth.org/cms-hpt.txt,yes
360375,MOUNT CARMEL DUBLIN,DUBLIN,OH,Acute Care Hospitals,mountcarmelhealth.com,osm,90,Mount Carmel Dublin Hospital,https://mountcarmelhealth.com/cms-hpt.txt,yes
361300,PAULDING COUNTY HOSPITAL,PAULDING,OH,Critical Access Hospitals,pauldingcountyhospital.com,osm,100,Paulding County Hospital,https://pauldingcountyhospital.com/cms-hpt.txt,yes
361304,GREENFIELD AREA MEDICAL CENTER,GREENFIELD,OH,Critical Access Hospitals,adena.org,osm,95,Adena Greenfield Medical Center,https://adena.org/cms-hpt.txt,yes
361315,HARDIN MEMORIAL HOSPITAL,KENTON,OH,Critical Access Hospitals,ohiohealth.com,osm,100,Hardin Memorial Hospital,https://ohiohealth.com/cms-hpt.txt,yes
361321,"BARNESVILLE HOSPITAL ASSOCIATION, INC",BARNESVILLE,OH,Critical Access Hospitals,wvumedicine.org,osm,88,Barnesville Hospital,https://wvumedicine.org/cms-hpt.txt,yes
361322,BLUFFTON HOSPITAL,BLUFFTON,OH,Critical Access Hospitals,bvhealthsystem.org,osm,100,Bluffton Hospital,https://bvhealthsystem.org/cms-hpt.txt,yes
361324,OHIOHEALTH SHELBY HOSPITAL,SHELBY,OH,Critical Access Hospitals,ohiohealth.com,osm,87,Shelby Hospital,https://ohiohealth.com/cms-hpt.txt,yes
361326,ADAMS COUNTY REGIONAL MEDICAL CENTER,SEAMAN,OH,Critical Access Hospitals,acrmc.com,osm,100,Adams County Regional Medical Center,https://acrmc.com/cms-hpt.txt,yes
361329,WYANDOT MEMORIAL HOSPITAL,UPPER SANDUSKY,OH,Critical Access Hospitals,wyandotmemorial.org,osm,100,Wyandot Memorial Hospital,https://wyandotmemorial.org/cms-hpt.txt,yes
361330,HOCKING VALLEY COMMUNITY HOSPITAL,LOGAN,OH,Critical Access Hospitals,hvch.org,osm,100,Hocking Valley Community Hospital,https://hvch.org/cms-hpt.txt,yes
361331,ADENA FAYETTE MEDICAL CENTER,WASHINGTON CH,OH,Critical Access Hospitals,adena.org,osm,100,Adena Fayette Medical Center,https://adena.org/cms-hpt.txt,yes
361334,ADENA PIKE MEDICAL CENTER,WAVERLY,OH,Critical Access Hospitals,adena.org,osm,100,Adena Pike Medical Center,https://adena.org/cms-hpt.txt,yes
362015,GRACE HOSPITAL,BEDFORD,OH,Long-term,gracehospital.org,guess,100,Grace Hospital,https://gracehospital.org/cms-hpt.txt,yes
362020,KINDRED HOSPITAL LIMA,LIMA,OH,Long-term,kindredhospitals.com,chain,100,Kindred Hospital Lima,https://kindredhospitals.com/cms-hpt.txt,yes
362028,PAM HEALTH SPECIALTY HOSPITAL OF MIAMISBURG,MIAMISBURG,OH,Long-term,pamhealth.com,chain,100,PAM Health Specialty Hospital of Miamisburg,https://pamhealth.com/cms-hpt.txt,yes
362033,KINDRED HOSPITALS-DAYTON,DAYTON,OH,Long-term,kindredhospitals.com,chain,98,Kindred Hospital Dayton,https://kindredhospitals.com/cms-hpt.txt,yes
362038,ADVANCED SPECIALTY HOSPITAL OF TOLEDO,TOLEDO,OH,Long-term,advancedspecialtyhospital.com,guess,99,Advanced Specialty Hospitals of Toledo,https://advancedspecialtyhospital.com/cms-hpt.txt,yes
363034,ENCOMPASS HEALTH REHABILITATION HOSPITAL OF CINCIN,CINCINNATI,OH,Inpatient Rehabilitation,encompasshealth.com,osm,96,Encompass Health Rehabilitation Hospital of Cincinnati,https://encompasshealth.com/cms-hpt.txt,yes
363035,SUMMA REHAB HOSPITAL,AKRON,OH,Inpatient Rehabilitation,summarehabhospital.com,guess,100,"Summa Rehab Hospital, LLC",https://summarehabhospital.com/cms-hpt.txt,yes
363043,ENCOMPASS HEALTH REHAB HOSPITAL OF TOLEDO,TOLEDO,OH,Inpatient Rehabilitation,encompasshealth.com,chain,90,Encompass Health Rehabilitation Hospital of Toledo,https://encompasshealth.com/cms-hpt.txt,yes
363046,PAM REHABILITATION HOSPITAL OF DAYTON LLC,MIAMISBURG,OH,Inpatient Rehabilitation,pamhealth.com,chain,90,PAM Rehabilitation Hospital of Dover,https://pamhealth.com/cms-hpt.txt,yes
363048,CLEARSKY REHABILITATION HOSPITAL OF LANCASTER LLC,LANCASTER,OH,Inpatient Rehabilitation,lancasterrehabhospital.com,osm,94,Lancaster Rehabilitation Hospital,https://lancasterrehabhospital.com/cms-hpt.txt,yes
363049,"MERCY HEALTH REHABILITATION HOSPITAL, LLC",YOUNGSTOWN,OH,Inpatient Rehabilitation,mercyhealthrehabhospital.com,osm,93,"Mercy Health Rehabilitation Hospital, Youngstown",https://mercyhealthrehabhospital.com/cms-hpt.txt,yes
363306,DAYTON CHILDRENS HOSPITAL,DAYTON,OH,Childrens,childrensdayton.org,osm,100,Dayton Children's Hospital,https://childrensdayton.org/cms-hpt.txt,yes
364029,WINDSOR LAURELWOOD CENTER FOR BEHAVORIAL MEDICINE,WILLOUGHBY,OH,Psychiatric,windsorlaurelwood.com,osm,84,Windsor-Laurelwood Center,https://windsorlaurelwood.com/cms-hpt.txt,yes
364047,RIDGEVIEW HOSPITAL,MIDDLE POINT,OH,Psychiatric,ridgeviewhospital.net,osm,88,Ridgeview Behavioral Hospital,https://ridgeviewhospital.net/cms-hpt.txt,yes
364051,BECKETT SPRINGS,WEST CHESTER,OH,Psychiatric,beckettsprings.com,osm,100,Beckett Springs,https://beckettsprings.com/cms-hpt.txt,yes
364054,GENERATIONS BEHAVIORAL HEALTH - GENEVA,GENEVA,OH,Psychiatric,generationsbehavioralhealth.com,guess,100,Generations Behavioral Health Geneva,https://generationsbehavioralhealth.com/cms-hpt.txt,yes
364060,GENERATIONS BEHAVIORAL HEALTH-YOUNGSTOWN LLC,YOUNGSTOWN,OH,Psychiatric,generationsbehavioralhealth.com,guess,100,Generations Behavioral Health Youngstown,https://generationsbehavioralhealth.com/cms-hpt.txt,yes
364062,MOUNT CARMEL BEHAVIORAL HEALTH,COLUMBUS,OH,Psychiatric,mountcarmelbehavioralhealth.com,osm,100,Mount Carmel Behavioral Health,https://www.mountcarmelbehavioralhealth.com/cms-hpt.txt,yes
364065,GLENWOOD BEHAVIORAL HEALTH HOSPITAL,CINCINNATI,OH,Psychiatric,glenwoodbehavioral.com,osm,93,Glenwood Behavioral Health,https://www.glenwoodbehavioral.com/cms-hpt.txt,yes
370022,JACKSON COUNTY MEMORIAL HOSPITAL AUTHORITY,ALTUS,OK,Acute Care Hospitals,jcmh.com,osm,93,Jackson County Memorial Hospital,https://jcmh.com/cms-hpt.txt,yes
370049,STILLWATER MEDICAL CENTER,STILLWATER,OK,Acute Care Hospitals,stillwater-medical.org,osm,100,Stillwater Medical Center,https://stillwater-medical.org/cms-hpt.txt,yes
370057,MUSCOGEE (CREEK) NATION MEDICAL CENTER,OKMULGEE,OK,Acute Care Hospitals,creekhealth.org,osm,76,Muscogee Creek Nation Hospital & Clinics,https://creekhealth.org/cms-hpt.txt,yes
370240,INTEGRIS COMMUNITY HOSPITAL - COUNCIL CROSSING,OKLAHOMA CITY,OK,Acute Care Hospitals,integriscommunityhospital.com,osm,96,INTEGRIS Health Community Hospital - Council Crossing,https://integriscommunityhospital.com/cms-hpt.txt,yes
370245,CLINTON REGIONAL HOSPITAL,CLINTON,OK,Acute Care Hospitals,myunionhospital.org,osm,85,Union Hospital Clinton,https://myunionhospital.org/cms-hpt.txt,yes
370780,STILLWATER MEDICAL-BLACKWELL,BLACKWELL,OK,Rural Emergency Hospital,stillwater-medical.org,osm,100,Stillwater Medical - Blackwell,https://stillwater-medical.org/cms-hpt.txt,yes
370784,CLINTON REGIONAL HOSPITAL,CLINTON,OK,Rural Emergency Hospital,myunionhospital.org,osm,85,Union Hospital Clinton,https://myunionhospital.org/cms-hpt.txt,yes
371306,MERCY HOSPITAL MARIETTA,MARIETTA,OK,Critical Access Hospitals,mhsystem.org,osm,86,Marietta Memorial Hospital,https://mhsystem.org/cms-hpt.txt,yes
371338,HARMON MEMORIAL HOSPITAL,HOLLIS,OK,Critical Access Hospitals,harmonmemorial.com,osm,100,Harmon Memorial Hospital,https://harmonmemorial.com/cms-hpt.txt,yes
372004,PAM HEALTH SPECIALTY HOSPITAL OF OKLAHOMA CITY,OKLAHOMA CITY,OK,Long-term,pamhealth.com,chain,100,PAM Health Specialty Hospital of Oklahoma City,https://pamhealth.com/cms-hpt.txt,yes
372012,INSPIRE SPECIALTY HOSPITAL,MIDWEST CITY,OK,Long-term,inspirehospital.com,guess,100,Inspire Specialty Hospital,https://inspirehospital.com/cms-hpt.txt,yes
372018,PAM SPECIALTY HOSPITAL OF TULSA,TULSA,OK,Long-term,pamhealth.com,osm,100,PAM Specialty Hospital of Tulsa,https://pamhealth.com/cms-hpt.txt,yes
373033,MERCY REHABILITATION HOSPITAL OKLAHOMA CITY,OKLAHOMA CITY,OK,Inpatient Rehabilitation,mercy.net,osm,100,Mercy Rehabilitation Hospital Oklahoma City,https://mercy.net/cms-hpt.txt,yes
373035,PAM REHABILITATION HOSPITAL OF TULSA,TULSA,OK,Inpatient Rehabilitation,pamhealth.com,chain,100,PAM Rehabilitation Hospital of Tulsa,https://pamhealth.com/cms-hpt.txt,yes
373038,"OKLAHOMA CITY REHABILITATION HOSPITAL, LLC",OKLAHOMA CITY,OK,Inpatient Rehabilitation,mercy.net,osm,96,Mercy Rehabilitation Hospital Oklahoma City,https://mercy.net/cms-hpt.txt,yes
374016,"ROLLING HILLS HOSPITAL, LLC",ADA,OK,Psychiatric,rollinghillshospital.com,osm,100,Rolling Hills Hospital,https://www.rollinghillshospital.com/cms-hpt.txt,yes
374023,CEDAR RIDGE BEHAVIORAL HOSPITAL,OKLAHOMA CITY,OK,Psychiatric,cedarridgebhs.com,osm,100,Cedar Ridge Behavioral Hospital,https://cedarridgebhs.com/cms-hpt.txt,yes
380051,SALEM HOSPITAL,SALEM,OR,Acute Care Hospitals,salemtownhosp.com,osm,88,Salem Township Hospital,https://salemtownhosp.com/cms-hpt.txt,yes
380056,SANTIAM HOSPITAL & CLINICS,STAYTON,OR,Acute Care Hospitals,santiamhospital.org,osm,73,Santiam Memorial Hospital,https://santiamhospital.org/cms-hpt.txt,yes
380091,KAISER SUNNYSIDE MEDICAL CENTER,CLACKAMAS,OR,Acute Care Hospitals,healthy.kaiserpermanente.org,osm,94,Sunnyside Medical Center,https://healthy.kaiserpermanente.org/cms-hpt.txt,yes
380102,SACRED HEART MEDICAL CENTER - RIVERBEND,SPRINGFIELD,OR,Acute Care Hospitals,peacehealth.org,osm,93,PeaceHealth Sacred Heart Medical Center at RiverBend,https://peacehealth.org/cms-hpt.txt,yes
381301,PEACEHEALTH COTTAGE GROVE COMMUNITY MEDICAL CENTER,COTTAGE GROVE,OR,Critical Access Hospitals,peacehealth.org,osm,100,PeaceHealth Cottage Grove Community Medical Center,https://peacehealth.org/cms-hpt.txt,yes
381304,SOUTHERN COOS HOSPITAL & HEALTH CENTER,BANDON,OR,Critical Access Hospitals,southerncoos.org,osm,100,Southern Coos Hospital & Health Center,https://southerncoos.org/cms-hpt.txt,yes
381305,BLUE MOUNTAIN HOSPITAL,JOHN DAY,OR,Critical Access Hospitals,bluemountainhospital.org,osm,92,Blue Mountain Hospital District,https://bluemountainhospital.org/cms-hpt.txt,yes
381308,SALEM HEALTH WEST VALLEY,DALLAS,OR,Critical Access Hospitals,salemhealth.org,osm,100,Salem Health West Valley,https://salemhealth.org/cms-hpt.txt,yes
381312,COQUILLE VALLEY HOSPITAL,COQUILLE,OR,Critical Access Hospitals,cvhospital.org,osm,100,Coquille Valley Hospital,https://cvhospital.org/cms-hpt.txt,yes
381313,ST CHARLES MEDICAL CENTER PRINEVILLE,PRINEVILLE,OR,Critical Access Hospitals,stcharleshealthcare.org,osm,87,St. Charles Prineville,https://stcharleshealthcare.org/cms-hpt.txt,yes
381314,SAMARITAN PACIFIC COMMUNITY HOSPITAL,NEWPORT,OR,Critical Access Hospitals,samhealth.org,osm,95,Samaritan Pacific Communities Hospital,https://samhealth.org/cms-hpt.txt,yes
381316,PEACE HARBOR MEDICAL CENTER,FLORENCE,OR,Critical Access Hospitals,peacehealth.org,osm,91,PeaceHealth Peace Harbor Medical Center,https://peacehealth.org/cms-hpt.txt,yes
381319,ST ANTHONY HOSPITAL,PENDLETON,OR,Critical Access Hospitals,sahpendleton.org,osm,100,St. Anthony Hospital,https://sahpendleton.org/cms-hpt.txt,yes
381320,COLUMBIA MEMORIAL HOSPITAL,ASTORIA,OR,Critical Access Hospitals,columbiamemorial.org,osm,100,Columbia Memorial Hospital,https://columbiamemorial.org/cms-hpt.txt,yes
381322,CURRY GENERAL HOSPITAL,GOLD BEACH,OR,Critical Access Hospitals,curryhealthnetwork.com,osm,100,Curry General Hospital,https://curryhealthnetwork.com/cms-hpt.txt,yes
381324,ST CHARLES MADRAS,MADRAS,OR,Critical Access Hospitals,stcharleshealthcare.org,osm,100,St. Charles Madras,https://stcharleshealthcare.org/cms-hpt.txt,yes
381325,GOOD SHEPHERD MEDICAL CENTER,HERMISTON,OR,Critical Access Hospitals,gshealth.org,osm,82,Good Shepherd,https://gshealth.org/cms-hpt.txt,yes
384012,CEDAR HILLS HOSPITAL,PORTLAND,OR,Psychiatric,cedarhillshospital.com,guess,100,Cedar Hills Hospital,https://cedarhillshospital.com/cms-hpt.txt,yes
390012,JEFFERSON LANSDALE HOSPITAL,LANSDALE,PA,Acute Care Hospitals,jeffersonhealth.org,osm,100,Jefferson Lansdale Hospital,https://jeffersonhealth.org/cms-hpt.txt,yes
390026,TEMPLE HEALTH - CHESTNUT HILL HOSPITAL,PHILADELPHIA,PA,Acute Care Hospitals,templehealth.org,osm,100,Temple Health - Chestnut Hill Hospital,https://templehealth.org/cms-hpt.txt,yes
390027,TEMPLE UNIVERSITY HOSPITAL,PHILADELPHIA,PA,Acute Care Hospitals,templehealth.org,osm,92,Temple University Hospital - Fox Chase,https://templehealth.org/cms-hpt.txt,yes
390036,HERITAGE VALLEY BEAVER,BEAVER,PA,Acute Care Hospitals,heritagevalley.org,guess,100,Heritage Valley Beaver,https://heritagevalley.org/cms-hpt.txt,yes
390037,HERITAGE VALLEY SEWICKLEY,SEWICKLEY,PA,Acute Care Hospitals,heritagevalley.org,osm,100,Heritage Valley Sewickley,https://heritagevalley.org/cms-hpt.txt,yes
390042,"WASHINGTON HOSPITAL, THE",WASHINGTON,PA,Acute Care Hospitals,medstarhealth.org,osm,86,MedStar Washington Hospital Center,https://medstarhealth.org/cms-hpt.txt,yes
390044,READING HOSPITAL,WEST READING,PA,Acute Care Hospitals,towerhealth.org,osm,100,Reading Hospital,https://towerhealth.org/cms-hpt.txt,yes
390062,CONEMAUGH NASON MEDICAL CENTER,ROARING SPRING,PA,Acute Care Hospitals,conemaugh.org,osm,100,Conemaugh Nason Medical Center,https://conemaugh.org/cms-hpt.txt,yes
390065,GETTYSBURG HOSPITAL,GETTYSBURG,PA,Acute Care Hospitals,wellspan.org,osm,90,WellSpan Gettysburg Hospital,https://wellspan.org/cms-hpt.txt,yes
390079,ROBERT PACKER HOSPITAL,SAYRE,PA,Acute Care Hospitals,guthrie.org,osm,92,Guthrie Robert Packer Hospital,https://guthrie.org/cms-hpt.txt,yes
390110,CONEMAUGH MEMORIAL MEDICAL CENTER,JOHNSTOWN,PA,Acute Care Hospitals,conemaugh.org,osm,100,Conemaugh Memorial Medical Center,https://conemaugh.org/cms-hpt.txt,yes
390111,HOSPITAL OF UNIV OF PENNSYLVANIA,PHILADELPHIA,PA,Acute Care Hospitals,pennmedicine.org,osm,95,Pennsylvania Hospital,https://pennmedicine.org/cms-hpt.txt,yes
390112,CHAN SOON- SHIONG MEDICAL CENTER AT WINDBER,WINDBER,PA,Acute Care Hospitals,windbercare.org,osm,100,Chan Soon Shiong Medical Center at Windber,https://windbercare.org/cms-hpt.txt,yes
390113,MEADVILLE MEDICAL CENTER,MEADVILLE,PA,Acute Care Hospitals,mmchs.org,osm,100,Meadville Medical Center,https://mmchs.org/cms-hpt.txt,yes
390123,POTTSTOWN HOSPITAL,POTTSTOWN,PA,Acute Care Hospitals,towerhealth.org,osm,100,Pottstown Hospital,https://towerhealth.org/cms-hpt.txt,yes
390125,WAYNE MEMORIAL HOSPITAL,HONESDALE,PA,Acute Care Hospitals,wmh.org,osm,100,Wayne Memorial Hospital,https://wmh.org/cms-hpt.txt,yes
390127,PHOENIXVILLE HOSPITAL,PHOENIXVILLE,PA,Acute Care Hospitals,towerhealth.org,osm,100,Phoenixville Hospital,https://towerhealth.org/cms-hpt.txt,yes
390142,JEFFERSON EINSTEIN PHILADELPHIA HOSPITAL,PHILADELPHIA,PA,Acute Care Hospitals,jeffersonhealth.org,osm,100,Jefferson Einstein Philadelphia Hospital,https://jeffersonhealth.org/cms-hpt.txt,yes
390160,CANONSBURG GENERAL HOSPITAL,CANONSBURG,PA,Acute Care Hospitals,ahn.org,osm,91,CANONSBURG HOSPITAL,https://ahn.org/cms-hpt.txt,yes
390174,THOMAS JEFFERSON UNIVERSITY HOSPITAL,PHILADELPHIA,PA,Acute Care Hospitals,jeffersonhealth.org,osm,100,Thomas Jefferson University Hospital,https://jeffersonhealth.org/cms-hpt.txt,yes
390179,CHESTER COUNTY HOSPITAL,WEST CHESTER,PA,Acute Care Hospitals,pennmedicine.org,osm,88,Penn Medicine Chester County Hospital,https://pennmedicine.org/cms-hpt.txt,yes
390198,LECOM MEDICAL CENTER AND BEHAVIORAL HEALTH PAV,ERIE,PA,Acute Care Hospitals,lecomhealth.com,osm,95,LECOM Medical Center and Behavioral Health Pavilion,https://lecomhealth.com/cms-hpt.txt,yes
390231,JEFFERSON ABINGTON HOSPITAL,ABINGTON,PA,Acute Care Hospitals,jeffersonhealth.org,osm,100,Jefferson Abington Hospital,https://jeffersonhealth.org/cms-hpt.txt,yes
390256,MILTON S HERSHEY MEDICAL CENTER,HERSHEY,PA,Acute Care Hospitals,pennstatehealth.org,osm,89,Penn State Health Milton S. Hershey Medical Center,https://pennstatehealth.org/cms-hpt.txt,yes
390265,JEFFERSON HOSPITAL,JEFFERSON HILLS,PA,Acute Care Hospitals,ahn.org,osm,100,JEFFERSON HOSPITAL,https://ahn.org/cms-hpt.txt,yes
390272,VALLEY FORGE MEDICAL CENTER,NORRISTOWN,PA,Acute Care Hospitals,vfmc.net,osm,88,Avenues Recovery Medical Center at Valley Forge,https://vfmc.net/cms-hpt.txt,yes
390322,ROTHMAN ORTHOPAEDIC SPECIALTY HOSPITAL,BENSALEM,PA,Acute Care Hospitals,rothmanorthohospital.com,osm,100,Rothman Orthopaedic Specialty Hospital,https://rothmanorthohospital.com/cms-hpt.txt,yes
390323,ADVANCED SURGICAL HOSPITAL,WASHINGTON,PA,Acute Care Hospitals,ashospital.net,osm,100,Advanced Surgical Hospital,https://ashospital.net/cms-hpt.txt,yes
390324,PHYSICIANS CARE SURGICAL HOSPITAL,ROYERSFORD,PA,Acute Care Hospitals,phycarehospital.com,osm,100,Physicians Care Surgical Hospital,https://phycarehospital.com/cms-hpt.txt,yes
390325,OSS ORTHOPAEDIC HOSPITAL,YORK,PA,Acute Care Hospitals,osshealth.com,osm,53,OSS Health,https://osshealth.com/cms-hpt.txt,yes
390329,JEFFERSON EINSTEIN MONTGOMERY HOSPITAL,EAST NORRITON,PA,Acute Care Hospitals,jeffersonhealth.org,osm,100,Jefferson Einstein Montgomery Hospital,https://jeffersonhealth.org/cms-hpt.txt,yes
391302,CONEMAUGH MEYERSDALE MEDICAL CENTER,MEYERSDALE,PA,Critical Access Hospitals,conemaugh.org,osm,100,Conemaugh Meyersdale Medical Center,https://conemaugh.org/cms-hpt.txt,yes
391303,FULTON COUNTY MEDICAL CENTER,MCCONNELLSBURG,PA,Critical Access Hospitals,fcmcpa.org,osm,100,Fulton County Medical Center,https://fcmcpa.org/cms-hpt.txt,yes
391305,TROY COMMUNITY HOSPITAL,TROY,PA,Critical Access Hospitals,guthrie.org,osm,93,Guthrie Troy Community Hospital,https://guthrie.org/cms-hpt.txt,yes
391308,LECOM HEALTH CORRY MEMORIAL HOSPITAL,CORRY,PA,Critical Access Hospitals,lecomhealth.com,osm,54,LECOM Medical Center and Behavioral Health Pavilion,https://lecomhealth.com/cms-hpt.txt,yes
391314,TITUSVILLE AREA HOSPITAL,TITUSVILLE,PA,Critical Access Hospitals,titusvillehospital.org,osm,100,Titusville Area Hospital,https://titusvillehospital.org/cms-hpt.txt,yes
391317,CONEMAUGH MINERS MEDICAL CENTER,HASTINGS,PA,Critical Access Hospitals,conemaugh.org,osm,100,Conemaugh Miners Medical Center,https://conemaugh.org/cms-hpt.txt,yes
392025,PAM SPECIALTY HOSPITAL OF WILKES-BARRE,WILKES-BARRE,PA,Long-term,pamhealth.com,chain,100,PAM Specialty Hospital of Wilkes-Barre,https://pamhealth.com/cms-hpt.txt,yes
392027,KINDRED HOSPITAL PHILADELPHIA,LAWNCREST,PA,Long-term,kindredhospitals.com,chain,100,Kindred Hospital Philadelphia,https://kindredhospitals.com/cms-hpt.txt,yes
392028,PAM HEALTH SPECIALTY HOSPITAL OF PITTSBURGH,OAKDALE,PA,Long-term,pamhealth.com,chain,100,PAM Health Specialty Hospital of Pittsburgh,https://pamhealth.com/cms-hpt.txt,yes
392043,PAM HEALTH SPECIALITY HOSPITAL AT HERITAGE VALLEY,BEAVER,PA,Long-term,pamhealth.com,chain,99,PAM Health Specialty Hospital at Heritage Valley,https://pamhealth.com/cms-hpt.txt,yes
393026,ENCOMPASS HEALTH REHABILITATION HOSPITAL OF READIN,READING,PA,Inpatient Rehabilitation,encompasshealth.com,chain,99,Encompass Health Rehabilitation Hospital of Reading,https://encompasshealth.com/cms-hpt.txt,yes
393027,ENCOMPASS HEALTH REHAB HOSPITAL OF HARMARVILLE,PITTSBURGH,PA,Inpatient Rehabilitation,encompasshealth.com,osm,92,Encompass Health Rehabilitation Hospital of Harmarville,https://encompasshealth.com/cms-hpt.txt,yes
393031,ENCOMPASS HEALTH REHABILITATION HOSPITAL OF MECHAN,MECHANICSBURG,PA,Inpatient Rehabilitation,encompasshealth.com,osm,94,Encompass Health Rehabilitation Hospital of Manati,https://encompasshealth.com/cms-hpt.txt,yes
393036,JOHN HEINZ INSTITUTE OF REHABILITATION MEDICINE,WILKES BARRE TOWNSHI,PA,Inpatient Rehabilitation,allied-services.org,osm,94,john heinz institute of rehabilitation,https://allied-services.org/cms-hpt.txt,yes
393037,"ENCOMPASS HEALTH REHABILITATION HOSPITAL OF YORK,",YORK,PA,Inpatient Rehabilitation,encompasshealth.com,chain,100,Encompass Health Rehabilitation Hospital of York,https://encompasshealth.com/cms-hpt.txt,yes
393039,ENCOMPASS HEALTH REHABILITATION HOSPITAL OF NITTAN,PLEASANT GAP,PA,Inpatient Rehabilitation,encompasshealth.com,osm,93,Encompass Health Rehabilitation Hospital of Littleton,https://encompasshealth.com/cms-hpt.txt,yes
393040,ENCOMPASS HEALTH REHABILITATION HOSPITAL OF ALTOON,ALTOONA,PA,Inpatient Rehabilitation,encompasshealth.com,osm,99,Encompass Health Rehabilitation Hospital of Altoona,https://encompasshealth.com/cms-hpt.txt,yes
393045,ENCOMPASS HEALTH REHABILITATION HOSP OF SEWICKLEY,SEWICKLEY,PA,Inpatient Rehabilitation,encompasshealth.com,osm,96,Encompass Health Rehabilitation Hospital of Sewickley,https://encompasshealth.com/cms-hpt.txt,yes
393046,"ENCOMPASS HEALTH REHABILITATION HOSPITAL OF ERIE,",ERIE,PA,Inpatient Rehabilitation,encompasshealth.com,chain,100,Encompass Health Rehabilitation Hospital of Erie,https://encompasshealth.com/cms-hpt.txt,yes
393047,GEISINGER ENCOMPASS HEALTH REHABILITATION HOSPITAL,DANVILLE,PA,Inpatient Rehabilitation,encompasshealth.com,chain,100,Geisinger Encompass Health Rehabilitation Hospital,https://encompasshealth.com/cms-hpt.txt,yes
393054,LANCASTER REHABILITATION HOSPITAL,LANCASTER,PA,Inpatient Rehabilitation,lancasterrehabhospital.com,osm,100,Lancaster Rehabilitation Hospital,https://lancasterrehabhospital.com/cms-hpt.txt,yes
393055,ST MARY REHABILITATION HOSPITAL,LANGHORNE,PA,Inpatient Rehabilitation,stmaryrehabilitationhospital.com,osm,100,St. Mary Rehabilitation Hospital,https://stmaryrehabilitationhospital.com/cms-hpt.txt,yes
394027,FAIRMOUNT BEHAVIORAL HEALTH SYSTEM,PHILADELPHIA,PA,Psychiatric,fairmountbhs.com,osm,100,Fairmount Behavioral Health System,https://fairmountbhs.com/cms-hpt.txt,yes
394034,HORSHAM CLINIC,AMBLER,PA,Psychiatric,horshamclinic.com,osm,100,The Horsham Clinic,https://horshamclinic.com/cms-hpt.txt,yes
394055,LANCASTER BEHAVIORAL HEALTH HOSPITAL,LANCASTER,PA,Psychiatric,lancasterbehavioral.org,osm,100,Lancaster Behavioral Health Hospital,https://lancasterbehavioral.org/cms-hpt.txt,yes
394056,TOWER BEHAVIORAL HEALTH,READING,PA,Psychiatric,towerbehavioralhealth.com,guess,100,Tower Behavioral Health,https://www.towerbehavioralhealth.com/cms-hpt.txt,yes
400001,PRESBYTERIAN COMMUNITY HOSPITAL,SAN JUAN,PR,Acute Care Hospitals,presbypr.com,osm,55,Hospital Ashford,https://presbypr.com/cms-hpt.txt,yes
400013,HOSPITAL MENONITA DE CAYEY,CAYEY,PR,Acute Care Hospitals,sistemamenonita.com,osm,97,Hospital Menonita Cayey,https://sistemamenonita.com/cms-hpt.txt,yes
400018,HOSPITAL MENONITA DE AIBONITO,AIBONITO,PR,Acute Care Hospitals,sistemamenonita.com,osm,97,Hospital Menonita Aibonito,https://sistemamenonita.com/cms-hpt.txt,yes
400032,BAYAMON MEDICAL CENTER,BAYAMON,PR,Acute Care Hospitals,bayamonmedical.com,guess,100,Bayamon Medical Center,https://bayamonmedical.com/cms-hpt.txt,yes
400104,HOSPITAL MENONITA CAGUAS INC,CAGUAS,PR,Acute Care Hospitals,sistemamenonita.com,osm,100,Hospital Menonita Caguas,https://sistemamenonita.com/cms-hpt.txt,yes
400118,"DOCTORS' CENTER HOSPITAL, INC",MANATI,PR,Acute Care Hospitals,doctorscenterhospital.com,guess,94,Doctors' Center Hospital - Manatí,https://doctorscenterhospital.com/cms-hpt.txt,yes
400132,DOCTORS CENTER HOSPITAL  CAROLINA LLC,CAROLINA,PR,Acute Care Hospitals,doctorscenterhospital.com,guess,89,Doctors' Center Hospital - San Fernando de la Carolina,https://doctorscenterhospital.com/cms-hpt.txt,yes
400137,DOCTORS CENTER HOSPITAL ORLANDO HEALTH DORADO,DORADO,PR,Acute Care Hospitals,doctorscenterhospital.com,guess,90,Doctors' Center Hospital - Dorado,https://doctorscenterhospital.com/cms-hpt.txt,yes
403025,ENCOMPASS HEALTH REHABILITATION HOSPITAL OF SAN JU,SAN JUAN,PR,Inpatient Rehabilitation,encompasshealth.com,chain,98,Encompass Health Rehabilitation Hospital of San Juan,https://encompasshealth.com/cms-hpt.txt,yes
403026,ENCOMPASS HEALTH REHABILITATION HOSPITAL MANATI,MANATI,PR,Inpatient Rehabilitation,encompasshealth.com,chain,100,Encompass Health Rehabilitation Hospital of Manati,https://encompasshealth.com/cms-hpt.txt,yes
404004,FIRST HOSPITAL PANAMERICANO,CIDRA,PR,Psychiatric,hospitalpanamericano.com,osm,100,First Hospital Panamericano,https://hospitalpanamericano.com/cms-hpt.txt,yes
404005,SAN JUAN CAPESTRANO  HOSPITAL INC,RIO PIEDRAS,PR,Psychiatric,sanjuancapestrano.com,guess,100,San Juan Capestrano Hospital,https://www.sanjuancapestrano.com/cms-hpt.txt,yes
410004,ROGER WILLIAMS MEDICAL CENTER,PROVIDENCE,RI,Acute Care Hospitals,chartercare.org,osm,37,"UConn Health, Waterbury Hospital",https://chartercare.org/cms-hpt.txt,yes
413026,ENCOMPASS HEALTH REHAB HOSPITAL OF JOHNSTON,JOHNSTON,RI,Inpatient Rehabilitation,encompasshealth.com,chain,91,Encompass Health Rehabilitation Hospital of Johnston,https://encompasshealth.com/cms-hpt.txt,yes
420004,MUSC MEDICAL CENTER,CHARLESTON,SC,Acute Care Hospitals,muschealth.org,osm,87,MUSC Health Marion Medical Center,https://muschealth.org/cms-hpt.txt,yes
420043,CHEROKEE MEDICAL CENTER,GAFFNEY,SC,Acute Care Hospitals,spartanburgregional.com,osm,100,Cherokee Medical Center,https://spartanburgregional.com/cms-hpt.txt,yes
420049,CONWAY MEDICAL CENTER,CONWAY,SC,Acute Care Hospitals,conwaymedicalcenter.com,osm,100,Conway Medical Center,https://conwaymedicalcenter.com/cms-hpt.txt,yes
420051,MCLEOD REGIONAL MEDICAL CENTER-PEE DEE,FLORENCE,SC,Acute Care Hospitals,mcleodhealth.org,osm,94,McLeod Regional Medical Center,https://mcleodhealth.org/cms-hpt.txt,yes
420065,BON SECOURS-ST FRANCIS XAVIER HOSPITAL,CHARLESTON,SC,Acute Care Hospitals,rsfh.com,osm,95,Bon Secours St Francis Hospital,https://rsfh.com/cms-hpt.txt,yes
420067,BEAUFORT COUNTY MEMORIAL HOSPITAL,BEAUFORT,SC,Acute Care Hospitals,bmhsc.org,osm,94,Beaufort Memorial Hospital,https://bmhsc.org/cms-hpt.txt,yes
420071,SELF REGIONAL HEALTHCARE,GREENWOOD,SC,Acute Care Hospitals,selfregionalhealthcare.org,guess,100,Self Regional Healthcare,https://selfregionalhealthcare.org/cms-hpt.txt,yes
420085,GRAND STRAND REGIONAL MEDICAL CENTER,MYRTLE BEACH,SC,Acute Care Hospitals,mygrandstrandhealth.com,osm,93,GRAND STRAND MEDICAL CENTER,https://mygrandstrandhealth.com/cms-hpt.txt,yes
420103,PELHAM MEDICAL CENTER,GREER,SC,Acute Care Hospitals,spartanburgregional.com,osm,100,Pelham Medical Center,https://spartanburgregional.com/cms-hpt.txt,yes
420107,MCLEOD HEALTH CHERAW,CHERAW,SC,Acute Care Hospitals,mcleodhealth.org,osm,100,McLeod Health Cheraw,https://mcleodhealth.org/cms-hpt.txt,yes
420108,UNION MEDICAL CENTER,UNION,SC,Acute Care Hospitals,spartanburgregional.com,osm,100,Union Medical Center,https://spartanburgregional.com/cms-hpt.txt,yes
420109,MCLEOD HEALTH CLARENDON,MANNING,SC,Acute Care Hospitals,mcleodhealth.org,osm,100,McLeod Health Clarendon,https://mcleodhealth.org/cms-hpt.txt,yes
421300,ALLENDALE COUNTY HOSPITAL,FAIRFAX,SC,Critical Access Hospitals,achospital.org,osm,100,Allendale County Hospital,https://achospital.org/cms-hpt.txt,yes
421304,EDGEFIELD COUNTY HEALTHCARE AN AFFILIATE OF SELF R,EDGEFIELD,SC,Critical Access Hospitals,selfregional.org,osm,86,Edgefield County Healthcare,https://selfregional.org/cms-hpt.txt,yes
422005,CHARLESTON-AMG SPECIALITY HOSPITAL INC,MOUNT PLEASANT,SC,Long-term,amgihm.com,osm,99,AMG Specialty Hospital - Charleston,https://amgihm.com/cms-hpt.txt,yes
422006,PRISMA HEALTH LTACH-BAPTIST,COLUMBIA,SC,Long-term,prismahealth.org,osm,86,Prisma Health Baptist Hospital,https://prismahealth.org/cms-hpt.txt,yes
422008,PRISMA HEALTH NORTH GREENVILLE LTACH,TRAVELERS REST,SC,Long-term,prismahealth.org,osm,89,Prisma Health North Greenville Hospital,https://prismahealth.org/cms-hpt.txt,yes
423025,ENCOMPASS HEALTH REHABILITATION HOSPITAL OF COLA,COLUMBIA,SC,Inpatient Rehabilitation,encompasshealth.com,osm,96,Encompass Health Rehabilitation Hospital of Columbia,https://encompasshealth.com/cms-hpt.txt,yes
423026,ENCOMPASS HEALTH REHABILITATION HOSPITAL OF FLORE,FLORENCE,SC,Inpatient Rehabilitation,encompasshealth.com,chain,97,Encompass Health Rehabilitation Hospital of Florence,https://encompasshealth.com/cms-hpt.txt,yes
423027,MUSC HEALT REHABILITATION HOSPITAL,NORTH CHARLESTON,SC,Inpatient Rehabilitation,encompasshealth.com,osm,87,Altru Rehabilitation Hospital,https://encompasshealth.com/cms-hpt.txt,yes
423028,ENCOMPASS HEALTH REHABILITATION HOSPITAL OF ROCK H,ROCK HILL,SC,Inpatient Rehabilitation,encompasshealth.com,chain,95,Encompass Health Rehabilitation Hospital of Rock Hill,https://encompasshealth.com/cms-hpt.txt,yes
423029,ANMED HEALTH REHABILITATION HOSPITAL,ANDERSON,SC,Inpatient Rehabilitation,encompasshealth.com,osm,100,AnMed Health Rehabilitation Hospital,https://encompasshealth.com/cms-hpt.txt,yes
423030,"GREENWOOD REGIONAL REHABILITATION HOSPITAL, INC",GREENWOOD,SC,Inpatient Rehabilitation,grrh.ernesthealth.com,osm,100,"Greenwood Regional Rehabilitation Hospital, LLC",https://grrh.ernesthealth.com/cms-hpt.txt,yes
423032,ENCOMPASS HEALTH REHAB HOSPITAL OF BLUFFTON,BLUFFTON,SC,Inpatient Rehabilitation,encompasshealth.com,chain,91,Encompass Health Rehabilitation Hospital of Bluffton,https://encompasshealth.com/cms-hpt.txt,yes
423035,ENCOMPASS HEALTH REHABILITATION HOSPITAL GREENVILL,GREENVILLE,SC,Inpatient Rehabilitation,encompasshealth.com,chain,99,Encompass Health Rehabilitation Hospital of Greenville,https://encompasshealth.com/cms-hpt.txt,yes
423037,ENCOMPASS HEALTH REHABILITATION HOSPITAL FORT MILL,FORT MILL,SC,Inpatient Rehabilitation,encompasshealth.com,chain,100,Encompass Health Rehabilitation Hospital of Fort Mill,https://encompasshealth.com/cms-hpt.txt,yes
424002,LIGHTHOUSE BEHAVIORAL HEALTH HOSPITAL,CONWAY,SC,Psychiatric,lighthousebehavioral.com,osm,100,Lighthouse Behavioral Health Hospital,https://lighthousebehavioral.com/cms-hpt.txt,yes
424006,PALMETTO LOWCOUNTRY BEHAVIORAL HEALTH,CHARLESTON,SC,Psychiatric,palmettobehavioralhealth.com,osm,100,Palmetto Lowcountry Behavioral Health,https://palmettobehavioralhealth.com/cms-hpt.txt,yes
424008,THREE RIVERS BEHAVIORAL HEALTH,WEST COLUMBIA,SC,Psychiatric,threeriversbehavioral.org,osm,100,Three Rivers Behavioral Health,https://threeriversbehavioral.org/cms-hpt.txt,yes
424010,"CAROLINA CTR FOR BEHAVIORAL HEALTH,THE",GREER,SC,Psychiatric,thecarolinacenter.com,osm,96,The Carolina Center for Behavioral Health,https://thecarolinacenter.com/cms-hpt.txt,yes
424014,REBOUND BEHAVIORAL HEALTH,LANCASTER,SC,Psychiatric,reboundbehavioralhealth.com,osm,92,Rebound Behavioral Health Hospital,https://www.reboundbehavioralhealth.com/cms-hpt.txt,yes
430005,"PRAIRIE LAKES HEALTHCARE SYSTEM, INC",WATERTOWN,SD,Acute Care Hospitals,prairielakes.com,guess,100,Prairie Lakes Healthcare System Inc,https://prairielakes.com/cms-hpt.txt,yes
433027,ENCOMPASS HEALTH REHAB HOSPITAL OF SIOUX FALLS,SIOUX FALLS,SD,Inpatient Rehabilitation,encompasshealth.com,chain,92,Encompass Health Rehabilitation Hospital of Sioux Falls,https://encompasshealth.com/cms-hpt.txt,yes
440159,DELTA SPECIALTY HOSPITAL,MEMPHIS,TN,Acute Care Hospitals,deltaspecialtyhospital.com,osm,100,Delta Specialty Hospital,https://www.deltaspecialtyhospital.com/cms-hpt.txt,yes
440231,TRUSTPOINT HOSPITAL,MURFREESBORO,TN,Acute Care Hospitals,trustpointhospital.com,osm,100,TrustPoint Hospital,https://www.trustpointhospital.com/cms-hpt.txt,yes
442007,KINDRED HOSPITAL - CHATTANOOGA,CHATTANOOGA,TN,Long-term,kindredhospitals.com,chain,100,Kindred Hospital Chattanooga,https://kindredhospitals.com/cms-hpt.txt,yes
443025,SISKIN HOSPITAL FOR PHYSICAL REHABILITATION,CHATTANOOGA,TN,Inpatient Rehabilitation,siskinrehab.org,osm,100,Siskin Hospital for Physical Rehabilitation,https://siskinrehab.org/cms-hpt.txt,yes
443029,ENCOMPASS HEALTH REHABILITIATION HOSPITAL OF MEMPH,MEMPHIS,TN,Inpatient Rehabilitation,encompasshealth.com,chain,92,Encompass Health Rehabilitation Hospital of Miami,https://encompasshealth.com/cms-hpt.txt,yes
443031,ENCOMPASS HEALTH METHODIST REHABILITATION HOSPITAL,MEMPHIS,TN,Inpatient Rehabilitation,encompasshealth.com,chain,94,Encompass Health Rehabilitation Hospital of Modesto,https://encompasshealth.com/cms-hpt.txt,yes
443032,ENCOMPASS HEALTH REHABILITATION HOSPITAL OF CHATTA,CHATTANOOGA,TN,Inpatient Rehabilitation,encompasshealth.com,osm,95,Encompass Health Rehabilitation Hospital of Chattanooga,https://encompasshealth.com/cms-hpt.txt,yes
443035,ENCOMPASS HEALTH REHABILITATION HOSPITAL OF FRANKL,FRANKLIN,TN,Inpatient Rehabilitation,encompasshealth.com,chain,98,Encompass Health Rehabilitation Hospital of Franklin,https://encompasshealth.com/cms-hpt.txt,yes
443037,KNOXVILLE REHABILITATION HOSPITAL,KNOXVILLE,TN,Inpatient Rehabilitation,knoxvillehospital.org,osm,71,Knoxville Hospital and Clinics,https://knoxvillehospital.org/cms-hpt.txt,yes
444003,RIDGEVIEW PSYCHIATRIC HOSPITAL AND CENTER,OAK RIDGE,TN,Psychiatric,ridgeview.com,guess,100,"Ridgeview Psychiatric Hospital and Center, Inc.",https://ridgeview.com/cms-hpt.txt,yes
444004,LAKESIDE BEHAVIORAL HEALTH SYSTEM,MEMPHIS,TN,Psychiatric,lakesidebhs.com,osm,100,Lakeside Behavioral Health System,https://lakesidebhs.com/cms-hpt.txt,yes
444007,ROLLING HILLS PSYCHIATRIC HOSPITAL,FRANKLIN,TN,Psychiatric,rollinghillshospital.org,osm,89,Rolling Hills Hospital,https://rollinghillshospital.org/cms-hpt.txt,yes
444032,EAST TENNESSEE BEHAVIORAL HEALTH,KNOXVILLE,TN,Psychiatric,easttennesseebehavioralhealth.com,osm,100,East Tennessee Behavioral Health,https://www.easttennesseebehavioralhealth.com/cms-hpt.txt,yes
450007,PETERSON REGIONAL MEDICAL CENTER,KERRVILLE,TX,Acute Care Hospitals,petersonhealth.com,osm,100,Peterson Regional Medical Center,https://petersonhealth.com/cms-hpt.txt,yes
450055,ROLLING PLAINS MEMORIAL HOSPITAL,SWEETWATER,TX,Acute Care Hospitals,rpmh.net,osm,100,Rolling Plains Memorial Hospital,https://rpmh.net/cms-hpt.txt,yes
450184,MEMORIAL HERMANN HOSPITAL SYSTEM,HOUSTON,TX,Acute Care Hospitals,memorialhermann.org,osm,87,Memorial Hermann Southeast Hospital,https://memorialhermann.org/cms-hpt.txt,yes
450347,HUNTSVILLE MEMORIAL HOSPITAL,HUNTSVILLE,TX,Acute Care Hospitals,huntsvillehospital.org,osm,90,Huntsville Hospital,https://huntsvillehospital.org/cms-hpt.txt,yes
450379,DALLAS MEDICAL CENTER,DALLAS,TX,Acute Care Hospitals,dallasmedcenter.com,osm,100,Dallas Medical Center,https://dallasmedcenter.com/cms-hpt.txt,yes
450403,MEDICAL CENTER OF MCKINNEY,MCKINNEY,TX,Acute Care Hospitals,bswhealth.com,osm,85,BAYLOR SCOTT & WHITE MEDICAL CENTER - MCKINNEY,https://bswhealth.com/cms-hpt.txt,yes
450641,NOCONA GENERAL HOSPITAL,NOCONA,TX,Acute Care Hospitals,noconageneral.com,osm,100,Nocona General Hospital,https://noconageneral.com/cms-hpt.txt,yes
450711,RIO GRANDE REGIONAL HOSPITAL,MCALLEN,TX,Acute Care Hospitals,riohealth.com,osm,100,RIO GRANDE REGIONAL HOSPITAL,https://riohealth.com/cms-hpt.txt,yes
450889,TEXAS INSTITUTE FOR SURGERY AT PRESBYTERIAN HOSPIT,DALLAS,TX,Acute Care Hospitals,texasinstituteforsurgery.com,osm,86,Texas Institute for Surgery at Texas Health Presbyterian Dallas,https://texasinstituteforsurgery.com/cms-hpt.txt,yes
451362,CLAY COUNTY MEMORIAL HOSPITAL,HENRIETTA,TX,Critical Access Hospitals,ccmhospital.com,osm,100,Clay County Memorial Hospital,https://ccmhospital.com/cms-hpt.txt,yes
451370,TMC- BONHAM HOSPITAL,BONHAM,TX,Critical Access Hospitals,tmcbonham.com,osm,100,TMC Bonham Hospital,https://tmcbonham.com/cms-hpt.txt,yes
451373,WARD MEMORIAL HOSPITAL,MONAHANS,TX,Critical Access Hospitals,wardmemorial.com,osm,100,Ward Memorial Hospital,https://wardmemorial.com/cms-hpt.txt,yes
451386,MEMORIAL HOSPITAL,DUMAS,TX,Critical Access Hospitals,mchd.net,osm,58,Moore County Hospital District,https://mchd.net/cms-hpt.txt,yes
452016,KINDRED HOSPITAL SAN ANTONIO,SAN ANTONIO,TX,Long-term,kindredhospitals.com,chain,100,Kindred Hospital San Antonio,https://kindredhospitals.com/cms-hpt.txt,yes
452023,KINDRED HOSPITAL HOUSTON MEDICAL CENTER,HOUSTON,TX,Long-term,kindredhospitals.com,chain,100,Kindred Hospital Houston Medical Center,https://kindredhospitals.com/cms-hpt.txt,yes
452028,KINDRED HOSPITAL-TARRANT COUNTY,ARLINGTON,TX,Long-term,kindredhospitals.com,osm,93,Kindred Hospital Tarrant County - Arlington,https://kindredhospitals.com/cms-hpt.txt,yes
452039,KINDRED HOSPITAL HOUSTON NW,HOUSTON,TX,Long-term,kindredhospitals.com,chain,91,Kindred Hospital Houston Northwest,https://kindredhospitals.com/cms-hpt.txt,yes
452059,PAM SPECIALTY HOSPITAL OF SAN ANTONIO MEDICAL CEN,SAN ANTONIO,TX,Long-term,pamhealth.com,chain,89,Specialty Hospital of San Antonio,https://pamhealth.com/cms-hpt.txt,yes
452060,TEXAS SPECIALTY HOSPITAL,AMARILLO,TX,Long-term,texashealth.org,guess,86,Texas Health Specialty Hospital Fort Worth,https://texashealth.org/cms-hpt.txt,yes
452073,KINDRED HOSPITAL- SAN ANTONIO CENTRAL,SAN ANTONIO,TX,Long-term,kindredhospitals.com,chain,100,Kindred Hospital San Antonio Central,https://kindredhospitals.com/cms-hpt.txt,yes
452075,KINDRED HOSPITAL CLEAR LAKE,WEBSTER,TX,Long-term,kindredhospitals.com,chain,100,Kindred Hospital Clear Lake,https://kindredhospitals.com/cms-hpt.txt,yes
452079,KINDRED HOSPTIAL EL PASO,EL PASO,TX,Long-term,kindredhospitals.com,chain,100,Kindred Hosptial El Paso,https://kindredhospitals.com/cms-hpt.txt,yes
452080,KINDRED HOSPITAL SUGAR LAND,SUGAR LAND,TX,Long-term,kindredhospitals.com,chain,100,Kindred Hospital Sugar Land,https://kindredhospitals.com/cms-hpt.txt,yes
452083,MID-JEFFERSON EXTENDED CARE HOSPITAL,BEAUMONT,TX,Long-term,midjeffextendedcare.com,osm,100,Mid-Jefferson Extended Care Hospital,https://midjeffextendedcare.com/cms-hpt.txt,yes
452090,PAM SPECIALTY HOSPITAL OF SAN ANTONIO,SAN ANTONIO,TX,Long-term,pamhealth.com,chain,97,Specialty Hospital of San Antonio,https://pamhealth.com/cms-hpt.txt,yes
452094,PAM SPECIALTY HOSPITAL OF VICTORIA NORTH,VICTORIA,TX,Long-term,pamhealth.com,osm,100,PAM Specialty Hospital of Victoria North,https://pamhealth.com/cms-hpt.txt,yes
452100,MESQUITE SPECIALTY HOSPITAL,MESQUITE,TX,Long-term,msh.ernesthealth.com,osm,100,"Mesquite Specialty Hospital, LP",https://msh.ernesthealth.com/cms-hpt.txt,yes
452105,BAYLOR SCOTT & WHITE CONTINUING CARE HOSPITAL,TEMPLE,TX,Long-term,bswhealth.com,osm,100,BAYLOR SCOTT & WHITE CONTINUING CARE HOSPITAL,https://bswhealth.com/cms-hpt.txt,yes
452106,WARM SPRINGS SPECIALTY HOSPITAL OF NEW BRAUNFELS,NEW BRAUNFELS,TX,Long-term,pamhealth.com,osm,87,PAM Specialty Hospital of New Braunfels,https://pamhealth.com/cms-hpt.txt,yes
452108,KINDRED HOSPITAL DALLAS CENTRAL,DALLAS,TX,Long-term,kindredhospitals.com,osm,100,Kindred Hospital Dallas Central,https://kindredhospitals.com/cms-hpt.txt,yes
452114,ATRIUM MEDICAL CENTER,STAFFORD,TX,Long-term,atriummedicalcenter.com,osm,100,ATRIUM MEDICAL CENTER,https://atriummedicalcenter.com/cms-hpt.txt,yes
452118,HOUSTON METHODIST CONTINUING CARE HOSPITAL,KATY,TX,Long-term,houstonmethodist.org,guess,100,Houston Methodist Continuing Care Hospital,https://houstonmethodist.org/cms-hpt.txt,yes
453029,ENCOMPASS HEALTH REHABILITATION HOSPITAL OF HUMBL,HUMBLE,TX,Inpatient Rehabilitation,encompasshealth.com,chain,99,Encompass Health Rehabilitation Hospital of Humble,https://encompasshealth.com/cms-hpt.txt,yes
453031,ENCOMPASS HEALTH REHABILITATION HOSPITAL OF SAN AN,SAN ANTONIO,TX,Inpatient Rehabilitation,encompasshealth.com,osm,96,Encompass Health Rehabilitation Hospital of San Antonio,https://encompasshealth.com/cms-hpt.txt,yes
453040,ENCOMPASS HEALTH REHABILITATION HOSPITAL OF ARLING,ARLINGTON,TX,Inpatient Rehabilitation,encompasshealth.com,chain,97,Encompass Health Rehabilitation Hospital of Arlington,https://encompasshealth.com/cms-hpt.txt,yes
453042,ENCOMPASS HEALTH REHABILITATION HOSPITAL OF CITY,FORT WORTH,TX,Inpatient Rehabilitation,encompasshealth.com,osm,97,Encompass Health Rehabilitation Hospital of City View,https://encompasshealth.com/cms-hpt.txt,yes
453047,ENCOMPASS HEALTH REHABILITATION HOSPITAL OF PLANO,PLANO,TX,Inpatient Rehabilitation,encompasshealth.com,chain,100,Encompass Health Rehabilitation Hospital of Plano,https://encompasshealth.com/cms-hpt.txt,yes
453048,PAM REHABILITATION HOSPITAL OF BEAUMONT,BEAUMONT,TX,Inpatient Rehabilitation,pamhealth.com,chain,100,PAM Rehabilitation Hospital of Beaumont,https://pamhealth.com/cms-hpt.txt,yes
453053,ENCOMPASS HEALTH REHABILITATION HOSPITAL OF TEXARK,TEXARKANA,TX,Inpatient Rehabilitation,encompasshealth.com,chain,97,Encompass Health Rehabilitation Hospital of Texarkana,https://encompasshealth.com/cms-hpt.txt,yes
453054,ENCOMPASS HEALTH REHABILITATION HOSPITAL OF WICH,WICHITA FALLS,TX,Inpatient Rehabilitation,encompasshealth.com,chain,96,Encompass Health Rehabilitation Hospital of Waco,https://encompasshealth.com/cms-hpt.txt,yes
453057,ENCOMPASS HEALTH REHABILITATION HOSPITAL OF MIDLAN,MIDLAND,TX,Inpatient Rehabilitation,encompasshealth.com,chain,95,Encompass Health Rehabilitation Hospital of Miami,https://encompasshealth.com/cms-hpt.txt,yes
453059,ENCOMPASS HEALTH REHABILITATION HOSP OF THE WOODLA,CONROE,TX,Inpatient Rehabilitation,encompasshealth.com,osm,92,Encompass Health Rehabilitation Hospital of The Woodlands,https://encompasshealth.com/cms-hpt.txt,yes
454026,WEST OAKS HOSPITAL,HOUSTON,TX,Psychiatric,westoakshospital.com,osm,100,West Oaks Hospital,https://westoakshospital.com/cms-hpt.txt,yes
454107,BEHAVIORAL HOSPITAL OF BELLAIRE,HOUSTON,TX,Psychiatric,bhbhospital.com,osm,100,Behavioral Hospital of Bellaire,https://bhbhospital.com/cms-hpt.txt,yes
454108,CYPRESS CREEK HOSPITAL,HOUSTON,TX,Psychiatric,cypresscreekhospital.com,osm,100,Cypress Creek Hospital,https://cypresscreekhospital.com/cms-hpt.txt,yes
454121,AUSTIN OAKS HOSPITAL,AUSTIN,TX,Psychiatric,austinoakshospital.com,osm,100,Austin Oaks Hospital,https://austinoakshospital.com/cms-hpt.txt,yes
454152,CANYON CREEK BEHAVIORAL HEALTH,TEMPLE,TX,Psychiatric,canyoncreekbh.com,osm,100,Canyon Creek Behavioral Health,https://canyoncreekbh.com/cms-hpt.txt,yes
670090,CRESCENT MEDICAL CENTER LANCASTER,LANCASTER,TX,Acute Care Hospitals,crescentregionalhospital.com,osm,54,Crescent Regional Hospital,https://crescentregionalhospital.com/cms-hpt.txt,yes
673025,PAM REHABILITATION HOSPITAL OF ALLEN,ALLEN,TX,Inpatient Rehabilitation,pamhealth.com,chain,100,PAM Rehabilitation Hospital of Allen,https://pamhealth.com/cms-hpt.txt,yes
673029,ENCOMPASS HEALTH REHABILITAITON HOSPITAL OF RICHAR,RICHARDSON,TX,Inpatient Rehabilitation,encompasshealth.com,chain,94,Encompass Health Rehabilitation Hospital of Richardson,https://encompasshealth.com/cms-hpt.txt,yes
673031,METHODIST REHABILITATION HOSPITAL,DALLAS,TX,Inpatient Rehabilitation,methodist-rehab.com,osm,100,Methodist Rehabilitation Hospital,https://methodist-rehab.com/cms-hpt.txt,yes
673032,ENCOMPASS HEALTH REHABILITATION HOSPITAL OF ROUND,ROUND ROCK,TX,Inpatient Rehabilitation,encompasshealth.com,osm,97,Encompass Health Rehabilitation Hospital of Round Rock,https://encompasshealth.com/cms-hpt.txt,yes
673034,ENCOMPASS HEALTH REHABILITATION HOSPITAL VISION PA,SHENANDOAH,TX,Inpatient Rehabilitation,encompasshealth.com,osm,98,Encompass Health Rehabilitation Hospital Vision Park,https://encompasshealth.com/cms-hpt.txt,yes
673038,MEMORIAL HERMANN REHABILITATION HOSPITAL KATY,KATY,TX,Inpatient Rehabilitation,memorialhermann.org,osm,100,Memorial Hermann Rehabilitation Hospital-Katy,https://memorialhermann.org/cms-hpt.txt,yes
673039,ENCOMPASS HEALTH REHABILITATION HOSPITAL OF ABILEN,ABILENE,TX,Inpatient Rehabilitation,encompasshealth.com,chain,99,Encompass Health Rehabilitation Hospital of Abilene,https://encompasshealth.com/cms-hpt.txt,yes
673042,ENCOMPASS HEALTH REHABILITATION HOSPITAL OF SUGAR,SUGAR LAND,TX,Inpatient Rehabilitation,encompasshealth.com,chain,97,Encompass Health Rehabilitation Hospital of Sugar Land,https://encompasshealth.com/cms-hpt.txt,yes
673043,ENCOMPASS HEALTH REHABILITATION HOSPITAL OF DALLAS,DALLAS,TX,Inpatient Rehabilitation,encompasshealth.com,chain,100,Encompass Health Rehabilitation Hospital of Dallas,https://encompasshealth.com/cms-hpt.txt,yes
673044,ENCOMPASS HEALTH REHABILITATION HOSPITAL OF THE MI,BEDFORD,TX,Inpatient Rehabilitation,encompasshealth.com,osm,97,Encompass Health Rehabilitation Hospital of Miami,https://encompasshealth.com/cms-hpt.txt,yes
673048,TEXAS REHABILITATION HOSPITAL,FORT WORTH,TX,Inpatient Rehabilitation,texasrehabhospital.com,osm,92,Texas Rehabilitation Hospital of Fort Worth,https://texasrehabhospital.com/cms-hpt.txt,yes
673049,NEW BRAUNFELS REGIONAL REHABILITATION HOSPITAL,NEW BRAUNFELS,TX,Inpatient Rehabilitation,nbrrh.ernesthealth.com,osm,100,"New Braunfels Regional Rehabilitation Hospital, Inc.",https://nbrrh.ernesthealth.com/cms-hpt.txt,yes
673050,ENCOMPASS HEALTH REHABILITATION HOSPITAL OF CYPRES,HOUSTON,TX,Inpatient Rehabilitation,encompasshealth.com,chain,99,Encompass Health Rehabilitation Hospital of Cypress,https://encompasshealth.com/cms-hpt.txt,yes
673052,ENCOMPASS HEALTH REHABILITATION HOSPITAL THE VINTA,HOUSTON,TX,Inpatient Rehabilitation,encompasshealth.com,chain,98,Encompass Health Rehabilitation Hospital The Vintage,https://encompasshealth.com/cms-hpt.txt,yes
673053,CORPUS CHRISTI REHABILITATION HOSPITAL,CORPUS CHRISTI,TX,Inpatient Rehabilitation,ccrh.ernesthealth.com,osm,100,"Corpus Christi Rehabilitation Hospital, LLC",https://ccrh.ernesthealth.com/cms-hpt.txt,yes
673054,ENCOMPASS HEALTH REHABILITATION HOSPITAL OF AUSTIN,AUSTIN,TX,Inpatient Rehabilitation,encompasshealth.com,chain,100,Encompass Health Rehabilitation Hospital of Austin,https://encompasshealth.com/cms-hpt.txt,yes
673056,PAM REHABILITATION HOSPITAL OF VICTORIA,VICTORIA,TX,Inpatient Rehabilitation,pamhealth.com,osm,100,PAM Rehabilitation Hospital of Victoria,https://pamhealth.com/cms-hpt.txt,yes
673057,PAM HEALTH REHABILIATION HOSPTIAL OF KYLE,KYLE,TX,Inpatient Rehabilitation,pamhealth.com,chain,87,PAM Health Rehabilitation Hospital of Ocoee,https://pamhealth.com/cms-hpt.txt,yes
673059,"LAREDO REHABILITATION HOSPITAL, LLC",LAREDO,TX,Inpatient Rehabilitation,lrh.ernesthealth.com,osm,100,"Laredo Rehabilitation Hospital, LLC",https://lrh.ernesthealth.com/cms-hpt.txt,yes
673061,PAM REHABILITATION HOSPITAL OF CLEAR LAKE,WEBSTER,TX,Inpatient Rehabilitation,pamhealth.com,osm,100,PAM Rehabilitation Hospital of Clear Lake,https://pamhealth.com/cms-hpt.txt,yes
673063,TRUSTPOINT REHAB HOSPITAL OF LUBBOCK,LUBBOCK,TX,Inpatient Rehabilitation,trhl.ernesthealth.com,osm,71,"Covenant Rehabilitation Hospital of Lubbock, LLC",https://trhl.ernesthealth.com/cms-hpt.txt,yes
673066,ENCOMPASS HEALTH REHABILITATION HOSPITAL OF PEARLA,PEARLAND,TX,Inpatient Rehabilitation,encompasshealth.com,osm,98,Encompass Health Rehabilitation Hospital of Pearland,https://encompasshealth.com/cms-hpt.txt,yes
673067,PAM REHABILITATION HOSPITAL OF CORPUS CHRISTI,CORPUS CHRISTI,TX,Inpatient Rehabilitation,ccrh.ernesthealth.com,osm,98,"Corpus Christi Rehabilitation Hospital, LLC",https://ccrh.ernesthealth.com/cms-hpt.txt,yes
673068,PAM HEALTH REHABILITATION HOSPITAL OF SUGAR LAND,SUGAR LAND,TX,Inpatient Rehabilitation,pamhealth.com,osm,100,PAM Health Rehabilitation Hospital of Sugar Land,https://pamhealth.com/cms-hpt.txt,yes
673069,PAM REHABILITATION HOSPITAL OF ROUND ROCK,ROUND ROCK,TX,Inpatient Rehabilitation,encompasshealth.com,osm,85,Encompass Health Rehabilitation Hospital of Round Rock,https://encompasshealth.com/cms-hpt.txt,yes
673071,ENCOMPASS HEALTH REHABILITATION HOSPITAL OF KATY,KATY,TX,Inpatient Rehabilitation,encompasshealth.com,chain,100,Encompass Health Rehabilitation Hospital of Katy,https://encompasshealth.com/cms-hpt.txt,yes
673072,PAM HEALTH REHAB HOSPITAL OF HOUSTON HEIGHTS,HOUSTON,TX,Inpatient Rehabilitation,pamhealth.com,chain,91,PAM Health Rehabilitation Hospital of Houston Heights,https://pamhealth.com/cms-hpt.txt,yes
673074,TEMPLE REHABILITATION HOSPITAL,TEMPLE,TX,Inpatient Rehabilitation,templerehabhospital.com,osm,100,Temple Rehabilitation Hospital,https://templerehabhospital.com/cms-hpt.txt,yes
673075,PAM HEALTH REHABILITATION HOSPITAL OF EL PASO,EL PASO,TX,Inpatient Rehabilitation,pamhealth.com,chain,100,PAM Health Rehabilitation Hospital of El Paso,https://pamhealth.com/cms-hpt.txt,yes
673076,CLEARSKY REHABILITATION HOSPITAL OF FLOWER MOUND,FLOWER MOUND,TX,Inpatient Rehabilitation,clearskyhealth.com,osm,100,ClearSky Rehabilitation Hospital of Flower Mound,https://clearskyhealth.com/cms-hpt.txt,yes
673078,"SHANNON REHABILITATION HOSPITAL, AN AFFILIATE OF E",SAN ANGELO,TX,Inpatient Rehabilitation,encompasshealth.com,osm,92,"Shannon Rehabilitation Hospital, an affiliate of Encompass Health",https://encompasshealth.com/cms-hpt.txt,yes
673079,ENCOMPASS HEALTH REHABILITATION HOSPITAL OF WACO,ROBINSON,TX,Inpatient Rehabilitation,encompasshealth.com,chain,100,Encompass Health Rehabilitation Hospital of Waco,https://encompasshealth.com/cms-hpt.txt,yes
673096,ENCOMPASS HEALTH REHABILITATION HOSPITAL OF PROSPE,PROSPER,TX,Inpatient Rehabilitation,encompasshealth.com,chain,99,Encompass Health Rehabilitation Hospital of Prosper,https://encompasshealth.com/cms-hpt.txt,yes
743030,ENCOMPASS HEALTH REHABILITATION OF HOUSTON AT THE,HOUSTON,TX,Inpatient Rehabilitation,encompasshealth.com,chain,88,Encompass Health Rehabilitation Hospital of Irmo,https://encompasshealth.com/cms-hpt.txt,yes
460009,UNIVERSITY OF UTAH HOSPITAL AND CLINICS,SALT LAKE CITY,UT,Acute Care Hospitals,healthcare.utah.edu,osm,93,University of Utah Hospital,https://healthcare.utah.edu/cms-hpt.txt,yes
460011,CASTLEVIEW HOSPITAL,PRICE,UT,Acute Care Hospitals,castleviewhospital.net,osm,100,Castleview Hospital,https://castleviewhospital.net/cms-hpt.txt,yes
460013,MOUNTAIN VIEW HOSPITAL,PAYSON,UT,Acute Care Hospitals,mountainstar.com,osm,100,MOUNTAIN VIEW HOSPITAL,https://mountainstar.com/cms-hpt.txt,yes
460021,ST. GEORGE REGIONAL HOSPITAL,ST GEORGE,UT,Acute Care Hospitals,intermountainhealthcare.org,osm,86,Intermountain Health St. George Regional Hospital,https://intermountainhealthcare.org/cms-hpt.txt,yes
460030,ASHLEY REGIONAL MEDICAL CENTER,VERNAL,UT,Acute Care Hospitals,ashleyregional.com,osm,100,Ashley Regional Medical Center,https://ashleyregional.com/cms-hpt.txt,yes
460039,BEAR RIVER VALLEY HOSPITAL,TREMONTON,UT,Acute Care Hospitals,intermountainhealthcare.org,osm,86,Intermountain Health Bear River Valley Hospital,https://intermountainhealthcare.org/cms-hpt.txt,yes
461305,MILFORD MEMORIAL HOSPITAL,MILFORD,UT,Critical Access Hospitals,milfordhospital.net,osm,100,Milford Memorial Hospital,https://milfordhospital.net/cms-hpt.txt,yes
461308,SAN JUAN HOSPITAL,MONTICELLO,UT,Critical Access Hospitals,sanjuanhealth.org,osm,75,San Juan Health,https://sanjuanhealth.org/cms-hpt.txt,yes
461309,KANE COUNTY HOSPITAL,KANAB,UT,Critical Access Hospitals,kchosp.net,osm,100,Kane County Hospital,https://kchosp.net/cms-hpt.txt,yes
461310,BLUE MOUNTAIN HOSPITAL,BLANDING,UT,Critical Access Hospitals,bluemountainhospital.org,guess,92,Blue Mountain Hospital District,https://bluemountainhospital.org/cms-hpt.txt,"no - same name in another state, check by hand"
461335,BEAVER VALLEY HOSPITAL,BEAVER,UT,Critical Access Hospitals,beaverhospital.net,osm,0,,https://beaverhospital.net/cms-hpt.txt,yes
462004,SALT LAKE SPECIALTY HOSPITAL,MURRAY,UT,Long-term,slspecialty.org,osm,93,Salt Lake Specialty Hospital Hospital,https://slspecialty.org/cms-hpt.txt,yes
463025,ENCOMPASS HEALTH REHABILITATION HOSPITAL OF UTAH,SANDY,UT,Inpatient Rehabilitation,encompasshealth.com,osm,100,Encompass Health Rehabilitation Hospital of Utah,https://encompasshealth.com/cms-hpt.txt,yes
463027,NORTHERN UTAH REHABILITATION HOSPITAL,SOUTH OGDEN,UT,Inpatient Rehabilitation,nurh.ernesthealth.com,osm,100,"Northern Utah Rehabilitation Hospital, LLC",https://nurh.ernesthealth.com/cms-hpt.txt,yes
463301,PRIMARY CHILDREN'S HOSPITAL,SALT LAKE CITY,UT,Childrens,intermountainhealthcare.org,osm,86,Intermountain Health Primary Children's Hospital,https://intermountainhealthcare.org/cms-hpt.txt,yes
464014,ASPEN GROVE BEHAVIORAL HOSPITAL,OREM,UT,Psychiatric,aspengrovehospital.com,guess,100,Aspen Grove Behavioral Hospital,https://aspengrovehospital.com/cms-hpt.txt,yes
490019,UVA HEALTH CULPEPER MEDICAL CENTER,CULPEPER,VA,Acute Care Hospitals,uvahealth.com,osm,100,UVA Health Culpeper Medical Center,https://uvahealth.com/cms-hpt.txt,yes
490023,FAUQUIER HOSPITAL,WARRENTON,VA,Acute Care Hospitals,fauquierhealth.org,osm,75,Fauquier Health,https://fauquierhealth.org/cms-hpt.txt,yes
490024,CARILION MEDICAL CENTER,ROANOKE,VA,Acute Care Hospitals,carilion.org,guess,87,Carilion New River Valley Medical Center,https://carilion.org/cms-hpt.txt,yes
490037,RIVERSIDE SHORE MEMORIAL HOSPITAL,ONANCOCK,VA,Acute Care Hospitals,riversideonline.com,osm,85,"Riverside Hospital, Inc.",https://riversideonline.com/cms-hpt.txt,yes
490045,UVA HEALTH PRINCE WILLIAM MEDICAL CENTER,MANASSAS,VA,Acute Care Hospitals,uvahealth.com,osm,100,UVA Health Prince William Medical Center,https://uvahealth.com/cms-hpt.txt,yes
490048,LEWISGALE MEDICAL CENTER,SALEM,VA,Acute Care Hospitals,hcavirginia.com,osm,100,LEWISGALE MEDICAL CENTER,https://hcavirginia.com/cms-hpt.txt,yes
490060,CLINCH VALLEY MEDICAL CENTER,RICHLANDS,VA,Acute Care Hospitals,clinchvalleyhealth.com,osm,75,Clinch Valley Health,https://clinchvalleyhealth.com/cms-hpt.txt,yes
490098,COMMUNITY MEMORIAL HOSPITAL,SOUTH HILL,VA,Acute Care Hospitals,vcuhealth.org,osm,97,VCU Community Memorial Hospital,https://vcuhealth.org/cms-hpt.txt,yes
490104,HIRAM W DAVIS MEDICAL CENTER,PETERSBURG,VA,Acute Care Hospitals,dbhds.virginia.gov,osm,100,Hiram W Davis Medical Center,https://dbhds.virginia.gov/cms-hpt.txt,yes
490107,RESTON HOSPITAL CENTER,RESTON,VA,Acute Care Hospitals,hcavirginia.com,osm,100,RESTON HOSPITAL CENTER,https://hcavirginia.com/cms-hpt.txt,yes
490110,LEWISGALE HOSPITAL MONTGOMERY,BLACKSBURG,VA,Acute Care Hospitals,hcavirginia.com,osm,100,LEWISGALE HOSPITAL-MONTGOMERY,https://hcavirginia.com/cms-hpt.txt,yes
490111,WYTHE COUNTY COMMUNITY HOSPITAL,WYTHEVILLE,VA,Acute Care Hospitals,wcch.org,osm,100,Wythe County Community Hospital,https://wcch.org/cms-hpt.txt,yes
490118,HENRICO DOCTORS' HOSPITAL,RICHMOND,VA,Acute Care Hospitals,hcavirginia.com,osm,100,HENRICO DOCTORS HOSPITAL,https://hcavirginia.com/cms-hpt.txt,yes
490126,LEWISGALE HOSPITAL ALLEGHANY,LOW MOOR,VA,Acute Care Hospitals,hcavirginia.com,osm,100,LEWISGALE HOSPITAL-ALLEGHANY,https://hcavirginia.com/cms-hpt.txt,yes
490130,RIVERSIDE WALTER REED HOSPITAL,GLOUCESTER,VA,Acute Care Hospitals,riversideonline.com,osm,88,"Riverside Hospital, Inc.",https://riversideonline.com/cms-hpt.txt,yes
490140,"STAFFORD HOSPITAL, LLC",STAFFORD,VA,Acute Care Hospitals,staffordcountyhospital.com,osm,91,STAFFORD COUNTY HOSPITAL,https://staffordcountyhospital.com/cms-hpt.txt,yes
490141,SPOTSYLVANIA REGIONAL MEDICAL CENTER,FREDERICKSBURG,VA,Acute Care Hospitals,hcavirginia.com,osm,100,SPOTSYLVANIA REGIONAL MEDICAL CENTER,https://hcavirginia.com/cms-hpt.txt,yes
490143,RIVERSIDE DOCTORS' HOSPITAL OF WILLIAMSBURG,WILLIAMSBURG,VA,Acute Care Hospitals,riversideonline.com,osm,93,Doctors' Hospital of Williamsburg,https://riversideonline.com/cms-hpt.txt,yes
490144,UVA HEALTH HAYMARKET MEDICAL CENTER,HAYMARKET,VA,Acute Care Hospitals,uvahealth.com,osm,100,UVA Health Haymarket Medical Center,https://uvahealth.com/cms-hpt.txt,yes
493028,ENCOMPASS HEALTH REHAB HOSPITAL OF RICHMOND,RICHMOND,VA,Inpatient Rehabilitation,encompasshealth.com,chain,91,Encompass Health Rehabilitation Hospital of Richmond,https://encompasshealth.com/cms-hpt.txt,yes
493029,UVA ENCOMPASS HEALTH REHABILITATION HOSPITAL,CHARLOTTESVILLE,VA,Inpatient Rehabilitation,encompasshealth.com,chain,100,UVA Encompass Health Rehabilitation Hospital,https://encompasshealth.com/cms-hpt.txt,yes
493031,ENCOMPASS HEALTH REHAB HOSPITAL OF PETERSBURG,PETERSBURG,VA,Inpatient Rehabilitation,encompasshealth.com,chain,91,Encompass Health Rehabilitation Hospital of Petersburg,https://encompasshealth.com/cms-hpt.txt,yes
493032,ENCOMPASS HEALTH REHAB HOSPITAL OF FREDERICKSBURG,FREDERICKSBURG,VA,Inpatient Rehabilitation,encompasshealth.com,osm,92,Encompass Health Rehabilitation Hospital of Fredericksburg,https://encompasshealth.com/cms-hpt.txt,yes
493033,ENCOMPASS HEALTH REHAB HOSPITAL OF NORTHERN VA,ALDIE,VA,Inpatient Rehabilitation,encompasshealth.com,osm,87,Encompass Health Rehabilitation Hospital of Northern Virginia,https://encompasshealth.com/cms-hpt.txt,yes
493036,SHELTERING ARMS INSTITUTE,RICHMOND,VA,Inpatient Rehabilitation,shelteringarmsinstitute.com,osm,100,Sheltering Arms Institute,https://shelteringarmsinstitute.com/cms-hpt.txt,yes
493300,CUMBERLAND HOSPITAL LLC,NEW KENT,VA,Childrens,cumberlandhospital.com,guess,100,Cumberland Hospital,https://cumberlandhospital.com/cms-hpt.txt,yes
494010,NORTHERN VIRGINIA MENTAL HEALTH INSTI,FALLS CHURCH,VA,Psychiatric,dbhds.virginia.gov,osm,95,Northern Virginia Mental Health Institute,https://dbhds.virginia.gov/cms-hpt.txt,yes
494017,SOUTHERN VIRGINIA MENTAL HEALTH INSTITUTE,DANVILLE,VA,Psychiatric,dbhds.virginia.gov,osm,100,Southern Virginia Mental Health Institute,https://dbhds.virginia.gov/cms-hpt.txt,yes
494021,WESTERN STATE HOSPITAL,STAUNTON,VA,Psychiatric,wsh.dbhds.virginia.gov,osm,100,Western State Hospital,https://wsh.dbhds.virginia.gov/cms-hpt.txt,yes
494022,POPLAR SPRINGS HOSPITAL,PETERSBURG,VA,Psychiatric,poplarsprings.com,guess,100,Poplar Springs Hospital,https://poplarsprings.com/cms-hpt.txt,yes
494033,CATAWBA HOSPITAL,CATAWBA,VA,Psychiatric,dbhds.virginia.gov,osm,100,Catawba Hospital,https://dbhds.virginia.gov/cms-hpt.txt,yes
471301,GIFFORD MEDICAL CENTER,RANDOLPH,VT,Critical Access Hospitals,giffordhealthcare.org,osm,100,Gifford Medical Center,https://giffordhealthcare.org/cms-hpt.txt,yes
471302,MT ASCUTNEY HOSPITAL,WINDSOR,VT,Critical Access Hospitals,mtascutneyhospital.org,osm,87,Mt. Ascutney Hospital and Health Center,https://mtascutneyhospital.org/cms-hpt.txt,yes
471304,NORTH COUNTRY HOSPITAL AND HEALTH CENTER,NEWPORT,VT,Critical Access Hospitals,northcountryhospital.org,osm,100,North Country Hospital and Health Center Inc,https://northcountryhospital.org/cms-hpt.txt,yes
471306,SPRINGFIELD HOSPITAL,SPRINGFIELD,VT,Critical Access Hospitals,mercy.net,osm,93,Mercy Hospital Springfield,https://mercy.net/cms-hpt.txt,yes
500027,SWEDISH MEDICAL CENTER,SEATTLE,WA,Acute Care Hospitals,swedish.org,osm,89,Swedish Medical Center Cherry Hill,https://swedish.org/cms-hpt.txt,yes
500030,PEACEHEALTH ST JOSEPH MEDICAL CENTER,BELLINGHAM,WA,Acute Care Hospitals,peacehealth.org,osm,100,PeaceHealth St. Joseph Medical Center,https://peacehealth.org/cms-hpt.txt,yes
500033,SAMARITAN HOSPITAL,MOSES LAKE,WA,Acute Care Hospitals,samaritanhealthcare.com,osm,77,Grant County Public Hospital District 1 dba Samaritan,https://samaritanhealthcare.com/cms-hpt.txt,yes
500041,PEACEHEALTH ST JOHN MEDICAL CENTER,LONGVIEW,WA,Acute Care Hospitals,peacehealth.org,osm,100,PeaceHealth St. John Medical Center,https://peacehealth.org/cms-hpt.txt,yes
500044,DEACONESS MEDICAL CENTER,SPOKANE,WA,Acute Care Hospitals,deaconess.com,guess,92,Deaconess Illinois Medical Center,https://deaconess.com/cms-hpt.txt,yes
500050,PEACEHEALTH SOUTHWEST MEDICAL CENTE,VANCOUVER,WA,Acute Care Hospitals,peacehealth.org,osm,99,PeaceHealth Southwest Medical Center,https://peacehealth.org/cms-hpt.txt,yes
500051,OVERLAKE HOSPITAL MEDICAL CENTER & CLINICS,BELLEVUE,WA,Acute Care Hospitals,overlakehospital.org,osm,94,Overlake Hospital Medical Center,https://overlakehospital.org/cms-hpt.txt,yes
500053,TRIOS HEALTH,KENNEWICK,WA,Acute Care Hospitals,trioshealth.org,guess,100,Trios Health,https://trioshealth.org/cms-hpt.txt,yes
500088,VALLEY MEDICAL CENTER,RENTON,WA,Acute Care Hospitals,valleymed.org,osm,72,"Public Hospital District No. 1 of King County, Washington dba Valley Medical Center",https://valleymed.org/cms-hpt.txt,yes
500139,CAPITAL MEDICAL CENTER,OLYMPIA,WA,Acute Care Hospitals,multicare.org,osm,91,MultiCare Capital Medical Center,https://multicare.org/cms-hpt.txt,yes
500141,ST FRANCIS COMMUNITY HOSPITAL,FEDERAL WAY,WA,Acute Care Hospitals,chifranciscan.org,osm,90,St. Francis Hospital,https://chifranciscan.org/cms-hpt.txt,yes
501302,DAYTON GENERAL HOSPITAL,DAYTON,WA,Critical Access Hospitals,cchd-wa.org,osm,100,Dayton General Hospital,https://cchd-wa.org/cms-hpt.txt,yes
501304,SUMMIT PACIFIC MEDICAL CENTER,ELMA,WA,Critical Access Hospitals,summitpacificmedicalcenter.org,osm,100,SUMMIT PACIFIC MEDICAL CENTER,https://summitpacificmedicalcenter.org/cms-hpt.txt,yes
501305,LINCOLN HOSPITAL,DAVENPORT,WA,Critical Access Hospitals,lincolnhospital.org,osm,90,Lincoln Hospital & Clinics,https://lincolnhospital.org/cms-hpt.txt,yes
501312,PROSSER MEMORIAL HOSPITAL,PROSSER,WA,Critical Access Hospitals,prosserhealth.org,osm,100,Prosser Memorial Hospital,https://prosserhealth.org/cms-hpt.txt,yes
501313,CASCADE MEDICAL CENTER,LEAVENWORTH,WA,Critical Access Hospitals,cascademedical.org,osm,37,Chelan County Public Hospital District No 1,https://cascademedical.org/cms-hpt.txt,yes
501316,KLICKITAT VALLEY HOSPITAL,GOLDENDALE,WA,Critical Access Hospitals,kvhealth.net,osm,70,Klickitat County Public Hospital District No 1,https://kvhealth.net/cms-hpt.txt,yes
501319,ARBOR HEALTH MORTON HOSPITAL,MORTON,WA,Critical Access Hospitals,myarborhealth.org,osm,100,Arbor Health Morton Hospital,https://myarborhealth.org/cms-hpt.txt,yes
501320,QUINCY VALLEY MEDICAL CENTER,QUINCY,WA,Critical Access Hospitals,quincyhospital.org,osm,39,Grant County Public Hospital District #2,https://quincyhospital.org/cms-hpt.txt,yes
501323,JEFFERSON HEALTHCARE,PORT TOWNSEND,WA,Critical Access Hospitals,jeffersonhealthcare.org,osm,51,JEFFERSON COUNTY PUBLIC HOSPITAL DISTRICT NO 2,https://jeffersonhealthcare.org/cms-hpt.txt,yes
501328,MID VALLEY HOSPITAL & CLINIC,OMAK,WA,Critical Access Hospitals,mvhealth.org,osm,92,Mid-Valley Hospital,https://mvhealth.org/cms-hpt.txt,yes
501329,PEACEHEALTH UNITED GENERAL MEDICAL CENTER,SEDRO WOOLLEY,WA,Critical Access Hospitals,peacehealth.org,osm,100,PeaceHealth United General Medical Center,https://peacehealth.org/cms-hpt.txt,yes
501330,ASTRIA SUNNYSIDE HOSPITAL,SUNNYSIDE,WA,Critical Access Hospitals,astria.health,osm,100,Astria Sunnyside Hospital,https://astria.health/cms-hpt.txt,yes
501331,PULLMAN REGIONAL HOSPITAL,PULLMAN,WA,Critical Access Hospitals,pullmanregional.org,osm,47,Public Hospital District #1-A of Whitman County,https://pullmanregional.org/cms-hpt.txt,yes
501332,TRI-STATE MEMORIAL HOSPITAL,CLARKSTON,WA,Critical Access Hospitals,tsh.org,osm,52,TriState Health,https://tsh.org/cms-hpt.txt,yes
501333,KITTITAS VALLEY COMMUNITY HOSPITAL,ELLENSBURG,WA,Critical Access Hospitals,kvhealthcare.org,osm,68,Kittitas Valley Healthcare,https://kvhealthcare.org/cms-hpt.txt,yes
501335,ST ELIZABETH HOSPITAL,ENUMCLAW,WA,Critical Access Hospitals,chifranciscan.org,osm,100,St. Elizabeth Hospital,https://chifranciscan.org/cms-hpt.txt,yes
501338,SNOQUALMIE VALLEY HOSPITAL,SNOQUALMIE,WA,Critical Access Hospitals,snoqualmiehospital.org,osm,84,Snoqualmie Valley Health,https://snoqualmiehospital.org/cms-hpt.txt,yes
501339,WHIDBEYHEALTH MEDICAL CENTER,COUPEVILLE,WA,Critical Access Hospitals,whidbeyhealth.org,osm,31,"Whidbey Island Public Hospital District,101 North Main Street Coupeville WA 98239",https://whidbeyhealth.org/cms-hpt.txt,yes
501340,PEACEHEALTH PEACE ISLAND MEDICAL CENTER,FRIDAY HARBOR,WA,Critical Access Hospitals,peacehealth.org,osm,100,PeaceHealth Peace Island Medical Center,https://peacehealth.org/cms-hpt.txt,yes
502002,KINDRED HOSPITAL-SEATTLE,SEATTLE,WA,Long-term,kindredhospitals.com,chain,91,Kindred Hospital Seattle - First Hill,https://kindredhospitals.com/cms-hpt.txt,yes
503027,PROVIDENCE SWEDISH REHABILITATION HOSPITAL,LYNNWOOD,WA,Inpatient Rehabilitation,providenceswedishrehabhospital.com,osm,100,Providence Swedish Rehabilitation Hospital,https://providenceswedishrehabhospital.com/cms-hpt.txt,yes
503300,SEATTLE CHILDREN'S HOSPITAL,SEATTLE,WA,Childrens,seattlechildrens.org,osm,90,Seattle Children's,https://seattlechildrens.org/cms-hpt.txt,yes
504002,BHC FAIRFAX HOSPITAL,KIRKLAND,WA,Psychiatric,fairfaxhospital.com,osm,94,Fairfax Hospital,https://fairfaxhospital.com/cms-hpt.txt,yes
504012,SMOKEY POINT BEHAVIORAL HOSPITAL,MARYSVILLE,WA,Psychiatric,smokeypointbehavioralhospital.com,osm,100,Smokey Point Behavioral Hospital,https://smokeypointbehavioralhospital.com/cms-hpt.txt,yes
504016,WELLFOUND BEHAVIORAL HEALTH HOSPITAL,TACOMA,WA,Psychiatric,wellfound.org,guess,100,Wellfound Behavioral Health Hospital,https://wellfound.org/cms-hpt.txt,yes
520002,"ASPIRUS STEVENS POINT HOSPITAL & CLINICS, INC.",STEVENS POINT,WI,Acute Care Hospitals,aspirus.org,osm,94,Aspirus Stevens Point Hospital,https://www.aspirus.org/cms-hpt.txt,yes
520011,MARSHFIELD MEDICAL CENTER - RICE LAKE,RICE LAKE,WI,Acute Care Hospitals,marshfieldclinic.org,osm,94,Marshfield Medical Center Rice Lake Hospital,https://marshfieldclinic.org/cms-hpt.txt,yes
520037,MARSHFIELD MEDICAL CENTER,MARSHFIELD,WI,Acute Care Hospitals,marshfieldclinic.org,osm,92,Marshfield Medical Center Hospital,https://marshfieldclinic.org/cms-hpt.txt,yes
520071,FORT MEMORIAL HOSPITAL,FORT ATKINSON,WI,Acute Care Hospitals,forthealthcare.com,osm,49,Fort HealthCare,https://forthealthcare.com/cms-hpt.txt,yes
520107,HOLY FAMILY MEMORIAL,MANITOWOC,WI,Acute Care Hospitals,hfmhealth.org,osm,84,Froedtert Holy Family Memorial Hospital,https://hfmhealth.org/cms-hpt.txt,yes
520138,AURORA ST LUKES MEDICAL CENTER,MILWAUKEE,WI,Acute Care Hospitals,aurorahealthcare.org,osm,85,Aurora St. Luke's Medical Center of Aurora Health Care Metro,https://aurorahealthcare.org/cms-hpt.txt,yes
520139,WEST ALLIS MEMORIAL HOSPITAL,WEST ALLIS,WI,Acute Care Hospitals,rogersbh.org,osm,94,Rogers Memorial Hospital West Allis,https://rogersbh.org/cms-hpt.txt,yes
520196,OAKLEAF SURGICAL HOSPITAL,ALTOONA,WI,Acute Care Hospitals,oakleafsurgical.com,osm,100,Oakleaf Surgical Hospital,https://oakleafsurgical.com/cms-hpt.txt,yes
520202,MARSHFIELD MEDICAL CENTER - WESTON,WESTON,WI,Acute Care Hospitals,marshfieldclinic.org,osm,94,Marshfield Medical Center Weston Hospital,https://marshfieldclinic.org/cms-hpt.txt,yes
520212,MARSHFIELD MEDICAL CENTER - MINOCQUA,MINOCQUA,WI,Acute Care Hospitals,marshfieldclinic.org,osm,94,Marshfield Medical Center Minocqua Hospital,https://marshfieldclinic.org/cms-hpt.txt,yes
521316,GUNDERSEN TRI-COUNTY HOSPITAL & CLINICS,WHITEHALL,WI,Critical Access Hospitals,gundersenhealth.org,osm,86,Gundersen TriCounty Hospital and Clinics,https://gundersenhealth.org/cms-hpt.txt,yes
521320,TOMAH MEMORIAL HOSPITAL,TOMAH,WI,Critical Access Hospitals,tomahhospital.org,guess,100,TOMAH MEMORIAL HOSPITAL,https://tomahhospital.org/cms-hpt.txt,yes
521322,GRANT REGIONAL HEALTH CENTER,LANCASTER,WI,Critical Access Hospitals,grantregional.com,osm,100,Grant Regional Health Center Inc,https://grantregional.com/cms-hpt.txt,yes
521324,"ASPIRUS MEDFORD HOSPITAL & CLINICS, INC",MEDFORD,WI,Critical Access Hospitals,aspirus.org,osm,93,Aspirus Medford Hospital,https://www.aspirus.org/cms-hpt.txt,yes
521327,WAUPUN MEMORIAL HOSPITAL,WAUPUN,WI,Critical Access Hospitals,ssmhealth.com,osm,91,SSM Health Waupun Memorial Hospital,https://ssmhealth.com/cms-hpt.txt,yes
521329,ST MARYS HOSPITAL SUPERIOR,SUPERIOR,WI,Critical Access Hospitals,essentiahealth.org,osm,88,Essentia Health St. Mary's Hospital-Superior,https://essentiahealth.org/cms-hpt.txt,yes
521333,BLACK RIVER MEMORIAL HOSPITAL,BLACK RIVER FALLS,WI,Critical Access Hospitals,blackriverhealth.com,osm,100,Black River Memorial Hospital,https://blackriverhealth.com/cms-hpt.txt,yes
521335,HUDSON HOSPITAL,HUDSON,WI,Critical Access Hospitals,hudsonhospital.org,osm,100,Hudson Hospital,https://hudsonhospital.org/cms-hpt.txt,yes
521336,TAMARACK HEALTH HAYWARD MEDICAL CENTER,HAYWARD,WI,Critical Access Hospitals,tamarackhealth.org,osm,100,Tamarack Health Hayward Medical Center,https://tamarackhealth.org/cms-hpt.txt,yes
521338,COLUMBUS COMMUNITY HOSPITAL,COLUMBUS,WI,Critical Access Hospitals,columbushosp.org,osm,100,Columbus Community Hospital,https://columbushosp.org/cms-hpt.txt,yes
521342,INDIANHEAD MEDICAL CTR,SHELL LAKE,WI,Critical Access Hospitals,indianheadmedicalcenter.com,osm,83,Indianhead Medical Center Shell Lake Inc.,https://indianheadmedicalcenter.com/cms-hpt.txt,yes
521345,WESTFIELDS HOSPITAL AND CLINIC,NEW RICHMOND,WI,Critical Access Hospitals,westfieldshospital.com,osm,92,Westfields Hospital,https://westfieldshospital.com/cms-hpt.txt,yes
521347,WESTERN WISCONSIN HEALTH,BALDWIN,WI,Critical Access Hospitals,wwhealth.org,osm,43,Baldwin Area Medical Center,https://wwhealth.org/cms-hpt.txt,yes
521348,VERNON MEMORIAL HOSPITAL,VIROQUA,WI,Critical Access Hospitals,vmh.org,osm,0,,https://vmh.org/cms-hpt.txt,yes
521350,LANGLADE HOSPITAL,ANTIGO,WI,Critical Access Hospitals,aspirus.org,osm,90,Aspirus Langlade Hospital,https://www.aspirus.org/cms-hpt.txt,yes
521351,REEDSBURG AREA MEDICAL CENTER,REEDSBURG,WI,Critical Access Hospitals,ramchealth.com,osm,100,Reedsburg Area Medical Center,https://ramchealth.com/cms-hpt.txt,yes
521353,CUMBERLAND MEMORIAL HOSPITAL,CUMBERLAND,WI,Critical Access Hospitals,cumberlandhospital.com,guess,90,Cumberland Hospital,https://cumberlandhospital.com/cms-hpt.txt,yes
521354,SOUTHWEST HEALTH CENTER,PLATTEVILLE,WI,Critical Access Hospitals,southwesthealth.org,osm,100,Southwest Health Center Inc,https://southwesthealth.org/cms-hpt.txt,yes
521357,MERCY WALWORTH HOSPITAL & MEDICAL CENTER,LAKE GENEVA,WI,Critical Access Hospitals,mercyhealthsystem.org,osm,93,Mercyhealth Hospital & Medical Center - Walworth,https://mercyhealthsystem.org/cms-hpt.txt,yes
521358,DOOR COUNTY MEDICAL CENTER,STURGEON BAY,WI,Critical Access Hospitals,dcmedical.org,osm,100,Door County Medical Center,https://dcmedical.org/cms-hpt.txt,yes
521359,TAMARACK HEALTH ASHLAND MEDICAL CENTER,ASHLAND,WI,Critical Access Hospitals,tamarackhealth.org,osm,100,Tamarack Health Ashland Medical Center,https://tamarackhealth.org/cms-hpt.txt,yes
522005,LAKEVIEW SPECIALTY HOSPITAL & REHAB CENTER,WATERFORD,WI,Long-term,lakeviewsystem.com,osm,61,Lakeview Neurorehab Center Midwest,https://lakeviewsystem.com/cms-hpt.txt,yes
523027,REHABILITATION HOSPITAL OF WISCONSIN,WAUKESHA,WI,Inpatient Rehabilitation,rehabhospitalwi.com,osm,100,Rehabilitation Hospital of Wisconsin,https://rehabhospitalwi.com/cms-hpt.txt,yes
523033,ENCOMPASS HEALTH REHABILITATION HSPTL OF FITCHBURG,FITCHBURG,WI,Inpatient Rehabilitation,encompasshealth.com,chain,97,Encompass Health Rehabilitation Hospital of Fitchburg,https://encompasshealth.com/cms-hpt.txt,yes
523034,PAM HEALTH REHABILITATION HOSPITAL OF WAUSAU,WAUSAU,WI,Inpatient Rehabilitation,pamhealth.com,chain,100,PAM Health Rehabilitation Hospital of Wausau,https://pamhealth.com/cms-hpt.txt,yes
524018,ROGERS MEMORIAL HOSPITAL,OCONOMOWOC,WI,Psychiatric,rogersbh.org,osm,91,Rogers Memorial Hospital Oconomowoc,https://rogersbh.org/cms-hpt.txt,yes
524019,NORWOOD HEALTH CENTER,MARSHFIELD,WI,Psychiatric,co.wood.wi.us,osm,100,Norwood Health Center,https://co.wood.wi.us/cms-hpt.txt,yes
524041,"SBH Green Bay, LLC d/b/a WILLOW CREEK BEHAVIORAL HEALTH",GREEN BAY,WI,Psychiatric,willowcreekbh.com,osm,71,"SBH-Green Bay, LLC",https://willowcreekbh.com/cms-hpt.txt,yes
524043,GRANITE HILLS HOSPITAL,WEST ALLIS,WI,Psychiatric,granitehillshospital.com,guess,100,Granite Hills Hospital,https://granitehillshospital.com/cms-hpt.txt,yes
510002,"CAMC GREENBRIER VALLEY MEDICAL CENTER, INC",RONCEVERTE,WV,Acute Care Hospitals,camc.org,osm,96,Greenbrier Valley Medical Center,https://camc.org/cms-hpt.txt,yes
510007,ST MARYS MEDICAL CENTER,HUNTINGTON,WV,Acute Care Hospitals,st-marys.org,osm,100,St. Mary's Medical Center,https://st-marys.org/cms-hpt.txt,yes
510023,"WEIRTON MEDICAL CENTER, INC",WEIRTON,WV,Acute Care Hospitals,wvumedicine.org,osm,100,Weirton Medical Center,https://wvumedicine.org/cms-hpt.txt,yes
510024,MON HEALTH MEDICAL CENTER,MORGANTOWN,WV,Acute Care Hospitals,monhealth.com,guess,100,Mon Health Medical Center,https://monhealth.com/cms-hpt.txt,yes
510038,STONEWALL JACKSON MEMORIAL HOSPITAL COMPANY,WESTON,WV,Acute Care Hospitals,monhealth.com,osm,88,Stonewall Jackson Hospital,https://monhealth.com/cms-hpt.txt,yes
510046,PRINCETON COMMUNITY HOSPITAL ASSN INC,PRINCETON,WV,Acute Care Hospitals,wvumedicine.org,osm,96,Princeton Community Hospital,https://wvumedicine.org/cms-hpt.txt,yes
510048,LOGAN REGIONAL MEDICAL CENTER,LOGAN,WV,Acute Care Hospitals,loganregionalmedicalcenter.com,osm,100,Logan Regional Medical Center,https://loganregionalmedicalcenter.com/cms-hpt.txt,yes
510070,RALEIGH GENERAL HOSPITAL,BECKLEY,WV,Acute Care Hospitals,raleighgeneral.com,osm,100,Raleigh General Hospital,https://raleighgeneral.com/cms-hpt.txt,yes
510094,WILLIAMSON MEMORIAL INC,WILLIAMSON,WV,Acute Care Hospitals,williamsonmemorial.net,osm,100,Williamson Memorial,https://williamsonmemorial.net/cms-hpt.txt,yes
511303,MINNIE HAMILTON HEALTH SYSTEM,GRANTSVILLE,WV,Critical Access Hospitals,mhhs.healthcare,osm,100,Minnie Hamilton Health System,https://mhhs.healthcare/cms-hpt.txt,yes
511312,PRESTON MEMORIAL HOSPITAL,KINGWOOD,WV,Critical Access Hospitals,monhealth.com,osm,91,Mon Health Preston Memorial Hospital,https://monhealth.com/cms-hpt.txt,yes
511317,"CAMC PLATEAU MEDICAL CENTER, INC",OAK HILL,WV,Critical Access Hospitals,camc.org,osm,95,Plateau Medical Center,https://camc.org/cms-hpt.txt,yes
511318,MONTGOMERY GENERAL HOSPITAL,MONTGOMERY,WV,Critical Access Hospitals,mghwv.com,osm,100,Montgomery General Hospital,https://mghwv.com/cms-hpt.txt,yes
511321,"ST JOSEPH'S HOSPITAL OF BUCKHANNON, INC",BUCKHANNON,WV,Critical Access Hospitals,wvumedicine.org,osm,89,St. Joseph's Hospital,https://wvumedicine.org/cms-hpt.txt,yes
513026,ENCOMPASS HEALTH REHAB HOSPITAL OF PRINCETON,PRINCETON,WV,Inpatient Rehabilitation,encompasshealth.com,chain,91,Encompass Health Rehabilitation Hospital of Princeton,https://encompasshealth.com/cms-hpt.txt,yes
513027,ENCOMPASS HEALTH REHAB HOSPITAL OF PARKERSBURG,PARKERSBURG,WV,Inpatient Rehabilitation,encompasshealth.com,osm,92,Encompass Health Rehabilitation Hospital of Parkersburg,https://encompasshealth.com/cms-hpt.txt,yes
513028,ENCOMPASS HEALTH REHAB HOSPITAL OF HUNTINGTON,HUNTINGTON,WV,Inpatient Rehabilitation,encompasshealth.com,osm,91,Encompass Health Rehabilitation Hospital of Huntington,https://encompasshealth.com/cms-hpt.txt,yes
513030,ENCOMPASS HEALTH REHAB HOSPITAL OF MORGANTOWN,MORGANTOWN,WV,Inpatient Rehabilitation,encompasshealth.com,osm,91,Encompass Health Rehabilitation Hospital of Morgantown,https://encompasshealth.com/cms-hpt.txt,yes
514001,HIGHLAND HOSPITAL,CHARLESTON,WV,Psychiatric,highlandhosp.com,osm,34,"Summit BHC West Virginia, LLC",https://highlandhosp.com/cms-hpt.txt,yes
530025,IVINSON MEMORIAL HOSPITAL,LARAMIE,WY,Acute Care Hospitals,ivinsonhospital.org,osm,100,Ivinson Memorial Hospital,https://ivinsonhospital.org/cms-hpt.txt,yes
530034,SUMMIT MEDICAL CENTER,CASPER,WY,Acute Care Hospitals,summitmedicalcasper.com,osm,100,Summit Medical Center,https://summitmedicalcasper.com/cms-hpt.txt,yes
531303,WESTON COUNTY HEALTH SERVICES,NEWCASTLE,WY,Critical Access Hospitals,wchs-wy.org,osm,100,Weston County Health Services,https://wchs-wy.org/cms-hpt.txt,yes
531304,HOT SPRINGS COUNTY MEMORIAL HOSPITAL,THERMOPOLIS,WY,Critical Access Hospitals,hotspringshealth.com,osm,100,HOT SPRINGS COUNTY MEMORIAL HOSPITAL,https://hotspringshealth.com/cms-hpt.txt,yes
531309,NORTH BIG HORN HOSPITAL DISTRICT,LOVELL,WY,Critical Access Hospitals,nbhh.com,osm,100,North Big Horn Hospital District,https://nbhh.com/cms-hpt.txt,yes
531310,POWELL VALLEY HOSPITAL,POWELL,WY,Critical Access Hospitals,pvhc.org,osm,74,POWELL VALLEY HEALTHCARE INC,https://pvhc.org/cms-hpt.txt,yes
531316,MEMORIAL HOSPITAL OF CARBON COUNTY,RAWLINS,WY,Critical Access Hospitals,imhcc.com,osm,100,Memorial Hospital of Carbon County,https://imhcc.com/cms-hpt.txt,yes
531318,MEMORIAL HOSPITAL SWEETWATER COUNTY,ROCK SPRINGS,WY,Critical Access Hospitals,sweetwatermemorial.com,osm,100,Memorial Hospital of Sweetwater County,https://www.sweetwatermemorial.com/cms-hpt.txt,yes
533027,ELKHORN VALLEY REHABILITATION HOSPITAL LLC,CASPER,WY,Inpatient Rehabilitation,evrh.ernesthealth.com,osm,100,"Elkhorn Valley Rehabilitation Hospital, LLC",https://evrh.ernesthealth.com/cms-hpt.txt,yes
534004,WYOMING BEHAVIORAL INSTITUTE,CASPER,WY,Psychiatric,wbihelp.com,osm,100,Wyoming Behavioral Institute,https://wbihelp.com/cms-hpt.txt,yes
